="",="(1)",="(2)",="(3)",="(4)",="(5)",="(6)",="(7)",="(8)",="(9)",="(10)",="(11)",="(12)",="(13)",="(14)",="(15)",="(16)",="(17)",="(18)",="(19)",="(20)",="(21)",="(22)",="(23)",="(24)",="(25)",="(26)",="(27)",="(28)",="(29)",="(30)",="(31)",="(32)",="(33)",="(34)",="(35)",="(36)",="(37)",="(38)",="(39)",="(40)",="(41)",="(42)",="(43)",="(44)",="(45)",="(46)",="(47)",="(48)",="(49)",="(50)",="(51)",="(52)",="(53)",="(54)",="(55)",="(56)",="(57)",="(58)",="(59)",="(60)",="(61)",="(62)",="(63)",="(64)",="(65)",="(66)",="(67)",="(68)",="(69)",="(70)",="(71)",="(72)",="(73)",="(74)",="(75)",="(76)",="(77)",="(78)",="(79)",="(80)",="(81)",="(82)",="(83)",="(84)",="(85)",="(86)",="(87)",="(88)",="(89)",="(90)",="(91)",="(92)",="(93)",="(94)",="(95)",="(96)",="(97)",="(98)",="(99)",="(100)",="(101)",="(102)",="(103)",="(104)",="(105)",="(106)",="(107)",="(108)",="(109)",="(110)",="(111)",="(112)",="(113)",="(114)",="(115)",="(116)",="(117)",="(118)",="(119)",="(120)",="(121)",="(122)",="(123)",="(124)",="(125)",="(126)",="(127)",="(128)",="(129)",="(130)",="(131)",="(132)",="(133)",="(134)",="(135)",="(136)",="(137)",="(138)",="(139)",="(140)",="(141)",="(142)",="(143)",="(144)",="(145)",="(146)",="(147)",="(148)",="(149)",="(150)",="(151)",="(152)",="(153)",="(154)",="(155)",="(156)",="(157)",="(158)",="(159)",="(160)",="(161)",="(162)",="(163)",="(164)",="(165)",="(166)",="(167)",="(168)",="(169)",="(170)",="(171)",="(172)",="(173)",="(174)",="(175)",="(176)",="(177)",="(178)",="(179)",="(180)",="(181)",="(182)",="(183)",="(184)",="(185)",="(186)",="(187)",="(188)",="(189)",="(190)",="(191)",="(192)",="(193)",="(194)",="(195)",="(196)",="(197)",="(198)",="(199)",="(200)",="(201)",="(202)",="(203)",="(204)",="(205)",="(206)",="(207)",="(208)",="(209)",="(210)",="(211)",="(212)",="(213)",="(214)",="(215)",="(216)",="(217)",="(218)",="(219)",="(220)",="(221)",="(222)",="(223)",="(224)",="(225)",="(226)",="(227)",="(228)",="(229)",="(230)",="(231)",="(232)",="(233)",="(234)",="(235)",="(236)",="(237)",="(238)",="(239)",="(240)",="(241)",="(242)",="(243)",="(244)",="(245)",="(246)",="(247)",="(248)",="(249)",="(250)",="(251)",="(252)",="(253)",="(254)",="(255)",="(256)",="(257)",="(258)",="(259)",="(260)",="(261)",="(262)",="(263)",="(264)",="(265)",="(266)",="(267)",="(268)",="(269)",="(270)",="(271)",="(272)",="(273)",="(274)",="(275)",="(276)",="(277)",="(278)",="(279)",="(280)",="(281)",="(282)",="(283)",="(284)",="(285)",="(286)",="(287)",="(288)",="(289)",="(290)",="(291)",="(292)"
="",="n_startpop_5564",="n_startpop_6574",="n_startpop_7584",="n_startpop_85p",="n_startpop_all",="n_startpop_blk",="n_startpop_college",="n_startpop_f",="n_startpop_his",="n_startpop_his_f",="n_startpop_hsless",="n_startpop_m",="n_startpop_wht",="p_cogstate1_5564",="p_cogstate1_6574",="p_cogstate1_7584",="p_cogstate1_85p",="p_cogstate1_all",="p_cogstate1_blk",="p_cogstate1_college",="p_cogstate1_f",="p_cogstate1_his",="p_cogstate1_his_f",="p_cogstate1_hsless",="p_cogstate1_m",="p_cogstate1_wht",="n_cogstate1_5564",="n_cogstate1_6574",="n_cogstate1_7584",="n_cogstate1_85p",="n_cogstate1_all",="n_cogstate1_blk",="n_cogstate1_college",="n_cogstate1_f",="n_cogstate1_his",="n_cogstate1_his_f",="n_cogstate1_hsless",="n_cogstate1_m",="n_cogstate1_wht",="p_cogstate2_5564",="p_cogstate2_6574",="p_cogstate2_7584",="p_cogstate2_85p",="p_cogstate2_all",="p_cogstate2_blk",="p_cogstate2_college",="p_cogstate2_f",="p_cogstate2_his",="p_cogstate2_his_f",="p_cogstate2_hsless",="p_cogstate2_m",="p_cogstate2_wht",="n_cogstate2_5564",="n_cogstate2_6574",="n_cogstate2_7584",="n_cogstate2_85p",="n_cogstate2_all",="n_cogstate2_blk",="n_cogstate2_college",="n_cogstate2_f",="n_cogstate2_his",="n_cogstate2_his_f",="n_cogstate2_hsless",="n_cogstate2_m",="n_cogstate2_wht",="n_nhmliv_5564",="n_nhmliv_6574",="n_nhmliv_7584",="n_nhmliv_85p",="n_nhmliv_all",="n_nhmliv_blk",="n_nhmliv_college",="n_nhmliv_f",="n_nhmliv_his",="n_nhmliv_his_f",="n_nhmliv_hsless",="n_nhmliv_m",="n_nhmliv_wht",="p_nhmliv_5564",="p_nhmliv_6574",="p_nhmliv_7584",="p_nhmliv_85p",="p_nhmliv_all",="p_nhmliv_blk",="p_nhmliv_college",="p_nhmliv_f",="p_nhmliv_his",="p_nhmliv_his_f",="p_nhmliv_hsless",="p_nhmliv_m",="p_nhmliv_wht",="p_diabe_5564",="p_diabe_6574",="p_diabe_7584",="p_diabe_85p",="p_diabe_all",="p_diabe_blk",="p_diabe_college",="p_diabe_f",="p_diabe_his",="p_diabe_his_f",="p_diabe_hsless",="p_diabe_m",="p_diabe_wht",="n_diabe_5564",="n_diabe_6574",="n_diabe_7584",="n_diabe_85p",="n_diabe_all",="n_diabe_blk",="n_diabe_college",="n_diabe_f",="n_diabe_his",="n_diabe_his_f",="n_diabe_hsless",="n_diabe_m",="n_diabe_wht",="p_hearte_5564",="p_hearte_6574",="p_hearte_7584",="p_hearte_85p",="p_hearte_all",="p_hearte_blk",="p_hearte_college",="p_hearte_f",="p_hearte_his",="p_hearte_his_f",="p_hearte_hsless",="p_hearte_m",="p_hearte_wht",="n_hearte_5564",="n_hearte_6574",="n_hearte_7584",="n_hearte_85p",="n_hearte_all",="n_hearte_blk",="n_hearte_college",="n_hearte_f",="n_hearte_his",="n_hearte_his_f",="n_hearte_hsless",="n_hearte_m",="n_hearte_wht",="p_hibpe_5564",="p_hibpe_6574",="p_hibpe_7584",="p_hibpe_85p",="p_hibpe_all",="p_hibpe_blk",="p_hibpe_college",="p_hibpe_f",="p_hibpe_his",="p_hibpe_his_f",="p_hibpe_hsless",="p_hibpe_m",="p_hibpe_wht",="n_hibpe_5564",="n_hibpe_6574",="n_hibpe_7584",="n_hibpe_85p",="n_hibpe_all",="n_hibpe_blk",="n_hibpe_college",="n_hibpe_f",="n_hibpe_his",="n_hibpe_his_f",="n_hibpe_hsless",="n_hibpe_m",="n_hibpe_wht",="helphoursyr_5564",="helphoursyr_6574",="helphoursyr_7584",="helphoursyr_85p",="helphoursyr_all",="helphoursyr_blk",="helphoursyr_college",="helphoursyr_f",="helphoursyr_his",="helphoursyr_his_f",="helphoursyr_hsless",="helphoursyr_m",="helphoursyr_nonsp_5564",="helphoursyr_nonsp_6574",="helphoursyr_nonsp_7584",="helphoursyr_nonsp_85p",="helphoursyr_nonsp_all",="helphoursyr_nonsp_blk",="helphoursyr_nonsp_college",="helphoursyr_nonsp_f",="helphoursyr_nonsp_his",="helphoursyr_nonsp_his_f",="helphoursyr_nonsp_hsless",="helphoursyr_nonsp_m",="helphoursyr_nonsp_wht",="helphoursyr_sp_5564",="helphoursyr_sp_6574",="helphoursyr_sp_7584",="helphoursyr_sp_85p",="helphoursyr_sp_all",="helphoursyr_sp_blk",="helphoursyr_sp_college",="helphoursyr_sp_f",="helphoursyr_sp_his",="helphoursyr_sp_his_f",="helphoursyr_sp_hsless",="helphoursyr_sp_m",="helphoursyr_sp_wht",="helphoursyr_wht",="t_totmd_5564",="t_totmd_6574",="t_totmd_7584",="t_totmd_85p",="t_totmd_all",="t_totmd_blk",="t_totmd_college",="t_totmd_f",="t_totmd_his",="t_totmd_hsless",="t_totmd_m",="t_totmd_wht",="t_mcare_5564",="t_mcare_6574",="t_mcare_7584",="t_mcare_85p",="t_mcare_all",="t_mcare_blk",="t_mcare_college",="t_mcare_f",="t_mcare_his",="t_mcare_hsless",="t_mcare_m",="t_mcare_wht",="t_caidmd_5564",="t_caidmd_6574",="t_caidmd_7584",="t_caidmd_85p",="t_caidmd_all",="t_caidmd_blk",="t_caidmd_college",="t_caidmd_f",="t_caidmd_his",="t_caidmd_hsless",="t_caidmd_m",="t_caidmd_wht",="t_oopmd_5564",="t_oopmd_6574",="t_oopmd_7584",="t_oopmd_85p",="t_oopmd_all",="t_oopmd_blk",="t_oopmd_college",="t_oopmd_f",="t_oopmd_his",="t_oopmd_hsless",="t_oopmd_m",="t_oopmd_wht",="t_qalys_5564",="t_qalys_6574",="t_qalys_7584",="t_qalys_85p",="t_qalys_all",="t_qalys_blk",="t_qalys_college",="t_qalys_f",="t_qalys_his",="t_qalys_hsless",="t_qalys_m",="t_qalys_wht",="t_demcgqalys_5564",="t_demcgqalys_6574",="t_demcgqalys_7584",="t_demcgqalys_85p",="t_demcgqalys_all",="t_demcgqalys_blk",="t_demcgqalys_college",="t_demcgqalys_f",="t_demcgqalys_his",="t_demcgqalys_hsless",="t_demcgqalys_m",="t_demcgqalys_wht",="t_est_helperct_dem_5564",="t_est_helperct_dem_6574",="t_est_helperct_dem_7584",="t_est_helperct_dem_85p",="t_est_helperct_dem_all",="t_est_helperct_dem_blk",="t_est_helperct_dem_college",="t_est_helperct_dem_f",="t_est_helperct_dem_his",="t_est_helperct_dem_hsless",="t_est_helperct_dem_m",="t_est_helperct_dem_wht"
="2.year_inc",="0",="0",="0",="0",="0",="0",="0",="0",="0",="0",="0",="0",="0",="0",="0",="0",="0",="0",="0",="0",="0",="0",="0",="0",="0",="0",="0",="0",="0",="0",="0",="0",="0",="0",="0",="0",="0",="0",="0",="0",="0",="0",="0",="0",="0",="0",="0",="0",="0",="0",="0",="0",="0",="0",="0",="0",="0",="0",="0",="0",="0",="0",="0",="0",="0",="0",="0",="0",="0",="0",="0",="0",="0",="0",="0",="0",="0",="0",="0",="0",="0",="0",="0",="0",="0",="0",="0",="0",="0",="0",="0",="0",="0",="0",="0",="0",="0",="0",="0",="0",="0",="0",="0",="0",="0",="0",="0",="0",="0",="0",="0",="0",="0",="0",="0",="0",="0",="0",="0",="0",="0",="0",="0",="0",="0",="0",="0",="0",="0",="0",="0",="0",="0",="0",="0",="0",="0",="0",="0",="0",="0",="0",="0",="0",="0",="0",="0",="0",="0",="0",="0",="0",="0",="0",="0",="0",="0",="0",="0",="0",="0",="0",="0",="0",="0",="0",="0",="0",="0",="0",="0",="0",="0",="0",="0",="0",="0",="0",="0",="0",="0",="0",="0",="0",="0",="0",="0",="0",="0",="0",="0",="0",="0",="0",="0",="0",="0",="0",="0",="0",="0",="0",="0",="0",="0",="0",="0",="0",="0",="0",="0",="0",="0",="0",="0",="0",="0",="0",="0",="0",="0",="0",="0",="0",="0",="0",="0",="0",="0",="0",="0",="0",="0",="0",="0",="0",="0",="0",="0",="0",="0",="0",="0",="0",="0",="0",="0",="0",="0",="0",="0",="0",="0",="0",="0",="0",="0",="0",="0",="0",="0",="0",="0",="0",="0",="0",="0",="0",="0",="0",="0",="0",="0",="0",="0",="0",="0",="0",="0",="0",="0",="0",="0",="0",="0",="0",="0",="0",="0",="0",="0",="0"
="4.year_inc",="-1018100.4",="733556.4",="1654740.4",="751233.2",="1991997.6",="291042.8",="1591525.8",="1095244.0",="1157627.0",="589914.0",="200497.5",="896753.7",="543327.8",="0.000222",="0.000667",="-0.00295",="-0.00467",="0.00165",="0.00215",="0.00258",="0.00136",="0.00101",="0.000341",="-0.00326",="0.00199",="0.00136",="-1648.1",="44931.2",="75837.1",="194291.5",="313792.6",="57626.5",="238014.5",="151890.6",="102571.1",="52227.5",="-18751.2",="161902.0",="153595.0",="0.00233",="0.00399",="-0.00338",="-0.00233",="0.00376",="0.00196",="0.00522",="0.00290",="0.00317",="0.00314",="0.00236",="0.00474",="0.00302",="10020.2",="240458.8",="276554.7",="213710.0",="750143.7",="93182.2",="542015.4",="341386.5",="306158.6",="155435.1",="92292.6",="408757.2",="350802.8",="-3221.1",="-976.3",="11045.6",="53161.8",="59610.8",="11583.7",="55239.0",="28961.9",="8336.1",="6485.4",="-18349.6",="30648.8",="39691.0",="-0.0000620",="-0.0000700",="-0.000536",="-0.00478",="0.000267",="0.000576",="0.000548",="0.000161",="0.0000746",="0.000219",="-0.00157",="0.000382",="0.000331",="0.00375",="0.0126",="0.0120",="0.00889",="0.00963",="0.0117",="0.0102",="0.00918",="0.00952",="0.00796",="0.0107",="0.0102",="0.00793",="-109557.7",="734766.7",="884235.0",="309721.6",="1815102.6",="290721.7",="1184291.0",="928594.7",="618773.4",="311533.2",="238871.4",="886507.9",="905607.5",="-0.00123",="0.00270",="0.00514",="0.00337",="0.00641",="0.00751",="0.00943",="0.00564",="0.00471",="0.00539",="-0.00399",="0.00733",="0.00755",="-206969.1",="317376.4",="808719.7",="418770.6",="1334690.8",="173806.7",="1103631.4",="633955.3",="280650.1",="152033.4",="-10710.1",="700735.6",="880234.0",="-0.0370",="-0.0190",="-0.0204",="-0.0152",="-0.0185",="-0.0104",="-0.0155",="-0.0184",="-0.0288",="-0.0274",="-0.0305",="-0.0186",="-0.0178",="-2038700.0",="-249271.5",="743229.8",="446144.9",="-1152377.6",="91231.8",="-232709.1",="-595159.4",="154651.7",="88646.9",="-311110.6",="-557218.1",="-1398261.1",="-46743697.2",="367824974.5",="627875840.1",="692751195.6",="1.67572e+09",="196182167.3",="1.14533e+09",="785891759.5",="626024425.8",="298532900.2",="21958485.0",="889824131.1",="9770068.0",="59196358.9",="176494830.5",="463686821.7",="702535123.6",="105898818.6",="611704834.2",="422718500.3",="227761561.3",="162221277.0",="-107714271.0",="279816623.3",="368874743.6",="-75681197.9",="185997606.5",="154780758.9",="188537774.2",="484441230.8",="77315830.0",="363235852.5",="252434982.0",="175075030.9",="85088005.4",="16067254.5",="232006248.7",="232050369.9",="853509297.6",="-1.03668e+10",="1.30563e+10",="2.72147e+10",="1.59915e+10",="4.49814e+10",="7.28121e+09",="3.96181e+10",="2.21739e+10",="1.18058e+10",="-818578590.7",="2.28075e+10",="2.58944e+10",="-813052898.3",="8.30943e+09",="1.55659e+10",="9.37770e+09",="3.23565e+10",="5.19292e+09",="2.83096e+10",="1.58201e+10",="6.05566e+09",="-769498739.9",="1.65364e+10",="2.11079e+10",="-337418219.1",="400452427.2",="763596852.6",="1.99943e+09",="2.97452e+09",="936815150.0",="1.65335e+09",="1.65161e+09",="1.79862e+09",="196735171.4",="1.32291e+09",="239085172.4",="-1.52351e+09",="1.16296e+09",="3.78381e+09",="2.83300e+09",="6.10830e+09",="875164535.2",="5.68132e+09",="3.46339e+09",="1.33295e+09",="-347292388.9",="2.64491e+09",="3.90018e+09",="-1.22148e+11",="7.65340e+10",="1.68050e+11",="6.48613e+10",="1.70494e+11",="2.46422e+10",="1.33564e+11",="9.61102e+10",="1.20864e+11",="2.65520e+10",="7.43841e+10",="2.49885e+10",="-3.76141e+09",="4.06418e+09",="2.99414e+09",="904742060.7",="5.73075e+09",="424071872.9",="2.59598e+09",="1.38307e+09",="8.00795e+09",="2.59264e+09",="4.34768e+09",="-2.70127e+09",="-10973.2",="48724.3",="61603.2",="293525.7",="396040.9",="66252.0",="285373.0",="222421.2",="119692.7",="-22681.3",="173619.7",="210096.2"
="6.year_inc",="-2054125.9",="1043095.9",="3562081.9",="1305701.8",="4065621.3",="620873.1",="3080401.6",="2254380.7",="2312463.5",="1173220.6",="473842.9",="1811240.6",="1132284.6",="0.000340",="0.00241",="-0.00351",="-0.00754",="0.00365",="0.00587",="0.00530",="0.00283",="0.00395",="0.00146",="-0.00438",="0.00459",="0.00257",="-8004.5",="120905.6",="225284.1",="339742.0",="683254.6",="142761.3",="491665.3",="318372.9",="243187.1",="111701.0",="3603.1",="364881.6",="297306.2",="0.00453",="0.00480",="-0.00233",="-0.00135",="0.00712",="0.00222",="0.0106",="0.00630",="0.00363",="0.00291",="0.0000393",="0.00807",="0.00628",="8446.4",="309312.2",="712022.7",="396084.9",="1474991.3",="172450.2",="1103075.1",="732496.9",="568440.6",="280602.8",="137085.3",="742494.4",="734100.4",="-1188.5",="4980.0",="38940.0",="115736.4",="156598.6",="19166.8",="143342.1",="78680.8",="22419.9",="12145.1",="-27487.2",="77917.8",="115011.9",="0.00000678",="0.0000626",="-0.000493",="-0.00548",="0.000804",="0.000814",="0.00151",="0.000598",="0.000442",="0.000325",="-0.00258",="0.00103",="0.00102",="0.00885",="0.0226",="0.0209",="0.0225",="0.0182",="0.0235",="0.0184",="0.0181",="0.0192",="0.0171",="0.0222",="0.0183",="0.0144",="-178880.5",="1234967.8",="1824254.6",="618842.1",="3557016.2",="605845.2",="2218984.9",="1879799.7",="1261115.0",="641280.9",="526102.6",="1677216.4",="1690056.0",="-0.00359",="0.00384",="0.00912",="0.0116",="0.0112",="0.0130",="0.0169",="0.0105",="0.00815",="0.00980",="-0.00886",="0.0122",="0.0135",="-458945.1",="452932.0",="1710585.9",="789416.2",="2505515.9",="333196.3",="2055938.8",="1237434.8",="547910.1",="299670.1",="-18829.4",="1268081.2",="1624409.5",="-0.0665",="-0.0363",="-0.0437",="-0.0251",="-0.0349",="-0.0186",="-0.0293",="-0.0350",="-0.0510",="-0.0505",="-0.0571",="-0.0347",="-0.0341",="-3712464.6",="-727536.7",="1524206.8",="774493.2",="-2048760.5",="236436.1",="-440571.3",="-1067453.0",="364225.9",="183034.6",="-531441.8",="-981307.5",="-2649422.5",="-105137504.6",="587876126.8",="1.28515e+09",="1.21748e+09",="3.01831e+09",="449852384.4",="2.29145e+09",="1.49565e+09",="1.07874e+09",="501871787.8",="13572059.3",="1.52266e+09",="-27780083.7",="158816101.6",="405768608.8",="857904755.2",="1.39119e+09",="316191274.1",="1.23128e+09",="943751000.2",="432439682.0",="298182365.4",="-160538617.2",="447438055.0",="642558099.1",="-124701477.9",="334894899.7",="568648052.5",="348709087.5",="1.18200e+09",="129401148.9",="821756752.7",="472260470.3",="449194722.3",="179304666.3",="151904794.8",="709744092.1",="603408691.2",="1.48971e+09",="-2.05349e+10",="1.83609e+10",="6.00066e+10",="3.03218e+10",="8.89039e+10",="1.48639e+10",="7.44102e+10",="4.53802e+10",="2.45737e+10",="260613772.0",="4.35237e+10",="4.94663e+10",="-1.26314e+09",="1.08343e+10",="3.53142e+10",="1.75552e+10",="6.24783e+10",="1.06155e+10",="5.15462e+10",="3.16316e+10",="1.28057e+10",="-442169792.7",="3.08467e+10",="3.90570e+10",="-1.08550e+09",="1.81401e+09",="2.70540e+09",="3.22452e+09",="6.84483e+09",="1.50767e+09",="3.97776e+09",="3.82106e+09",="3.77642e+09",="1.04925e+09",="3.02378e+09",="1.56074e+09",="-2.92358e+09",="1.47202e+09",="8.21581e+09",="5.49293e+09",="1.23297e+10",="1.73896e+09",="1.11951e+10",="7.00601e+09",="2.78885e+09",="-481265761.6",="5.32370e+09",="7.80189e+09",="-2.44199e+11",="1.20789e+11",="3.39307e+11",="1.07472e+11",="3.46852e+11",="5.36576e+10",="2.58371e+11",="1.94894e+11",="2.38797e+11",="5.71308e+10",="1.51958e+11",="5.43970e+10",="-7.21084e+09",="6.42423e+09",="5.12904e+09",="2.76014e+09",="7.22213e+09",="859571547.1",="1.71791e+09",="3.71587e+09",="1.04284e+10",="3.98829e+09",="3.50626e+09",="-4.06582e+09",="-31119.3",="94744.3",="226087.9",="461558.6",="766359.3",="144232.0",="591026.0",="451438.0",="233726.0",="-47250.0",="314921.3",="388401.3"
="8.year_inc",="-2405587.5",="541740.9",="4910677.0",="2306117.7",="6447006.0",="996701.8",="4654786.4",="3582951.6",="3554877.0",="1790215.5",="865489.3",="2864054.4",="1895427.1",="0.000462",="0.00396",="-0.00413",="-0.0155",="0.00552",="0.00852",="0.00831",="0.00454",="0.00605",="0.00254",="-0.00676",="0.00663",="0.00390",="-7019.0",="166387.2",="323561.5",="561559.9",="1061129.7",="219368.4",="778859.0",="515613.8",="380870.1",="175014.9",="21842.1",="545515.9",="460891.2",="0.00616",="0.00788",="-0.00145",="-0.00299",="0.0105",="0.00592",="0.0146",="0.00978",="0.00536",="0.00531",="0.00276",="0.0114",="0.00884",="41268.9",="366760.5",="1025604.4",="690094.6",="2261188.3",="312554.9",="1582283.1",="1161299.1",="876650.9",="440094.3",="291368.3",="1099889.2",="1071982.5",="-4773.0",="2447.0",="60845.2",="231761.5",="289992.1",="35542.4",="261374.8",="154400.8",="30211.3",="15453.3",="-31683.3",="135591.3",="224238.4",="-0.0000791",="0.0000294",="-0.000384",="-0.00638",="0.00157",="0.00160",="0.00281",="0.00135",="0.000429",="0.000172",="-0.00336",="0.00180",="0.00201",="0.0134",="0.0309",="0.0329",="0.0395",="0.0257",="0.0328",="0.0256",="0.0257",="0.0276",="0.0258",="0.0307",="0.0259",="0.0199",="-93099.8",="1371378.9",="2668660.7",="1129103.3",="5293900.3",="915953.4",="3223638.3",="2807349.4",="1937928.4",="991831.5",="825131.9",="2486550.8",="2440018.6",="-0.00384",="0.00204",="0.0138",="0.0180",="0.0145",="0.0175",="0.0228",="0.0143",="0.0110",="0.0134",="-0.0138",="0.0150",="0.0177",="-521756.1",="236090.8",="2409215.7",="1387989.6",="3582676.1",="493114.6",="2935869.1",="1822062.7",="827518.7",="450669.3",="-3635.2",="1760613.4",="2262042.8",="-0.0884",="-0.0553",="-0.0627",="-0.0322",="-0.0493",="-0.0261",="-0.0415",="-0.0494",="-0.0693",="-0.0670",="-0.0796",="-0.0493",="-0.0487",="-4732020.0",="-1770734.9",="1951558.4",="1458488.0",="-2582147.5",="424327.9",="-519483.9",="-1320779.4",="643805.4",="334626.7",="-634429.9",="-1261368.2",="-3650280.9",="-160712721.6",="573438928.2",="1.86972e+09",="2.21517e+09",="4.65568e+09",="730499190.9",="3.47725e+09",="2.45944e+09",="1.66835e+09",="845686437.5",="110895165.3",="2.19624e+09",="-21342993.6",="138280255.0",="776079036.7",="1.31465e+09",="2.28003e+09",="494440543.2",="1.91430e+09",="1.48140e+09",="704601688.2",="491225719.5",="-165321027.0",="798626130.0",="1.08098e+09",="-61751370.8",="336669961.6",="729434263.9",="551734018.0",="1.62519e+09",="218332083.3",="1.10826e+09",="683640779.4",="679723361.0",="234240159.2",="267891654.0",="941545254.2",="727130589.3",="2.25683e+09",="-2.49009e+10",="1.27571e+10",="8.42501e+10",="5.44108e+10",="1.31949e+11",="2.16874e+10",="1.08402e+11",="7.02389e+10",="3.87460e+10",="2.60518e+09",="6.17102e+10",="7.15157e+10",="-1.74454e+09",="7.42668e+09",="5.01959e+10",="3.04855e+10",="8.65793e+10",="1.48806e+10",="7.10662e+10",="4.61244e+10",="2.01847e+10",="487390883.9",="4.04548e+10",="5.15140e+10",="-889954377.2",="1.65897e+09",="3.86613e+09",="6.46271e+09",="1.24904e+10",="2.07953e+09",="7.07206e+09",="7.28688e+09",="6.26095e+09",="1.94130e+09",="5.20348e+09",="4.14988e+09",="-3.52909e+09",="409038041.9",="1.13672e+10",="1.00130e+10",="1.89692e+10",="2.60246e+09",="1.68220e+10",="1.09260e+10",="4.37566e+09",="-479067157.2",="8.04315e+09",="1.19911e+10",="-2.90093e+11",="8.09886e+10",="4.52524e+11",="1.84782e+11",="5.56946e+11",="8.69856e+10",="3.88794e+11",="3.11213e+11",="3.67311e+11",="1.01351e+11",="2.45733e+11",="1.02649e+11",="-8.90334e+09",="3.88642e+09",="8.72418e+09",="4.31447e+09",="1.06972e+10",="2.19951e+09",="1.26520e+09",="4.24814e+09",="1.69835e+10",="7.59790e+09",="6.44901e+09",="-8.48590e+09",="-13417.0",="126440.1",="327852.5",="781245.5",="1236882.9",="241088.0",="939007.2",="655914.2",="413180.7",="-28186.7",="580968.7",="582614.3"
="10.year_inc",="-2414866.0",="-144485.4",="6027955.6",="3534486.2",="8751243.2",="1332925.5",="6104635.0",="4803651.7",="4758344.4",="2372905.6",="1289179.5",="3947591.5",="2659973.3",="0.000560",="0.00503",="-0.00114",="-0.0254",="0.00800",="0.0125",="0.0110",="0.00706",="0.00913",="0.00530",="-0.00766",="0.00906",="0.00567",="-3305.3",="186388.5",="504729.5",="812863.9",="1525458.5",="313722.0",="1049196.1",="768576.1",="541599.5",="254908.4",="66340.3",="756882.4",="670137.1",="0.00798",="0.0101",="0.00335",="-0.00323",="0.0147",="0.00918",="0.0201",="0.0139",="0.00721",="0.00496",="0.00337",="0.0156",="0.0126",="111199.9",="366560.0",="1404951.3",="1069539.1",="3155026.7",="439417.5",="2177790.5",="1627048.4",="1182759.2",="564878.5",="423823.1",="1527978.4",="1532850.1",="-5010.3",="10145.9",="81793.6",="328094.5",="415740.6",="48896.2",="365116.0",="233341.2",="45847.4",="24340.7",="-42886.5",="182399.4",="320997.0",="-0.0000850",="0.000279",="-0.000212",="-0.0110",="0.00225",="0.00219",="0.00390",="0.00214",="0.000799",="0.000572",="-0.00459",="0.00236",="0.00287",="0.0155",="0.0400",="0.0436",="0.0500",="0.0321",="0.0404",="0.0317",="0.0317",="0.0339",="0.0318",="0.0388",="0.0326",="0.0247",="-14174.4",="1462343.6",="3414247.9",="1675587.6",="6878550.2",="1187023.6",="4131637.4",="3604120.3",="2573220.9",="1307713.3",="1139171.7",="3274429.9",="3118305.7",="-0.00483",="-0.000179",="0.0189",="0.0172",="0.0172",="0.0206",="0.0274",="0.0171",="0.0137",="0.0151",="-0.0172",="0.0175",="0.0214",="-561572.4",="-48395.5",="3032819.4",="2032820.1",="4572981.8",="625930.3",="3694719.6",="2318629.8",="1103519.6",="578501.6",="36689.1",="2254352.1",="2843531.9",="-0.102",="-0.0783",="-0.0782",="-0.0480",="-0.0621",="-0.0325",="-0.0525",="-0.0623",="-0.0828",="-0.0803",="-0.0973",="-0.0619",="-0.0621",="-5250016.9",="-3052973.2",="2275070.2",="2192913.8",="-3000888.2",="591314.6",="-607352.6",="-1571552.2",="960875.8",="485437.0",="-661131.3",="-1429336.0",="-4553078.6",="-133989208.1",="564192385.0",="2.48440e+09",="3.20291e+09",="6.30107e+09",="1.00871e+09",="4.59919e+09",="3.32411e+09",="2.14335e+09",="1.07601e+09",="260599303.9",="2.97696e+09",="16434376.2",="248582836.2",="1.15465e+09",="1.90998e+09",="3.41159e+09",="675365013.0",="2.73706e+09",="2.28067e+09",="1.08493e+09",="747249125.6",="-102143983.7",="1.13092e+09",="1.65130e+09",="-75825262.5",="362439476.9",="984352108.0",="857247847.1",="2.21991e+09",="334209307.4",="1.53426e+09",="977705662.0",="826130728.9",="313588852.6",="281245909.5",="1.24221e+09",="1.05957e+09",="3.14901e+09",="-2.67458e+10",="3.79349e+09",="1.06273e+11",="8.11744e+10",="1.73379e+11",="2.83656e+10",="1.39501e+11",="9.21487e+10",="5.18063e+10",="5.17767e+09",="8.12307e+10",="9.32075e+10",="-1.85143e+09",="585573684.9",="6.38387e+10",="4.57362e+10",="1.08625e+11",="1.87048e+10",="8.87042e+10",="5.69866e+10",="2.62763e+10",="1.25221e+09",="5.16388e+10",="6.36442e+10",="-234353252.7",="2.57393e+09",="5.97143e+09",="9.24786e+09",="1.89679e+10",="3.03220e+09",="1.08032e+10",="1.10251e+10",="9.19621e+09",="3.15019e+09",="7.94276e+09",="6.73949e+09",="-3.85665e+09",="-966604346.4",="1.41022e+10",="1.47618e+10",="2.52280e+10",="3.47599e+09",="2.17958e+10",="1.47885e+10",="6.01134e+09",="-398537831.0",="1.04395e+10",="1.57407e+10",="-2.91239e+11",="7.72207e+09",="5.46507e+11",="2.85577e+11",="7.55256e+11",="1.15398e+11",="5.07195e+11",="4.16198e+11",="4.86246e+11",="1.46797e+11",="3.39058e+11",="1.53612e+11",="-7.03449e+09",="3.62190e+09",="1.15902e+10",="7.16653e+09",="2.15080e+10",="2.96975e+09",="7.03539e+09",="1.05664e+10",="2.15566e+10",="9.65316e+09",="1.09416e+10",="-3.01833e+09",="1918.1",="136714.2",="481345.3",="1108582.0",="1751420.5",="347620.0",="1284007.3",="984158.0",="577991.6",="-6965.4",="767262.5",="825808.9"
="12.year_inc",="-2266044.1",="-496990.3",="7043708.1",="4621450.9",="10828116.1",="1655399.1",="7320721.4",="5925698.2",="5952095.6",="2951401.3",="1733250.8",="4902417.9",="3220621.4",="0.000864",="0.00571",="0.00208",="-0.0278",="0.0108",="0.0153",="0.0148",="0.00912",="0.0131",="0.00781",="-0.00954",="0.0126",="0.00778",="10163.5",="201149.7",="689956.1",="1099410.8",="2027914.3",="392020.4",="1402050.9",="987627.0",="729444.7",="334958.3",="96448.5",="1040287.3",="906449.2",="0.00948",="0.00972",="0.00563",="-0.00119",="0.0174",="0.0105",="0.0232",="0.0165",="0.00839",="0.00704",="0.00500",="0.0185",="0.0149",="183170.1",="306092.7",="1696317.8",="1434061.9",="3843530.6",="536304.3",="2564233.3",="1982335.1",="1476023.9",="716035.7",="579339.8",="1861195.5",="1831202.4",="-4829.1",="10168.5",="111790.1",="461944.9",="578768.2",="71730.7",="493259.0",="338541.4",="68108.7",="36161.6",="-45882.2",="240226.8",="438928.7",="-0.0000827",="0.000305",="0.000312",="-0.0107",="0.00321",="0.00338",="0.00529",="0.00329",="0.00143",="0.00119",="-0.00527",="0.00310",="0.00396",="0.0166",="0.0450",="0.0544",="0.0588",="0.0376",="0.0475",="0.0369",="0.0376",="0.0402",="0.0390",="0.0450",="0.0376",="0.0283",="65740.1",="1517456.3",="4143680.7",="2173385.1",="8301777.0",="1449416.4",="4906868.1",="4381412.7",="3220987.2",="1643720.8",="1440223.6",="3920364.3",="3631373.4",="-0.00754",="-0.00310",="0.0203",="0.0175",="0.0187",="0.0251",="0.0305",="0.0191",="0.0166",="0.0182",="-0.0207",="0.0185",="0.0231",="-644929.3",="-260167.2",="3514487.1",="2616068.7",="5349316.1",="777673.0",="4281872.6",="2738596.0",="1388870.2",="723328.8",="79418.6",="2610720.0",="3182772.8",="-0.110",="-0.106",="-0.0886",="-0.0654",="-0.0737",="-0.0377",="-0.0630",="-0.0742",="-0.0937",="-0.0903",="-0.114",="-0.0731",="-0.0746",="-5495702.9",="-4299318.3",="2651072.8",="2766299.3",="-3435469.0",="763254.9",="-799608.3",="-1830292.2",="1298210.7",="654982.8",="-668690.8",="-1605176.8",="-5496934.6",="74938447.9",="639909236.1",="3.25639e+09",="4.15936e+09",="8.25773e+09",="1.31144e+09",="5.96522e+09",="4.53547e+09",="2.86888e+09",="1.52440e+09",="469093632.9",="3.72226e+09",="21780042.3",="174422872.7",="1.72930e+09",="2.63914e+09",="4.67753e+09",="849713569.8",="3.63625e+09",="3.07754e+09",="1.47922e+09",="977151490.1",="-42941397.2",="1.59999e+09",="2.34860e+09",="995677.8",="326431395.5",="1.30751e+09",="1.00462e+09",="2.73353e+09",="378979590.2",="1.76425e+09",="1.21256e+09",="1.11223e+09",="423040493.3",="456818966.2",="1.52097e+09",="1.24232e+09",="4.07742e+09",="-2.79638e+10",="-2.85932e+09",="1.26742e+11",="1.06820e+11",="2.12643e+11",="3.57114e+10",="1.67881e+11",="1.13399e+11",="6.62207e+10",="8.91886e+09",="9.92438e+10",="1.10710e+11",="-2.10717e+09",="-4.50134e+09",="7.59857e+10",="5.91633e+10",="1.28972e+11",="2.30248e+10",="1.04114e+11",="6.80147e+10",="3.35634e+10",="2.82002e+09",="6.09577e+10",="7.23842e+10",="-444005133.0",="3.42971e+09",="7.64394e+09",="1.31144e+10",="2.56877e+10",="4.45149e+09",="1.44279e+10",="1.52557e+10",="1.20334e+10",="4.36687e+09",="1.04321e+10",="9.20282e+09",="-4.05550e+09",="-2.10871e+09",="1.66432e+10",="1.98989e+10",="3.16980e+10",="4.43972e+09",="2.69557e+10",="1.86558e+10",="7.78091e+09",="-177098934.6",="1.30422e+10",="1.94773e+10",="-2.77605e+11",="-2.99521e+10",="6.41855e+11",="3.68436e+11",="9.29581e+11",="1.41229e+11",="5.98486e+11",="5.09322e+11",="6.06086e+11",="1.94740e+11",="4.20259e+11",="1.82266e+11",="-6.93135e+09",="5.97741e+09",="1.87211e+10",="8.43529e+09",="3.28306e+10",="5.03769e+09",="1.61036e+10",="1.72997e+10",="2.86958e+10",="1.23484e+10",="1.55309e+10",="-902875510.8",="4294.2",="147403.4",="679192.3",="1487449.1",="2341396.0",="405425.0",="1714407.9",="1260343.7",="785654.4",="2472.3",="1081052.3",="1150316.6"
="14.year_inc",="-1409836.0",="-1331290.8",="7546542.6",="5886537.2",="12873858.8",="2000110.5",="8419083.8",="7014361.5",="7117460.3",="3522265.7",="2227564.4",="5859497.3",="3756288.0",="0.000933",="0.00664",="0.00458",="-0.0290",="0.0134",="0.0173",="0.0181",="0.0122",="0.0157",="0.0104",="-0.00822",="0.0148",="0.0102",="22549.3",="208866.1",="812093.4",="1448714.7",="2524286.8",="460166.2",="1721348.8",="1284710.7",="889276.2",="418055.6",="185253.0",="1239576.1",="1174844.4",="0.0100",="0.0120",="0.00629",="-0.00148",="0.0198",="0.0135",="0.0268",="0.0184",="0.00893",="0.00628",="0.00372",="0.0214",="0.0166",="282665.9",="284979.1",="1828449.8",="1824773.4",="4484899.4",="663836.6",="2983720.2",="2284605.9",="1750895.0",="833650.3",="702852.4",="2200293.5",="2070167.8",="-3820.8",="6349.1",="136717.1",="600305.5",="737883.8",="95415.2",="625787.0",="416121.0",="80291.2",="42698.1",="-47038.3",="321762.8",="562177.4",="-0.0000706",="0.000263",="0.000889",="-0.0117",="0.00412",="0.00455",="0.00671",="0.00405",="0.00157",="0.00131",="-0.00585",="0.00419",="0.00509",="0.0185",="0.0504",="0.0657",="0.0678",="0.0427",="0.0521",="0.0414",="0.0430",="0.0478",="0.0474",="0.0525",="0.0424",="0.0314",="376248.2",="1395113.3",="4691833.5",="2758377.7",="9687925.3",="1689871.8",="5605836.9",="5120926.7",="3900023.5",="1998521.6",="1789574.2",="4566998.5",="4098029.9",="-0.00781",="-0.00646",="0.0210",="0.0231",="0.0201",="0.0282",="0.0332",="0.0208",="0.0198",="0.0216",="-0.0222",="0.0195",="0.0248",="-529579.6",="-622749.4",="3753281.3",="3371336.5",="6108916.2",="917811.3",="4803042.3",="3134051.5",="1682192.5",="874761.2",="161841.8",="2974864.7",="3508912.4",="-0.107",="-0.132",="-0.102",="-0.0789",="-0.0829",="-0.0425",="-0.0715",="-0.0838",="-0.101",="-0.0985",="-0.125",="-0.0818",="-0.0849",="-5040806.5",="-5702688.5",="2584322.8",="3483759.0",="-3593416.9",="954164.8",="-921328.2",="-1955887.6",="1689396.4",="832534.3",="-584352.7",="-1637529.3",="-6236978.0",="116629258.9",="630984062.2",="3.73094e+09",="5.55073e+09",="1.00931e+10",="1.56712e+09",="7.30265e+09",="5.59124e+09",="3.43029e+09",="1.81822e+09",="670658608.0",="4.50184e+09",="63402894.4",="193586672.1",="1.86864e+09",="3.57121e+09",="5.79507e+09",="1.05205e+09",="4.39733e+09",="3.82571e+09",="1.83215e+09",="1.20000e+09",="97337639.3",="1.96936e+09",="2.91087e+09",="6520944.3",="325346428.2",="1.47596e+09",="1.37401e+09",="3.25837e+09",="437761144.6",="2.21116e+09",="1.40112e+09",="1.30656e+09",="522280404.6",="556739018.2",="1.85725e+09",="1.51404e+09",="5.09567e+09",="-2.25793e+10",="-1.53771e+10",="1.37792e+11",="1.36386e+11",="2.47488e+11",="4.17021e+10",="1.91661e+11",="1.33017e+11",="8.00668e+10",="1.38487e+10",="1.14471e+11",="1.25719e+11",="-1.99666e+09",="-1.27393e+10",="8.22679e+10",="7.51809e+10",="1.43101e+11",="2.57299e+10",="1.14178e+11",="7.67341e+10",="4.04156e+10",="4.72770e+09",="6.63667e+10",="7.69553e+10",="457330602.6",="3.77880e+09",="8.30289e+09",="1.69188e+10",="3.12566e+10",="5.47146e+09",="1.80921e+10",="1.80226e+10",="1.41756e+10",="5.00666e+09",="1.32341e+10",="1.16096e+10",="-3.37981e+09",="-3.87983e+09",="1.80748e+10",="2.54662e+10",="3.77343e+10",="5.35363e+09",="3.16685e+10",="2.21432e+10",="9.39103e+09",="306479958.5",="1.55911e+10",="2.29896e+10",="-1.80807e+11",="-1.26128e+11",="6.84657e+11",="4.64326e+11",="1.09552e+12",="1.71387e+11",="6.77690e+11",="5.96247e+11",="7.18504e+11",="2.43461e+11",="4.99272e+11",="2.05628e+11",="-6.94246e+09",="2.47629e+09",="2.14902e+10",="1.10374e+10",="3.37699e+10",="6.88088e+09",="1.62399e+10",="2.10762e+10",="2.98954e+10",="1.42582e+10",="1.26938e+10",="-3.00636e+09",="5030.2",="153126.8",="831038.7",="1980326.7",="2984236.3",="493693.7",="2151084.0",="1639240.1",="969314.6",="73209.0",="1344996.2",="1521227.9"
="16.year_inc",="-334424.5",="-2149492.5",="7789019.8",="7084065.9",="15092210.2",="2440338.8",="9543878.5",="8160874.4",="8318088.8",="4103065.3",="2813418.3",="6931335.8",="4333782.5",="0.000894",="0.00695",="0.00774",="-0.0259",="0.0161",="0.0208",="0.0214",="0.0151",="0.0179",="0.0129",="-0.00755",="0.0172",="0.0124",="33140.7",="193281.3",="930939.5",="1844474.6",="3043176.2",="565839.0",="2044583.3",="1579321.6",="1051872.6",="503616.6",="276921.1",="1463854.6",="1425464.6",="0.0104",="0.0148",="0.00784",="0.00165",="0.0224",="0.0127",="0.0298",="0.0210",="0.0121",="0.00983",="0.00485",="0.0240",="0.0186",="396449.0",="280595.7",="1930136.5",="2248290.8",="5194066.4",="756934.4",="3367326.3",="2652118.7",="2098846.7",="1006992.8",="892787.5",="2541947.8",="2338285.3",="-2730.9",="407.5",="148804.1",="770996.1",="917757.9",="115800.0",="789806.7",="539340.1",="102745.9",="56058.4",="-59095.9",="378417.8",="699212.0",="-0.0000608",="0.000159",="0.00116",="-0.0100",="0.00513",="0.00536",="0.00846",="0.00537",="0.00211",="0.00196",="-0.00712",="0.00484",="0.00634",="0.0197",="0.0578",="0.0757",="0.0747",="0.0472",="0.0561",="0.0453",="0.0479",="0.0533",="0.0536",="0.0587",="0.0466",="0.0342",="721362.8",="1342072.5",="5097697.9",="3307420.2",="11070908.4",="1969202.0",="6267583.7",="5853330.1",="4561423.7",="2339071.4",="2168593.1",="5217578.3",="4540282.7",="-0.00822",="-0.00797",="0.0210",="0.0268",="0.0207",="0.0293",="0.0346",="0.0226",="0.0230",="0.0252",="-0.0225",="0.0187",="0.0256",="-388135.9",="-909049.2",="3860399.3",="4075663.6",="6805710.4",="1051564.2",="5239937.7",="3553633.5",="1992363.5",="1034415.6",="283819.4",="3252076.9",="3761782.7",="-0.106",="-0.152",="-0.112",="-0.0988",="-0.0911",="-0.0467",="-0.0791",="-0.0930",="-0.108",="-0.105",="-0.135",="-0.0888",="-0.0939",="-4513663.1",="-6839221.2",="2428620.5",="4022989.1",="-3556182.4",="1224501.5",="-967930.8",="-2041261.9",="2067954.7",="1024969.4",="-434778.6",="-1514920.5",="-6848638.6",="268099565.2",="664265341.6",="4.24072e+09",="7.16480e+09",="1.25097e+10",="1.89081e+09",="8.93170e+09",="6.82505e+09",="4.21933e+09",="2.20582e+09",="1.10718e+09",="5.68465e+09",="144592830.4",="103977667.4",="2.09748e+09",="4.59914e+09",="7.06055e+09",="1.27655e+09",="5.29158e+09",="4.69330e+09",="2.22080e+09",="1.44411e+09",="239216425.3",="2.36725e+09",="3.56321e+09",="168900597.6",="252857761.3",="1.69888e+09",="1.66880e+09",="3.87548e+09",="566280119.3",="2.37858e+09",="1.58460e+09",="1.47550e+09",="558221822.8",="673605971.3",="2.29088e+09",="1.83370e+09",="6.39955e+09",="-1.51666e+10",="-2.72274e+10",="1.44568e+11",="1.67111e+11",="2.83124e+11",="4.83037e+10",="2.15851e+11",="1.53861e+11",="9.36832e+10",="1.92021e+10",="1.29263e+11",="1.41137e+11",="-1.24653e+09",="-2.04319e+10",="8.64639e+10",="9.18233e+10",="1.57088e+11",="2.81950e+10",="1.23561e+11",="8.49027e+10",="4.72757e+10",="7.69602e+09",="7.21851e+10",="8.16171e+10",="1.41993e+09",="3.64910e+09",="9.98302e+09",="2.20219e+10",="3.94792e+10",="6.88195e+09",="2.28314e+10",="2.32093e+10",="1.68163e+10",="6.74679e+09",="1.62699e+10",="1.57809e+10",="-2.40100e+09",="-5.66379e+09",="1.87061e+10",="3.15109e+10",="4.39424e+10",="6.33866e+09",="3.66541e+10",="2.62196e+10",="1.11189e+10",="607430555.2",="1.77228e+10",="2.64849e+10",="-5.62724e+10",="-2.21423e+11",="7.09793e+11",="5.39753e+11",="1.28620e+12",="2.10867e+11",="7.62604e+11",="6.89372e+11",="8.36359e+11",="2.98762e+11",="5.96826e+11",="2.38972e+11",="-1.94897e+09",="1.55774e+09",="2.23054e+10",="1.39321e+10",="4.43002e+10",="6.47448e+09",="2.16345e+10",="2.68591e+10",="3.39620e+10",="1.65770e+10",="1.74411e+10",="3.86367e+09",="25695.6",="136115.5",="958553.6",="2496431.6",="3643865.9",="637681.0",="2608330.0",="2065047.5",="1164406.9",="153304.0",="1578818.4",="1841778.1"
="18.year_inc",="885067.4",="-2409092.9",="7419915.5",="8104109.8",="17676358.0",="2992118.4",="10771448.8",="9476560.2",="9652791.9",="4754372.8",="3485731.9",="8199797.9",="5031447.7",="0.00105",="0.00749",="0.0122",="-0.0166",="0.0191",="0.0236",="0.0252",="0.0186",="0.0217",="0.0180",="-0.00749",="0.0196",="0.0147",="53480.3",="203911.0",="1031063.6",="2301838.0",="3647758.9",="677046.0",="2428369.0",="1940494.3",="1271941.6",="634141.2",="369945.9",="1707264.6",="1698771.3",="0.0107",="0.0167",="0.0112",="-0.000732",="0.0237",="0.0112",="0.0312",="0.0215",="0.0123",="0.00880",="0.00546",="0.0261",="0.0194",="525137.0",="310891.7",="1949133.0",="2529744.4",="5782762.2",="864596.4",="3636876.7",="2890442.3",="2410500.0",="1139972.4",="1100492.8",="2892319.9",="2507665.8",="-1802.7",="1967.6",="150088.6",="937891.4",="1087360.8",="149271.3",="943130.4",="639049.3",="138387.7",="74502.6",="-50236.0",="448311.5",="799701.8",="-0.0000573",="0.000223",="0.00140",="-0.00742",="0.00599",="0.00679",="0.0100",="0.00630",="0.00306",="0.00288",="-0.00721",="0.00563",="0.00720",="0.0233",="0.0619",="0.0833",="0.0856",="0.0507",="0.0585",="0.0474",="0.0517",="0.0587",="0.0592",="0.0646",="0.0495",="0.0354",="1208663.0",="1383843.2",="5169199.9",="3873570.2",="12438642.2",="2281767.0",="6827543.4",="6574412.4",="5295491.9",="2712237.0",="2589437.6",="5864229.8",="4861383.2",="-0.00816",="-0.00882",="0.0180",="0.0321",="0.0192",="0.0273",="0.0345",="0.0220",="0.0240",="0.0268",="-0.0247",="0.0161",="0.0245",="-206852.8",="-1012390.8",="3607433.5",="4716559.1",="7309364.6",="1165685.0",="5576560.8",="3837746.6",="2277536.4",="1184676.7",="389206.1",="3471617.9",="3866143.2",="-0.104",="-0.167",="-0.125",="-0.111",="-0.0977",="-0.0502",="-0.0854",="-0.0998",="-0.112",="-0.106",="-0.142",="-0.0954",="-0.102",="-3893948.4",="-7503430.6",="1824225.2",="4523376.1",="-3146801.2",="1587587.2",="-866871.9",="-1879501.6",="2602351.0",="1314344.9",="-199719.7",="-1267299.6",="-7336739.4",="337427355.6",="595095441.5",="4.65148e+09",="8.65276e+09",="1.45126e+10",="2.22741e+09",="1.02406e+10",="7.92530e+09",="4.96192e+09",="2.64316e+09",="1.40339e+09",="6.58734e+09",="239732495.4",="239375928.9",="2.33492e+09",="5.65827e+09",="8.67361e+09",="1.55161e+09",="6.31397e+09",="5.71207e+09",="2.76475e+09",="1.78064e+09",="531207770.8",="2.96154e+09",="4.35725e+09",="267120173.7",="320711751.2",="1.74206e+09",="1.86889e+09",="4.31933e+09",="616527104.9",="2.64506e+09",="1.78852e+09",="1.74465e+09",="678321741.8",="808341978.3",="2.53081e+09",="1.95815e+09",="7.32331e+09",="-6.77590e+09",="-3.04035e+10",="1.38205e+11",="1.96138e+11",="3.16090e+11",="5.58339e+10",="2.37156e+11",="1.73614e+11",="1.09691e+11",="2.58294e+10",="1.42476e+11",="1.50565e+11",="-1.20421e+09",="-2.28149e+10",="8.15035e+10",="1.07700e+11",="1.65999e+11",="3.08274e+10",="1.29920e+11",="9.17287e+10",="5.49715e+10",="1.01961e+10",="7.42701e+10",="8.01999e+10",="2.46275e+09",="4.14491e+09",="1.02409e+10",="2.70658e+10",="4.72052e+10",="8.60653e+09",="2.77279e+10",="2.84701e+10",="2.00065e+10",="8.65208e+09",="1.87351e+10",="1.85922e+10",="-1.22964e+09",="-6.35656e+09",="1.78044e+10",="3.71741e+10",="4.98285e+10",="7.43287e+09",="4.11295e+10",="2.98976e+10",="1.31743e+10",="1.28716e+09",="1.99309e+10",="2.92213e+10",="7.91008e+10",="-2.57729e+11",="6.74610e+11",="5.97382e+11",="1.52475e+12",="2.64227e+11",="8.65603e+11",="8.03101e+11",="9.70056e+11",="3.64657e+11",="7.21644e+11",="2.90462e+11",="5.77944e+09",="-290576885.7",="2.33045e+10",="1.85022e+10",="5.80125e+10",="8.48311e+09",="2.85232e+10",="3.48786e+10",="4.21585e+10",="2.05525e+10",="2.31339e+10",="7.37090e+09",="32862.2",="173119.1",="1108413.4",="3245838.2",="4603188.5",="791494.8",="3231827.5",="2655942.2",="1452674.2",="325188.9",="1947246.3",="2359019.5"
="20.year_inc",="2150522.1",="-2322073.6",="6939150.4",="9001304.9",="19954791.1",="3505073.0",="11717609.7",="10554243.2",="10977191.9",="5388814.4",="4178319.6",="9400547.8",="5472526.2",="0.00114",="0.00801",="0.0147",="-0.0114",="0.0210",="0.0223",="0.0277",="0.0203",="0.0248",="0.0204",="-0.00648",="0.0218",="0.0163",="72038.7",="225453.0",="1055863.9",="2664641.5",="4086310.2",="716135.1",="2686482.2",="2148484.5",="1481827.1",="731070.0",="483596.7",="1937825.8",="1888348.1",="0.0116",="0.0158",="0.0140",="-0.000125",="0.0246",="0.0130",="0.0314",="0.0232",="0.0122",="0.0100",="0.00590",="0.0262",="0.0193",="681129.1",="292881.8",="1922604.1",="2821763.2",="6279374.7",="1017549.8",="3773899.8",="3180926.2",="2711085.4",="1299706.3",="1311357.8",="3098448.5",="2550739.5",="-3551.8",="1477.7",="194202.2",="1156763.2",="1348738.6",="174176.0",="1127425.5",="788658.5",="184412.1",="93207.0",="-21775.6",="560080.1",="990150.5",="-0.000117",="0.000201",="0.00314",="-0.00135",="0.00748",="0.00768",="0.0120",="0.00790",="0.00430",="0.00375",="-0.00625",="0.00701",="0.00898",="0.0264",="0.0655",="0.0912",="0.0961",="0.0546",="0.0607",="0.0502",="0.0557",="0.0627",="0.0627",="0.0694",="0.0534",="0.0377",="1695196.1",="1549380.4",="5191782.5",="4405521.7",="13798161.8",="2573451.8",="7357996.9",="7237146.1",="6000073.2",="3056212.0",="3008183.7",="6561015.7",="5224636.8",="-0.00782",="-0.00983",="0.0152",="0.0357",="0.0185",="0.0251",="0.0339",="0.0219",="0.0263",="0.0285",="-0.0256",="0.0145",="0.0242",="-6166.2",="-1023710.3",="3318802.2",="5272833.2",="7829738.8",="1265373.2",="5790300.6",="4094708.5",="2596580.7",="1336482.9",="520379.2",="3735030.3",="3967784.8",="-0.101",="-0.176",="-0.138",="-0.121",="-0.103",="-0.0534",="-0.0912",="-0.105",="-0.114",="-0.108",="-0.146",="-0.101",="-0.109",="-3213419.7",="-7798712.9",="1135336.6",="4955717.5",="-2744649.1",="1922424.4",="-875819.6",="-1759208.4",="3150029.2",="1593936.7",="90501.3",="-985440.7",="-7817102.7",="483580763.4",="833520610.1",="4.76168e+09",="9.93528e+09",="1.64432e+10",="2.59096e+09",="1.10995e+10",="8.93548e+09",="5.83392e+09",="3.00600e+09",="2.07606e+09",="7.50775e+09",="260215102.7",="229862804.1",="2.35623e+09",="6.66621e+09",="9.72281e+09",="1.71619e+09",="7.08960e+09",="6.42468e+09",="3.19138e+09",="2.09933e+09",="674874647.9",="3.29813e+09",="4.81524e+09",="297407856.7",="408878649.3",="1.88445e+09",="1.97428e+09",="4.79951e+09",="661060469.6",="2.78051e+09",="1.95215e+09",="2.09631e+09",="785316894.2",="1.04323e+09",="2.84736e+09",="2.04214e+09",="8.01836e+09",="2.29574e+09",="-3.10900e+10",="1.32381e+11",="2.24088e+11",="3.49359e+11",="6.11841e+10",="2.54837e+11",="1.91375e+11",="1.25772e+11",="3.43094e+10",="1.57984e+11",="1.62403e+11",="-938048598.0",="-2.42520e+10",="7.68861e+10",="1.22374e+11",="1.74924e+11",="3.19096e+10",="1.34134e+11",="9.68871e+10",="6.19604e+10",="1.37261e+10",="7.80367e+10",="8.10539e+10",="3.42988e+09",="4.88625e+09",="1.20886e+10",="3.35227e+10",="5.79042e+10",="1.03665e+10",="3.25779e+10",="3.55977e+10",="2.34762e+10",="1.10990e+10",="2.23065e+10",="2.40615e+10",="-61870776.2",="-6.60716e+09",="1.71417e+10",="4.30064e+10",="5.62060e+10",="8.24666e+09",="4.52307e+10",="3.36384e+10",="1.54085e+10",="2.36332e+09",="2.25676e+10",="3.25508e+10",="2.25370e+11",="-2.49321e+11",="6.28074e+11",="6.48608e+11",="1.73994e+12",="3.14906e+11",="9.47518e+11",="8.98868e+11",="1.10135e+12",="4.31027e+11",="8.41069e+11",="3.23682e+11",="1.14335e+10",="2.09427e+09",="2.35318e+10",="1.87749e+10",="6.97418e+10",="7.76970e+09",="3.37105e+10",="4.09139e+10",="4.97127e+10",="2.42552e+10",="2.88279e+10",="1.22594e+10",="46093.1",="176912.5",="1139332.2",="3724618.5",="5139733.1",="851108.7",="3600986.6",="2939504.8",="1690951.1",="420696.7",="2200228.3",="2597673.3"
="22.year_inc",="3467999.3",="-2077391.2",="6827728.7",="9661470.5",="21783288.5",="3926610.6",="12331029.9",="11440770.9",="12290725.0",="6035666.0",="4840596.7",="10342517.6",="5565952.9",="0.00130",="0.00866",="0.0145",="-0.00491",="0.0225",="0.0235",="0.0290",="0.0224",="0.0272",="0.0226",="-0.00520",="0.0226",="0.0172",="94251.2",="257325.1",="1037950.3",="2988170.3",="4444715.1",="785927.1",="2839581.8",="2385840.5",="1681013.2",="831293.1",="600022.8",="2058874.6",="1977774.8",="0.0128",="0.0150",="0.0143",="0.00187",="0.0253",="0.0119",="0.0319",="0.0239",="0.0124",="0.00907",="0.00640",="0.0269",="0.0193",="856299.3",="294758.6",="1903807.1",="3066332.9",="6680883.3",="1099479.3",="3892230.6",="3379284.3",="3017182.7",="1431043.4",="1515505.0",="3301599.0",="2564221.2",="-2472.6",="-8157.1",="184798.8",="1336486.7",="1510471.4",="192736.6",="1272041.9",="900233.9",="195525.8",="103917.5",="-17440.1",="610237.5",="1122209.0",="-0.000110",="-0.0000853",="0.00289",="0.00372",="0.00833",="0.00826",="0.0135",="0.00905",="0.00421",="0.00398",="-0.00660",="0.00753",="0.0102",="0.0292",="0.0683",="0.0972",="0.102",="0.0581",="0.0642",="0.0528",="0.0599",="0.0660",="0.0678",="0.0728",="0.0560",="0.0393",="2192954.4",="1748574.2",="5317516.2",="4780376.5",="14944352.4",="2844556.1",="7765862.7",="7860420.0",="6688994.0",="3432179.1",="3392365.3",="7083932.4",="5410802.3",="-0.00817",="-0.0130",="0.0124",="0.0350",="0.0171",="0.0243",="0.0325",="0.0214",="0.0289",="0.0318",="-0.0255",="0.0122",="0.0227",="171735.4",="-1067955.3",="3190522.4",="5625577.6",="8136930.1",="1361678.2",="5841531.9",="4276037.9",="2931666.5",="1515584.3",="662946.3",="3860892.2",="3843585.4",="-0.0969",="-0.182",="-0.156",="-0.129",="-0.108",="-0.0555",="-0.0965",="-0.110",="-0.116",="-0.110",="-0.150",="-0.105",="-0.115",="-2471155.3",="-7886471.2",="533717.3",="5266851.1",="-2493209.3",="2203655.0",="-1021927.9",="-1678004.8",="3695132.9",="1863937.0",="377679.7",="-815204.6",="-8391997.2",="626220008.9",="827930926.6",="4.81977e+09",="1.10735e+10",="1.76684e+10",="2.75575e+09",="1.19886e+10",="9.82496e+09",="6.38216e+09",="3.39788e+09",="2.28064e+09",="7.84342e+09",="323748136.8",="252279365.2",="2.39576e+09",="7.73139e+09",="1.09055e+10",="1.83302e+09",="7.62071e+09",="7.22662e+09",="3.80961e+09",="2.47080e+09",="1.08071e+09",="3.67892e+09",="5.26291e+09",="395882965.0",="401667436.6",="1.87947e+09",="2.27945e+09",="5.08550e+09",="694157354.6",="2.87974e+09",="2.07206e+09",="2.29178e+09",="897453325.9",="1.14773e+09",="3.01344e+09",="2.09957e+09",="8.53047e+09",="1.15819e+10",="-3.04308e+10",="1.28299e+11",="2.44166e+11",="3.73211e+11",="6.72800e+10",="2.65151e+11",="2.05689e+11",="1.39970e+11",="4.07735e+10",="1.67522e+11",="1.65961e+11",="-206475809.9",="-2.53618e+10",="7.34640e+10",="1.31880e+11",="1.80651e+11",="3.44549e+10",="1.34861e+11",="1.01402e+11",="6.83610e+10",="1.65206e+10",="7.92498e+10",="7.78355e+10",="5.44382e+09",="5.05766e+09",="1.16047e+10",="3.76334e+10",="6.34950e+10",="1.14469e+10",="3.58703e+10",="3.88117e+10",="2.61612e+10",="1.26107e+10",="2.46833e+10",="2.58869e+10",="1.04265e+09",="-6.56181e+09",="1.65081e+10",="4.77621e+10",="6.11873e+10",="9.10316e+09",="4.84529e+10",="3.68198e+10",="1.71712e+10",="3.03820e+09",="2.43675e+10",="3.49130e+10",="3.74379e+11",="-2.23256e+11",="6.18055e+11",="6.91163e+11",="1.91157e+12",="3.56574e+11",="1.00220e+12",="9.78319e+11",="1.22753e+12",="4.92025e+11",="9.33246e+11",="3.27459e+11",="1.36444e+10",="4.69239e+09",="2.39237e+10",="2.15721e+10",="7.68106e+10",="1.27193e+10",="3.36423e+10",="4.51218e+10",="5.35863e+10",="2.70017e+10",="3.16888e+10",="1.05051e+10",="53590.5",="197466.2",="1129927.0",="4282636.6",="5694713.1",="929427.5",="3933024.8",="3291894.6",="1907844.2",="515955.9",="2402818.6",="2857441.5"
="24.year_inc",="4600474.1",="-1239812.1",="6327430.0",="10186208.3",="23433290.6",="4235863.0",="12832219.9",="12201582.0",="13587282.6",="6661826.1",="5490672.6",="11231708.7",="5610145.0",="0.00154",="0.00800",="0.0172",="0.00542",="0.0245",="0.0242",="0.0313",="0.0245",="0.0287",="0.0243",="-0.00395",="0.0245",="0.0190",="118661.1",="261807.3",="1063834.1",="3349253.8",="4856054.7",="836220.9",="3060219.1",="2605380.8",="1855441.2",="922422.6",="715387.3",="2250673.9",="2164392.6",="0.0145",="0.0153",="0.0151",="-0.000571",="0.0256",="0.0117",="0.0308",="0.0252",="0.0131",="0.0118",="0.00727",="0.0261",="0.0184",="1043961.9",="415954.7",="1811831.0",="3185024.3",="6987182.5",="1168717.0",="3863825.7",="3594718.0",="3335584.7",="1613699.6",="1723884.0",="3392464.4",="2482880.8",="7246.8",="-2936.2",="164517.1",="1483833.4",="1652743.4",="213854.6",="1384064.8",="998850.0",="212428.8",="112435.7",="-7338.1",="653893.4",="1226459.9",="0.0000878",="0.00000301",="0.00250",="0.00777",="0.00904",="0.00909",="0.0147",="0.0100",="0.00433",="0.00406",="-0.00661",="0.00794",="0.0113",="0.0321",="0.0712",="0.104",="0.112",="0.0623",="0.0675",="0.0560",="0.0642",="0.0712",="0.0723",="0.0782",="0.0599",="0.0415",="2648832.4",="2194482.0",="5286045.8",="5174106.4",="16144103.4",="3058452.7",="8204225.2",="8457980.3",="7436343.0",="3798169.3",="3814575.7",="7686123.1",="5649307.7",="-0.00848",="-0.0133",="0.00862",="0.0353",="0.0163",="0.0238",="0.0314",="0.0212",="0.0315",="0.0344",="-0.0251",="0.0105",="0.0217",="323732.3",="-846905.3",="2867049.4",="5919859.3",="8459875.0",="1434384.9",="5888942.9",="4450893.0",="3268874.3",="1684945.6",="810506.9",="4008982.0",="3756615.9",="-0.0935",="-0.179",="-0.175",="-0.137",="-0.111",="-0.0565",="-0.0998",="-0.113",="-0.114",="-0.107",="-0.150",="-0.109",="-0.120",="-1813546.3",="-7373532.0",="-291408.4",="5479816.5",="-2086991.2",="2420353.7",="-1045137.6",="-1521405.7",="4337523.2",="2204878.7",="714310.0",="-565585.5",="-8844868.1",="921208816.0",="903875274.6",="4.74150e+09",="1.19847e+10",="1.87924e+10",="2.79926e+09",="1.24218e+10",="1.04819e+10",="7.36268e+09",="3.97769e+09",="2.78905e+09",="8.31044e+09",="449341357.5",="328400731.1",="2.39701e+09",="8.45626e+09",="1.18398e+10",="1.98517e+09",="8.10753e+09",="7.79683e+09",="4.32010e+09",="2.78326e+09",="1.37958e+09",="4.04296e+09",="5.53451e+09",="584900418.2",="448489131.5",="1.83995e+09",="2.25687e+09",="5.21236e+09",="728148417.3",="2.84929e+09",="2.15294e+09",="2.54489e+09",="977088200.0",="1.23206e+09",="3.05942e+09",="1.93932e+09",="8.63042e+09",="1.92574e+10",="-2.23590e+10",="1.18085e+11",="2.61404e+11",="3.93923e+11",="7.17831e+10",="2.73685e+11",="2.17170e+11",="1.55537e+11",="4.83166e+10",="1.76753e+11",="1.66602e+11",="235996016.0",="-2.19064e+10",="6.69723e+10",="1.40052e+11",="1.86197e+11",="3.57335e+10",="1.35337e+11",="1.05322e+11",="7.61057e+10",="2.03006e+10",="8.08749e+10",="7.43581e+10",="6.62976e+09",="5.88545e+09",="1.23351e+10",="4.27023e+10",="7.14524e+10",="1.25581e+10",="3.99160e+10",="4.38901e+10",="2.90968e+10",="1.43346e+10",="2.75622e+10",="2.97974e+10",="1.96399e+09",="-5.51907e+09",="1.49783e+10",="5.16913e+10",="6.52944e+10",="9.87358e+09",="5.11014e+10",="3.93449e+10",="1.90266e+10",="3.81016e+09",="2.59495e+10",="3.63942e+10",="4.97045e+11",="-1.30038e+11",="5.62881e+11",="7.20121e+11",="2.05925e+12",="3.86647e+11",="1.04295e+12",="1.04331e+12",="1.34954e+12",="5.48511e+11",="1.01595e+12",="3.23067e+11",="2.60584e+10",="5.85240e+09",="2.33263e+10",="2.41535e+10",="9.09964e+10",="1.37250e+10",="4.25390e+10",="5.18367e+10",="6.18416e+10",="3.03566e+10",="3.91597e+10",="1.54299e+10",="74910.1",="220683.6",="1211367.8",="4837651.9",="6381452.5",="983463.5",="4258138.0",="3717775.3",="2255510.8",="730732.3",="2663677.2",="3142478.2"
="26.year_inc",="5463937.4",="-176787.0",="5824074.3",="10532370.2",="25098310.8",="4553572.1",="13305604.2",="12936500.7",="14902597.0",="7311234.8",="6142729.8",="12161810.1",="5642141.7",="0.00173",="0.00748",="0.0203",="0.0130",="0.0258",="0.0248",="0.0319",="0.0260",="0.0316",="0.0268",="-0.00135",="0.0256",="0.0195",="137437.2",="278294.1",="1099702.0",="3606553.8",="5183821.4",="884188.6",="3145983.8",="2784779.1",="2079415.1",="1031879.9",="859914.7",="2399042.3",="2220217.7",="0.0161",="0.0172",="0.0163",="-0.00129",="0.0264",="0.0108",="0.0308",="0.0257",="0.0146",="0.0129",="0.00779",="0.0271",="0.0182",="1200472.8",="628526.4",="1730150.4",="3280543.4",="7370905.6",="1229674.2",="3914491.5",="3754348.0",="3683036.0",="1777329.6",="1927163.7",="3616557.5",="2458195.4",="3692.9",="-9699.5",="160476.3",="1666862.1",="1821031.4",="238493.3",="1504735.7",="1119418.1",="241721.5",="127207.2",="8582.8",="701613.2",="1340816.6",="-0.00000287",="-0.000245",="0.00265",="0.0147",="0.00992",="0.0101",="0.0159",="0.0113",="0.00483",="0.00451",="-0.00634",="0.00840",="0.0124",="0.0363",="0.0743",="0.111",="0.120",="0.0666",="0.0712",="0.0594",="0.0688",="0.0763",="0.0773",="0.0824",="0.0640",="0.0438",="3094092.2",="2748942.3",="5252701.7",="5469079.1",="17390640.0",="3286507.6",="8652450.2",="9074416.5",="8203706.1",="4186649.6",="4219303.8",="8316223.5",="5900426.4",="-0.00824",="-0.0140",="0.00870",="0.0363",="0.0158",="0.0251",="0.0307",="0.0214",="0.0325",="0.0363",="-0.0251",="0.00915",="0.0214",="461273.0",="-580681.0",="2658477.5",="6132965.8",="8844911.5",="1541281.3",="5959416.3",="4648360.2",="3568217.6",="1849582.8",="947908.3",="4196551.2",="3735412.6",="-0.0914",="-0.176",="-0.188",="-0.144",="-0.114",="-0.0572",="-0.103",="-0.116",="-0.112",="-0.104",="-0.148",="-0.111",="-0.125",="-1332837.9",="-6754917.2",="-939438.9",="5568270.9",="-1632149.9",="2646491.7",="-1117994.0",="-1370771.4",="5006715.9",="2546113.6",="1105015.4",="-261378.5",="-9285357.5",="1.15906e+09",="1.04449e+09",="4.56606e+09",="1.27481e+10",="1.98180e+10",="3.02764e+09",="1.25990e+10",="1.11418e+10",="8.14922e+09",="4.43024e+09",="3.32665e+09",="8.67624e+09",="475389269.3",="327311877.5",="2.41183e+09",="9.29073e+09",="1.27156e+10",="2.14743e+09",="8.69074e+09",="8.52857e+09",="4.81631e+09",="3.14151e+09",="1.56968e+09",="4.18703e+09",="5.75187e+09",="509654830.8",="680715871.7",="1.93647e+09",="2.37936e+09",="5.72378e+09",="869080098.8",="2.93454e+09",="2.36789e+09",="3.01326e+09",="1.19532e+09",="1.53985e+09",="3.35589e+09",="1.84144e+09",="8.64116e+09",="2.58650e+10",="-1.02303e+10",="1.09955e+11",="2.76050e+11",="4.18527e+11",="7.70534e+10",="2.81704e+11",="2.29886e+11",="1.72388e+11",="5.73793e+10",="1.88641e+11",="1.69086e+11",="981996979.6",="-1.58781e+10",="6.16871e+10",="1.46770e+11",="1.94298e+11",="3.77144e+10",="1.36338e+11",="1.09619e+11",="8.43557e+10",="2.48595e+10",="8.46786e+10",="7.22277e+10",="7.70309e+09",="5.80640e+09",="1.23442e+10",="4.86093e+10",="7.77968e+10",="1.38718e+10",="4.32086e+10",="4.80161e+10",="3.13154e+10",="1.62598e+10",="2.97807e+10",="3.26096e+10",="2.73555e+09",="-4.06636e+09",="1.36342e+10",="5.54274e+10",="6.97966e+10",="1.06673e+10",="5.32953e+10",="4.22454e+10",="2.11945e+10",="4.92551e+09",="2.75512e+10",="3.79348e+10",="5.89730e+11",="-1.16992e+10",="5.03540e+11",="7.34771e+11",="2.21555e+12",="4.17325e+11",="1.09006e+12",="1.10596e+12",="1.47599e+12",="6.05480e+11",="1.10959e+12",="3.22235e+11",="2.79859e+10",="1.19157e+10",="2.45068e+10",="2.42394e+10",="1.02554e+11",="1.38440e+10",="4.77968e+10",="5.90984e+10",="6.68273e+10",="3.30331e+10",="4.34560e+10",="2.18831e+10",="86167.9",="217001.4",="1189309.7",="5324913.4",="6861906.0",="1077391.7",="4514798.2",="3999441.3",="2506714.0",="845006.8",="2862464.7",="3277800.3"
="ivparm1",="0.00000109",="-0.000000959",="0.000000202",="0.000000568",="0.00000518",="-0.000000172",="-0.00000173",="-0.00000200",="-0.000000137",="0.000000287",="-0.000000428",="-0.00000244",="0.00000452",="1.14e-16",="7.28e-16",="3.32e-16",="1.89e-15",="3.37e-15",="-5.06e-16",="1.86e-15",="2.71e-15",="4.71e-15",="-1.99e-15",="-1.92e-15",="3.83e-16",="2.39e-15",="-9.12e-09",="-3.34e-08",="2.19e-08",="0.000000108",="0.000000122",="2.71e-08",="4.51e-09",="3.03e-08",="5.77e-08",="3.63e-08",="-5.64e-08",="-8.97e-08",="0.000000287",="-9.75e-16",="2.44e-15",="1.21e-15",="-7.95e-15",="5.12e-15",="-4.58e-15",="2.31e-15",="4.73e-15",="-7.50e-16",="-7.19e-15",="-2.59e-15",="4.06e-15",="-1.81e-15",="1.95e-08",="3.80e-08",="0.000000275",="-1.35e-08",="0.000000438",="0.000000109",="0.000000346",="0.000000186",="0.000000218",="0.000000103",="5.17e-08",="-3.26e-08",="0.000000303",="-3.02e-10",="1.92e-10",="2.03e-11",="-5.48e-09",="8.61e-08",="-1.75e-09",="8.17e-08",="1.14e-08",="9.56e-09",="-1.28e-10",="-1.34e-08",="1.67e-08",="8.09e-08",="-2.50e-17",="-3.28e-17",="4.45e-16",="5.82e-17",="1.43e-15",="7.54e-16",="-3.18e-17",="-3.05e-16",="2.91e-18",="2.75e-16",="-1.24e-16",="-1.66e-16",="-5.39e-16",="3.87e-15",="2.78e-15",="7.90e-15",="1.24e-15",="1.55e-14",="-9.21e-16",="-1.20e-14",="2.07e-15",="8.97e-16",="1.15e-14",="2.45e-14",="-4.75e-15",="8.10e-15",="-2.57e-08",="-0.000000251",="-6.57e-08",="0.000000418",="0.000000833",="0.000000111",="-0.000000574",="0.00000146",="0.000000345",="0.000000109",="6.62e-08",="0.000000750",="-0.000000275",="-4.71e-15",="1.54e-14",="1.63e-15",="9.24e-15",="1.28e-14",="-6.83e-15",="7.90e-15",="-4.18e-15",="-3.65e-15",="7.70e-15",="-1.44e-14",="1.10e-14",="5.64e-15",="-5.22e-09",="-0.000000412",="3.31e-08",="-9.19e-08",="0.00000180",="0.000000128",="-0.000000665",="0.000000169",="0.000000260",="0.000000166",="-3.78e-08",="-0.000000398",="0.000000879",="0.0410",="0.0329",="0.0241",="0.0206",="0.0320",="0.0232",="0.0313",="0.0319",="0.0420",="0.0382",="0.0352",="0.0321",="0.0315",="1691598.6",="1250127.6",="547917.4",="180502.0",="4036773.2",="315245.9",="2317493.3",="2143444.2",="686065.6",="325770.5",="507211.6",="1893329.0",="3035461.8",="11373403.1",="11227196.3",="18069126.9",="4903995.7",="43312554.1",="1565386.6",="34582514.3",="19593754.7",="10139851.9",="3101594.5",="3523482.6",="23718799.4",="6023870.2",="5245748.3",="9444161.8",="6250505.5",="27674243.6",="2903045.9",="14637228.5",="21333954.7",="5579768.0",="3419645.0",="5395594.1",="6340288.9",="19191429.7",="9082382.1",="3120185.9",="8373526.5",="-363624.1",="18440939.3",="356466.4",="15841081.3",="8595690.7",="-858453.3",="-2456625.7",="-1498183.6",="9845248.5",="18942926.2",="31607315.6",="2.18288e+09",="4.15882e+09",="1.84428e+09",="525840412.0",="9.18781e+09",="701356514.6",="5.41762e+09",="4.91119e+09",="1.37194e+09",="1.06599e+09",="4.27662e+09",="7.11452e+09",="103668192.0",="1.65263e+09",="788103771.7",="246935793.1",="2.81553e+09",="223241660.8",="1.66941e+09",="1.49868e+09",="360677889.5",="310071399.3",="1.31685e+09",="2.23161e+09",="-221688971.9",="401500676.0",="178900406.5",="90700962.1",="413301787.5",="49744591.5",="165648197.0",="231656808.6",="120846481.3",="129831162.1",="181644978.9",="242710714.6",="326869913.0",="791235028.3",="346100407.4",="85724998.6",="1.62137e+09",="122893078.2",="962745301.8",="866055238.7",="237945939.8",="186037114.1",="755316269.4",="1.26053e+09",="1.59580e+09",="1.16447e+09",="494357523.0",="141254249.5",="3.74324e+09",="290621614.9",="2.15724e+09",="1.99878e+09",="644249408.1",="471194920.7",="1.74445e+09",="2.80837e+09",="-290007309.2",="-784623493.6",="-1.59804e+09",="-2.18324e+09",="-4.90407e+09",="-823377926.0",="-2.01061e+09",="-3.47050e+09",="-665774698.6",="-1.02633e+09",="-1.43357e+09",="-3.41492e+09",="1.25e-09",="3150.2",="1558.1",="1115.6",="5823.9",="764.1",="947.7",="2990.3",="1395.3",="3205.3",="2833.5",="3664.5"
="2.year_inc#c.ivparm1",="0",="0",="0",="0",="0",="0",="0",="0",="0",="0",="0",="0",="0",="0",="0",="0",="0",="0",="0",="0",="0",="0",="0",="0",="0",="0",="0",="0",="0",="0",="0",="0",="0",="0",="0",="0",="0",="0",="0",="0",="0",="0",="0",="0",="0",="0",="0",="0",="0",="0",="0",="0",="0",="0",="0",="0",="0",="0",="0",="0",="0",="0",="0",="0",="0",="0",="0",="0",="0",="0",="0",="0",="0",="0",="0",="0",="0",="0",="0",="0",="0",="0",="0",="0",="0",="0",="0",="0",="0",="0",="0",="0",="0",="0",="0",="0",="0",="0",="0",="0",="0",="0",="0",="0",="0",="0",="0",="0",="0",="0",="0",="0",="0",="0",="0",="0",="0",="0",="0",="0",="0",="0",="0",="0",="0",="0",="0",="0",="0",="0",="0",="0",="0",="0",="0",="0",="0",="0",="0",="0",="0",="0",="0",="0",="0",="0",="0",="0",="0",="0",="0",="0",="0",="0",="0",="0",="0",="0",="0",="0",="0",="0",="0",="0",="0",="0",="0",="0",="0",="0",="0",="0",="0",="0",="0",="0",="0",="0",="0",="0",="0",="0",="0",="0",="0",="0",="0",="0",="0",="0",="0",="0",="0",="0",="0",="0",="0",="0",="0",="0",="0",="0",="0",="0",="0",="0",="0",="0",="0",="0",="0",="0",="0",="0",="0",="0",="0",="0",="0",="0",="0",="0",="0",="0",="0",="0",="0",="0",="0",="0",="0",="0",="0",="0",="0",="0",="0",="0",="0",="0",="0",="0",="0",="0",="0",="0",="0",="0",="0",="0",="0",="0",="0",="0",="0",="0",="0",="0",="0",="0",="0",="0",="0",="0",="0",="0",="0",="0",="0",="0",="0",="0",="0",="0",="0",="0",="0",="0",="0",="0",="0",="0",="0",="0",="0",="0",="0",="0",="0",="0",="0",="0"
="4.year_inc#c.ivparm1",="-0.762",="-0.685",="-0.135",="-0.00461",="-1.586",="-0.166",="-0.823",="-1.189",="-0.301",="-0.298",="-0.218",="-0.397",="-1.119",="-2.08e-10",="0.0000192",="0.0000294",="0.000228",="0.0000285",="0.0000268",="0.0000298",="0.0000247",="0.0000158",="0.0000196",="0.0000249",="0.0000328",="0.0000310",="-0.0164",="745.4",="721.5",="2193.6",="3660.4",="375.1",="2257.4",="1689.2",="275.5",="179.1",="364.9",="1971.2",="3009.8",="-2.13e-10",="0.000130",="0.000265",="0.000109",="0.0000975",="0.000128",="0.0000771",="0.000107",="0.0000793",="0.000120",="0.000128",="0.0000868",="0.0000965",="-0.0731",="5025.1",="6457.6",="1018.8",="12501.4",="1771.4",="5823.6",="7294.5",="1386.7",="1096.7",="1875.8",="5206.9",="9343.4",="-0.000166",="-0.00281",="-0.00157",="-691.7",="-691.7",="-0.00108",="-457.3",="-457.3",="-0.000694",="-0.000593",="-234.4",="-234.4",="-691.7",="8.06e-12",="-3.11e-11",="1.37e-11",="-0.0000707",="-0.00000538",="7.65e-11",="-0.00000603",="-0.00000668",="6.65e-11",="1.93e-10",="-0.0000163",="-0.00000393",="-0.00000713",="-3.47e-09",="-1.27e-09",="-7.31e-10",="5.48e-11",="-1.71e-09",="-2.01e-09",="-1.01e-09",="-2.55e-09",="-3.40e-09",="-6.12e-09",="-2.36e-09",="-9.53e-10",="-1.25e-09",="-0.338",="-0.290",="-0.0677",="-0.000915",="-0.696",="-0.103",="-0.299",="-0.512",="-0.180",="-0.179",="-0.127",="-0.184",="-0.414",="0.000631",="0.000502",="0.000493",="0.000423",="0.000474",="0.000255",="0.000464",="0.000414",="0.000631",="0.000586",="0.000557",="0.000544",="0.000478",="25412.3",="19448.8",="12001.5",="4023.1",="60885.6",="3538.4",="35055.8",="28291.7",="11049.2",="5336.5",="8189.0",="32593.9",="46298.1",="0.0402",="0.0316",="0.0236",="0.0199",="0.0280",="0.0191",="0.0276",="0.0275",="0.0362",="0.0329",="0.0316",="0.0285",="0.0277",="1576377.5",="1246968.3",="615393.7",="205661.9",="3656572.2",="272285.0",="2139123.9",="1916920.9",="683062.2",="321584.2",="468948.6",="1739651.3",="2701224.9",="12970685.5",="13091326.4",="9770452.1",="5843138.1",="42505075.7",="1592712.8",="18492835.6",="18471884.3",="8053573.5",="4307516.4",="2307466.0",="24033191.4",="18647621.0",="9857649.3",="6311575.7",="14811967.2",="52246588.3",="8928470.5",="21856469.8",="29657535.2",="12709777.2",="2799909.6",="16647310.2",="22589053.1",="30608340.5",="5944635.2",="-1877805.0",="390231.3",="1536846.3",="8805576.0",="5355134.5",="-4687796.6",="7568313.1",="6332769.9",="3092046.1",="5156471.8",="1237262.8",="-2882328.4",="32858789.4",="2.04476e+09",="2.15808e+09",="1.09064e+09",="291132371.7",="5.59172e+09",="416346671.9",="3.27708e+09",="2.93047e+09",="1.04086e+09",="656067987.4",="2.66124e+09",="4.13452e+09",="96175464.5",="1.80937e+09",="929651859.1",="318060143.5",="3.14861e+09",="233729989.5",="1.84724e+09",="1.66717e+09",="441800205.3",="325206352.5",="1.48143e+09",="2.47307e+09",="-288497859.6",="-303212506.6",="-124920076.5",="-97102393.2",="-839764864.7",="-122215912.1",="-231944736.5",="-441182040.5",="-338552768.1",="-365867353.0",="-398582824.3",="-378996184.5",="282853497.3",="260710512.3",="144672658.8",="3472905.4",="691942446.3",="56478733.1",="414475061.9",="370576115.3",="139680575.2",="73744198.2",="321366331.0",="495783138.0",="258639332.4",="209296316.0",="-139900577.6",="-75095198.5",="265060872.8",="-7093120.4",="325742713.3",="165448273.2",="-76626179.8",="-142931306.8",="99612599.6",="348780172.8",="227676112.8",="-532478207.4",="-487003279.0",="172510774.0",="-608786819.2",="-116004669.1",="-453973919.0",="-463524855.6",="-254237321.5",="-133774814.9",="-145261963.6",="-238544828.5",="1186.7",="-2580.9",="285.5",="3186.0",="2077.2",="506.7",="1793.2",="-391.9",="-660.8",="-1333.7",="2469.1",="2231.3"
="6.year_inc#c.ivparm1",="-2176.9",="-6849.8",="-6192.5",="-3793.7",="-19012.8",="-1141.5",="-10403.4",="-10049.3",="-1439.3",="-662.2",="-1888.8",="-8963.5",="-16432.1",="0.000000607",="0.0000744",="0.000401",="0.000528",="0.000137",="0.0000882",="0.000114",="0.000151",="0.000104",="0.000157",="0.000233",="0.000121",="0.000149",="-0.0352",="2692.5",="9982.3",="4126.2",="16801.0",="1129.4",="8459.0",="9910.8",="1832.4",="1464.9",="3192.9",="6890.2",="13839.2",="0.00000486",="0.000287",="0.000423",="0.000216",="0.000183",="0.000247",="0.000247",="0.000220",="0.000270",="0.000183",="0.0000316",="0.000141",="0.000154",="-0.0887",="10374.6",="9812.4",="1006.7",="21193.6",="3278.5",="18001.8",="13910.1",="4733.2",="1634.8",="-80.13",="7283.5",="13181.8",="-0.000768",="-152.1",="-569.1",="-286.9",="-1008.1",="-209.4",="-570.3",="-513.2",="-0.0119",="-0.000713",="-209.4",="-494.9",="-798.7",="5.41e-08",="-0.00000339",="-0.0000183",="0.0000186",="-0.00000578",="-0.0000135",="-0.00000606",="-0.00000494",="0.000000579",="0.000000713",="-0.0000114",="-0.00000679",="-0.00000572",="-0.00000197",="0.0000210",="0.0000329",="-0.00000913",="0.00000616",="-0.00000605",="0.00000262",="-0.00000694",="-0.00000358",="-0.0000366",="0.0000186",="0.0000212",="0.00000595",="-654.4",="-1655.9",="-1455.5",="-1305.2",="-5071.0",="-611.0",="-2694.4",="-3437.3",="-643.4",="-630.4",="-539.5",="-1633.7",="-3816.6",="0.00135",="0.00125",="0.00113",="0.00122",="0.00109",="0.000753",="0.00101",="0.00106",="0.00129",="0.00125",="0.00132",="0.00112",="0.00110",="52698.4",="46640.9",="27030.5",="10319.9",="136689.6",="10435.2",="75150.0",="71483.3",="23786.1",="11916.5",="19216.9",="65206.3",="102468.2",="0.0725",="0.0626",="0.0478",="0.0378",="0.0529",="0.0338",="0.0521",="0.0529",="0.0668",="0.0633",="0.0607",="0.0528",="0.0528",="2759985.8",="2472412.9",="1335726.4",="404642.3",="7012454.1",="495037.5",="4108267.2",="3744487.5",="1343136.1",="657747.9",="919066.8",="3267966.7",="5174280.5",="46899086.0",="20769466.0",="61963415.3",="15547214.2",="149615794.1",="19378533.4",="59980985.3",="89907490.3",="50349902.5",="25876290.6",="61696875.8",="59708303.8",="24687675.3",="17389385.8",="24733757.5",="34583009.7",="102732777.5",="13944344.3",="46246139.5",="70626867.5",="25959692.3",="19161233.5",="24831637.6",="32105910.0",="62828740.9",="18286979.0",="20190388.8",="-5980675.0",="2033963.5",="37509052.2",="6146384.4",="11143007.8",="36913160.7",="18816414.3",="15079444.9",="3682084.3",="595891.4",="12546253.4",="79887358.1",="3.71374e+09",="4.42446e+09",="2.50219e+09",="623851900.5",="1.13136e+10",="823120634.5",="6.61156e+09",="6.13739e+09",="2.07597e+09",="1.43366e+09",="5.17621e+09",="8.41451e+09",="255388042.0",="3.53286e+09",="2.13989e+09",="638860073.3",="6.56794e+09",="484023815.9",="3.87713e+09",="3.57628e+09",="915930830.1",="701733285.7",="2.99166e+09",="5.16798e+09",="-436055677.0",="-635156288.4",="-236344556.2",="-135098235.3",="-1.46310e+09",="-219909939.6",="-440803787.9",="-712776745.7",="-652526192.4",="-592734342.8",="-750318281.3",="-590658895.0",="507209595.3",="591563453.1",="316685708.4",="25244127.4",="1.44800e+09",="115353832.7",="849350709.4",="810496508.0",="291531936.9",="189314392.0",="637507002.1",="1.04112e+09",="-391558015.7",="-936417878.1",="-1.56596e+09",="-917135186.0",="-3.77238e+09",="-367846105.5",="-1.75426e+09",="-1.95681e+09",="-469052820.5",="-603629522.2",="-1.81557e+09",="-2.93548e+09",="501964462.3",="-650906591.0",="-143605775.5",="108572210.1",="-192000993.4",="119153735.4",="-529750343.0",="-127385648.8",="95523793.9",="-51932851.8",="-64615344.5",="-406678522.6",="2582.7",="1143.3",="11694.2",="7194.3",="22614.5",="4484.1",="9445.3",="15457.8",="3444.8",="4891.9",="7156.7",="14685.6"
="8.year_inc#c.ivparm1",="-6205.5",="-18660.1",="-20987.2",="-14180.5",="-60033.3",="-4048.1",="-35469.7",="-31310.3",="-5707.3",="-2882.0",="-5646.4",="-28723.0",="-50277.9",="0.00000176",="0.000126",="0.000576",="0.000968",="0.000212",="0.000233",="0.000168",="0.000201",="0.000177",="0.000186",="0.000321",="0.000225",="0.000214",="-0.0487",="4285.9",="14109.1",="6382.3",="24777.2",="2975.6",="11959.0",="12429.5",="3072.4",="1651.9",="4114.9",="12347.6",="18729.1",="0.0000101",="0.000504",="0.000768",="0.00000989",="0.000287",="0.000356",="0.000389",="0.000361",="0.000150",="0.000193",="0.000305",="0.000202",="0.000298",="-156.5",="17049.4",="16651.3",="-4252.7",="29291.4",="4240.6",="26782.5",="21143.3",="1711.9",="1389.3",="3008.1",="8148.1",="23338.9",="-0.00571",="0.0130",="656.7",="-1306.8",="-650.1",="141.9",="26.47",="-102.1",="446.1",="420.2",="164.1",="-548.0",="-1238.1",="8.80e-08",="0.00000121",="0.0000346",="0.0000433",="0.00000152",="0.0000139",="0.00000540",="0.00000639",="0.0000245",="0.0000431",="0.0000182",="-0.00000405",="-0.00000449",="-0.00000602",="-0.0000165",="-0.00000772",="0.0000361",="-0.0000242",="0.00000250",="-0.0000320",="-0.0000406",="-0.0000286",="-0.0000981",="0.00000344",="-0.00000468",="-0.0000373",="-1893.5",="-7535.0",="-8408.0",="-4398.7",="-22235.1",="-1863.5",="-12652.4",="-12321.7",="-2955.6",="-2258.0",="-2448.1",="-9913.4",="-17416.0",="0.00232",="0.00286",="0.00231",="0.00216",="0.00212",="0.00147",="0.00202",="0.00195",="0.00253",="0.00250",="0.00280",="0.00232",="0.00214",="89280.8",="104802.7",="54944.2",="16412.4",="265440.0",="20347.0",="149240.0",="130369.6",="49408.3",="25226.7",="41458.9",="135070.4",="195684.7",="0.0969",="0.0927",="0.0715",="0.0546",="0.0740",="0.0456",="0.0730",="0.0743",="0.0930",="0.0893",="0.0852",="0.0738",="0.0742",="3664847.2",="3571109.1",="2076847.0",="641680.0",="9993291.1",="686352.4",="5861546.1",="5351886.8",="1996175.7",="986660.6",="1327895.0",="4641404.2",="7310762.9",="74955165.3",="81473963.4",="64525137.0",="46949087.4",="272443814.4",="44309797.5",="113567733.8",="158254742.2",="63064948.6",="48310970.7",="87950059.2",="114189072.2",="29776484.9",="25731631.4",="34381950.4",="67091736.8",="157736183.8",="16833067.4",="79584372.0",="111008694.3",="22549319.5",="16988875.0",="27903760.4",="46727489.5",="118353796.9",="-935390.8",="-7289872.9",="-1828280.6",="-6466310.8",="-12217480.5",="10704319.8",="2293512.4",="19683416.2",="-23827680.6",="9910869.3",="-26022961.8",="-31900896.8",="905880.2",="165069068.4",="5.00793e+09",="6.46904e+09",="4.02495e+09",="951040251.4",="1.64976e+10",="1.22723e+09",="9.66539e+09",="8.75897e+09",="3.45191e+09",="2.29333e+09",="7.73867e+09",="1.18185e+10",="353342186.5",="5.31993e+09",="3.39514e+09",="1.00969e+09",="1.00778e+10",="767962104.0",="5.92818e+09",="5.38913e+09",="1.74778e+09",="1.23500e+09",="4.68868e+09",="7.56207e+09",="-478642680.5",="-877691302.0",="-337623992.5",="-210572254.3",="-1.93285e+09",="-294902988.5",="-652631735.6",="-1.10363e+09",="-722085968.9",="-671991150.1",="-829218079.4",="-915859908.9",="665099678.2",="846705239.9",="536225166.6",="41158972.5",="2.09546e+09",="164118121.7",="1.24481e+09",="1.12502e+09",="472454541.6",="301893998.0",="970437604.0",="1.45889e+09",="-1.39286e+09",="-3.66033e+09",="-4.22849e+09",="-2.36156e+09",="-1.16060e+10",="-1.08057e+09",="-6.35950e+09",="-6.31400e+09",="-1.56195e+09",="-1.41804e+09",="-5.29199e+09",="-8.96348e+09",="707027344.3",="-105283861.6",="-374279748.1",="232236734.0",="450751881.3",="44564046.6",="-31268427.0",="75333095.0",="82585732.7",="-33586752.5",="375418786.3",="323602101.9",="1309.7",="503.5",="26304.2",="14835.7",="43067.4",="7204.1",="19070.0",="19533.8",="4702.3",="7989.2",="23533.6",="31160.9"
="10.year_inc#c.ivparm1",="-12999.2",="-32482.3",="-49142.4",="-34855.6",="-129479.5",="-9728.0",="-69329.4",="-64075.2",="-17207.7",="-5823.1",="-13928.5",="-65404.4",="-102543.9",="-0.0000203",="0.000279",="0.000767",="0.00123",="0.000287",="0.000300",="0.000233",="0.000341",="0.000220",="0.000239",="0.000620",="0.000225",="0.000296",="-934.7",="9550.3",="17650.8",="4869.3",="31135.6",="3453.9",="16026.7",="20649.6",="3221.0",="2089.9",="7823.3",="10486.0",="24460.7",="0.0000156",="0.000805",="0.000848",="0.000285",="0.000380",="0.000293",="0.000462",="0.000258",="0.000512",="0.000627",="0.000128",="0.000520",="0.000357",="-567.9",="26303.0",="13566.2",="-7325.3",="31976.1",="2091.5",="29111.1",="9308.8",="6899.0",="5525.0",="-2072.6",="22667.2",="22985.6",="-0.00305",="894.2",="45.98",="-4421.2",="-3481.1",="-304.6",="-726.8",="-2764.7",="-1408.5",="-1214.2",="-377.0",="-716.4",="-1768.0",="0.000000255",="0.0000258",="0.0000267",="-0.0000147",="-0.0000114",="-0.0000113",="0.00000176",="-0.0000218",="-0.0000611",="-0.000107",="-0.00000755",="7.77e-08",="-0.000000394",="-0.0000286",="-0.000105",="-0.00000347",="0.0000305",="-0.0000797",="0.0000275",="-0.0000738",="-0.0000514",="-0.0000761",="-0.000114",="-0.0000353",="-0.000110",="-0.000110",="-4624.6",="-16244.4",="-19829.6",="-11837.2",="-52535.8",="-4234.1",="-26127.1",="-23372.4",="-8898.7",="-3824.5",="-6742.8",="-29163.4",="-39403.0",="0.00322",="0.00448",="0.00392",="0.00356",="0.00322",="0.00218",="0.00314",="0.00304",="0.00390",="0.00381",="0.00408",="0.00343",="0.00324",="123037.5",="159717.7",="91246.1",="25224.6",="399225.9",="30014.7",="231915.8",="203419.7",="79131.9",="40361.4",="60800.6",="195806.2",="290079.3",="0.112",="0.121",="0.0958",="0.0726",="0.0924",="0.0570",="0.0910",="0.0931",="0.115",="0.111",="0.105",="0.0915",="0.0925",="4259123.2",="4551186.3",="2857924.8",="936430.6",="12661032.4",="874437.5",="7431745.4",="6815215.9",="2613100.3",="1293654.2",="1683788.1",="5845816.5",="9173494.6",="54040146.8",="111359015.9",="121664563.8",="45049067.4",="338110810.6",="54636286.5",="112382677.5",="230854770.2",="81404042.7",="75302938.2",="99116046.2",="107256040.4",="50391443.6",="67986424.9",="98331876.8",="98573296.8",="315225268.2",="29243020.0",="173323543.3",="222797918.0",="73380352.3",="57161845.8",="52854273.7",="92427350.2",="212601895.9",="48179463.4",="21424169.6",="40612382.2",="-13085653.3",="100802163.6",="17080275.6",="15424129.8",="67527628.1",="64841931.1",="31111774.4",="46607336.2",="33274535.6",="18879956.9",="202070481.5",="5.97090e+09",="8.60545e+09",="5.28250e+09",="1.13941e+09",="2.10584e+10",="1.53044e+09",="1.24228e+10",="1.12146e+10",="4.46392e+09",="2.88309e+09",="9.84382e+09",="1.50641e+10",="552898032.7",="7.18985e+09",="4.53341e+09",="1.28465e+09",="1.35574e+10",="972593937.7",="8.10771e+09",="7.28462e+09",="2.39280e+09",="1.64882e+09",="6.27281e+09",="1.01920e+10",="-544570383.1",="-1.19272e+09",="-540540870.3",="-392294708.0",="-2.69542e+09",="-374616124.7",="-918738563.8",="-1.62752e+09",="-1.17855e+09",="-1.08321e+09",="-1.06790e+09",="-1.14225e+09",="794761334.9",="1.14289e+09",="688354712.9",="27955085.8",="2.66096e+09",="207852862.3",="1.56144e+09",="1.44541e+09",="626284227.5",="390163793.5",="1.21555e+09",="1.82682e+09",="-2.46985e+09",="-6.70758e+09",="-8.89342e+09",="-4.50171e+09",="-2.25209e+10",="-1.84161e+09",="-1.20556e+10",="-1.17658e+10",="-3.68436e+09",="-2.98356e+09",="-1.07551e+10",="-1.69949e+10",="1.70494e+09",="-32731971.3",="-766634202.3",="-229680867.9",="704870734.2",="-152592849.9",="47728199.2",="-254871125.1",="634481172.6",="360541927.0",="959741859.3",="222982411.5",="1803.8",="14308.4",="35165.9",="25961.8",="77239.9",="7893.8",="37097.5",="54042.6",="12107.1",="18938.1",="23197.3",="57239.0"
="12.year_inc#c.ivparm1",="-16123.3",="-56536.5",="-77082.3",="-59182.1",="-208924.2",="-15182.7",="-120002.4",="-101761.8",="-26013.3",="-9543.4",="-21204.1",="-107162.4",="-167728.2",="-0.0000224",="0.000402",="0.000981",="0.00165",="0.000380",="0.000524",="0.000339",="0.000469",="0.000512",="0.000574",="0.000715",="0.000277",="0.000320",="-1056.0",="13276.7",="22091.8",="4731.8",="39044.2",="6331.5",="22465.5",="27831.8",="9157.6",="5681.3",="8705.9",="11212.5",="23555.2",="-0.00000211",="0.000812",="0.000799",="0.000501",="0.000352",="-0.0000935",="0.000290",="0.000328",="0.000258",="0.000192",="-0.00000508",="0.000380",="0.000423",="-1565.6",="23237.1",="6490.3",="-11752.7",="16409.1",="-5016.3",="9657.5",="8920.8",="-99.10",="67.03",="-6347.7",="7488.2",="21524.5",="-102.1",="2418.0",="1260.6",="-1425.6",="2150.9",="1632.8",="-844.6",="667.4",="-75.00",="199.6",="2959.2",="1483.4",="593.1",="-0.00000239",="0.0000687",="0.0000818",="0.000434",="0.0000401",="0.000122",="0.0000102",="0.0000369",="0.00000528",="0.0000241",="0.000207",="0.0000431",="0.0000363",="-0.0000286",="-0.0000312",="-0.0000974",="0.0000819",="-0.000107",="-0.0000132",="-0.000101",="-0.0000865",="-0.0000829",="-0.0000820",="-0.0000225",="-0.000125",="-0.000155",="-5502.9",="-22832.0",="-34714.6",="-20155.7",="-83205.2",="-7583.8",="-43867.8",="-38148.3",="-13019.5",="-5211.6",="-9948.7",="-45056.9",="-62601.9",="0.00352",="0.00672",="0.00570",="0.00513",="0.00439",="0.00264",="0.00437",="0.00412",="0.00483",="0.00454",="0.00506",="0.00470",="0.00457",="134996.4",="235082.4",="135668.7",="36904.0",="542651.5",="36340.6",="321859.0",="275648.4",="102592.9",="50205.5",="76798.5",="267003.1",="403718.0",="0.120",="0.151",="0.118",="0.0916",="0.109",="0.0651",="0.108",="0.110",="0.133",="0.128",="0.124",="0.108",="0.110",="4590613.3",="5610975.7",="3627842.1",="1269599.5",="15159204.2",="1018985.6",="8893428.7",="8186078.6",="3203642.7",="1568736.2",="2040195.8",="6973125.5",="10936575.9",="93004320.4",="148946021.5",="143183911.1",="61379400.3",="454587637.0",="33449246.5",="201258412.0",="270940830.3",="174091072.6",="108299502.4",="116212839.6",="183646806.7",="36453765.5",="69221466.9",="123113867.0",="128597196.3",="358176884.1",="47495159.4",="220439497.3",="274421918.3",="74345502.4",="54930536.3",="44460491.5",="83754965.9",="236336222.4",="57152667.9",="57801612.6",="41361308.4",="-4284971.9",="151420213.9",="9211404.7",="59458074.4",="108099824.3",="71698604.9",="49118367.7",="45781874.0",="43320389.7",="70510204.3",="247047317.9",="6.44927e+09",="1.04805e+10",="6.81193e+09",="1.45421e+09",="2.52535e+10",="1.88795e+09",="1.47701e+10",="1.37288e+10",="5.79502e+09",="3.91190e+09",="1.15247e+10",="1.75705e+10",="552230030.4",="8.67148e+09",="5.95676e+09",="1.66739e+09",="1.68375e+10",="1.23743e+09",="1.00463e+10",="9.24433e+09",="3.38548e+09",="2.33782e+09",="7.59320e+09",="1.22146e+10",="-678259598.2",="-1.37300e+09",="-707366461.8",="-336921445.4",="-3.13908e+09",="-386112084.7",="-1.03539e+09",="-1.79738e+09",="-1.39542e+09",="-1.21401e+09",="-1.34170e+09",="-1.35756e+09",="855884886.7",="1.41620e+09",="900253309.1",="46906636.7",="3.22640e+09",="279005511.2",="1.85014e+09",="1.76679e+09",="820038250.4",="547528890.6",="1.45961e+09",="2.12736e+09",="-3.11215e+09",="-1.08128e+10",="-1.36631e+10",="-8.02899e+09",="-3.55589e+10",="-2.77603e+09",="-2.02538e+10",="-1.75793e+10",="-5.58152e+09",="-4.49866e+09",="-1.79796e+10",="-2.72013e+10",="840816563.1",="1.34658e+09",="-1.38490e+09",="-370413306.3",="396992941.2",="-162711266.5",="-486435257.4",="241243236.0",="274650289.4",="249076823.7",="155749705.2",="285053918.3",="2094.8",="18045.5",="29844.1",="29464.8",="79449.2",="18672.6",="41821.9",="54253.5",="15962.6",="17573.9",="25195.7",="44814.1"
="14.year_inc#c.ivparm1",="-16904.1",="-73892.6",="-110783.9",="-98578.6",="-300159.2",="-23044.9",="-177085.4",="-147020.5",="-39477.8",="-14178.7",="-35717.5",="-153138.7",="-237636.4",="-0.0000145",="0.000509",="0.00112",="0.00229",="0.000451",="0.000462",="0.000361",="0.000501",="0.000673",="0.000892",="0.000941",="0.000393",="0.000386",="-771.7",="16154.5",="23271.2",="4596.3",="43250.2",="4626.6",="21640.9",="27334.7",="12235.1",="9370.0",="10695.7",="15915.5",="26388.6",="0.00000491",="0.00116",="0.00146",="0.000343",="0.000511",="0.0000344",="0.000526",="0.000610",="0.000396",="0.000409",="0.0000447",="0.000401",="0.000589",="-1364.9",="32692.0",="19155.4",="-25829.1",="24653.5",="-4977.8",="22110.3",="23169.2",="402.4",="1798.3",="-9568.3",="1484.3",="29228.9",="-328.3",="1485.2",="3696.3",="-5523.5",="-670.2",="-276.0",="2336.8",="902.8",="825.3",="-73.44",="66.73",="-1573.0",="-1219.5",="-0.00000799",="0.0000462",="0.000180",="0.000436",="0.0000318",="0.00000725",="0.0000616",="0.0000529",="0.0000480",="0.00000430",="0.0000397",="0.00000591",="0.0000332",="-0.0000597",="0.000214",="-0.000297",="0.000412",="-0.000102",="-0.0000946",="-0.000107",="-0.000115",="-0.0000345",="-0.000169",="0.000280",="-0.0000789",="-0.000159",="-7022.8",="-20969.4",="-55908.5",="-30232.2",="-114133.0",="-12759.1",="-62190.8",="-55231.8",="-18026.4",="-8444.1",="-11766.7",="-58901.2",="-83347.4",="0.00364",="0.00918",="0.00786",="0.00681",="0.00558",="0.00336",="0.00548",="0.00524",="0.00621",="0.00554",="0.00697",="0.00598",="0.00580",="142555.6",="314215.6",="188259.1",="46260.3",="691290.7",="46154.4",="401059.0",="351804.4",="137698.5",="63796.0",="107801.9",="339486.3",="507437.8",="0.118",="0.180",="0.142",="0.107",="0.122",="0.0721",="0.121",="0.124",="0.146",="0.145",="0.136",="0.120",="0.123",="4623179.4",="6500578.1",="4371977.1",="1598925.6",="17157622.5",="1151937.5",="10101142.2",="9326304.9",="3704715.6",="1867790.5",="2314785.3",="7831317.6",="12300969.4",="70922724.4",="158954893.1",="216454450.8",="99517867.0",="551708236.3",="51444382.1",="300768734.9",="320420683.7",="136514920.9",="68050995.3",="111404496.2",="231287552.6",="42270485.4",="91866412.0",="161143144.9",="148279168.6",="445711311.7",="47393467.7",="276386328.3",="316845205.0",="96804875.2",="60131633.7",="67345718.7",="128866106.6",="301512968.7",="34960365.7",="83697458.6",="53579762.2",="-9562333.2",="165499594.9",="12779433.2",="64550698.2",="111554157.3",="33190939.2",="21574866.7",="23266227.4",="53945437.6",="119529222.4",="363748933.3",="6.39593e+09",="1.23768e+10",="7.95987e+09",="1.57224e+09",="2.83804e+10",="2.07190e+09",="1.64751e+10",="1.55559e+10",="6.79603e+09",="4.22718e+09",="1.28246e+10",="1.95125e+10",="512002987.3",="1.03724e+10",="6.91958e+09",="2.02293e+09",="1.98271e+10",="1.48917e+09",="1.16497e+10",="1.10231e+10",="4.10539e+09",="2.59555e+09",="8.80406e+09",="1.42326e+10",="-665945935.4",="-2.10691e+09",="-795775227.8",="-520623115.3",="-4.10656e+09",="-540082068.6",="-1.14078e+09",="-2.29839e+09",="-1.90032e+09",="-1.66346e+09",="-1.80817e+09",="-1.66616e+09",="849371041.1",="1.66516e+09",="1.07682e+09",="3327587.3",="3.60563e+09",="284430578.6",="2.08170e+09",="1.98226e+09",="1.00101e+09",="594312494.4",="1.62337e+09",="2.32019e+09",="-3.33743e+09",="-1.51230e+10",="-1.92280e+10",="-1.24946e+10",="-5.01215e+10",="-3.74180e+09",="-2.90140e+10",="-2.55336e+10",="-8.52288e+09",="-7.35564e+09",="-2.45879e+10",="-3.78568e+10",="1.10094e+09",="493702853.4",="-1.99183e+09",="-248705884.9",="-651471550.9",="-556617095.1",="-1.06820e+09",="-1.23487e+09",="-124722253.2",="-250466649.1",="583395873.7",="29867797.3",="8.578",="20251.0",="63033.5",="32549.5",="116377.8",="14140.2",="59123.3",="69971.9",="26937.3",="34674.7",="46405.9",="75300.3"
="16.year_inc#c.ivparm1",="-13499.3",="-91596.1",="-142574.4",="-156002.3",="-403672.1",="-33145.7",="-236497.5",="-205284.1",="-52242.8",="-20461.1",="-45496.6",="-198388.0",="-318283.7",="-0.00000522",="0.000628",="0.00148",="0.00267",="0.000518",="0.000496",="0.000443",="0.000625",="0.000890",="0.00131",="0.000972",="0.000394",="0.000415",="-366.1",="19394.3",="30930.5",="-4020.0",="45938.7",="4127.9",="25349.2",="32814.6",="17073.8",="14508.9",="10374.2",="13124.1",="24737.0",="-0.00000825",="0.00112",="0.00144",="-0.000280",="0.000342",="0.000261",="0.000327",="0.000196",="-0.0000316",="-0.000459",="-0.000123",="0.000510",="0.000413",="-1585.2",="27988.0",="11680.8",="-53222.8",="-15139.2",="-3783.9",="-1689.0",="-16462.6",="-12685.8",="-10315.3",="-15356.6",="1323.4",="1330.5",="-52.48",="-10.67",="3059.0",="-13554.7",="-10558.9",="-264.8",="-7557.9",="-3766.9",="1687.4",="-197.5",="1663.1",="-6792.0",="-11981.4",="-0.00000108",="0.00000616",="0.000176",="0.000344",="-0.0000237",="0.0000195",="-0.0000419",="0.00000975",="0.0000867",="-0.000000654",="0.000139",="-0.0000630",="-0.0000549",="0.0000143",="0.000205",="-0.000237",="0.0000661",="-0.000156",="0.00000629",="-0.000129",="-0.000155",="-0.0000538",="-0.0000889",="0.000303",="-0.000151",="-0.000262",="-3147.6",="-28935.0",="-68951.5",="-57320.8",="-158355.0",="-16267.1",="-82926.5",="-77922.7",="-24484.7",="-10528.6",="-16069.7",="-80432.3",="-117603.2",="0.00331",="0.0116",="0.0100",="0.00923",="0.00663",="0.00385",="0.00663",="0.00628",="0.00712",="0.00669",="0.00800",="0.00704",="0.00697",="133324.8",="387168.0",="241080.9",="59592.2",="821165.9",="52676.9",="484791.2",="420236.4",="164825.1",="80129.2",="127408.1",="400929.5",="603664.0",="0.117",="0.204",="0.163",="0.128",="0.134",="0.0776",="0.133",="0.136",="0.160",="0.158",="0.148",="0.131",="0.136",="4778339.1",="7160609.8",="5018005.0",="2032000.6",="19086827.0",="1272787.7",="11197875.2",="10396062.3",="4265451.3",="2134896.1",="2614566.9",="8690764.7",="13548587.9",="79344604.2",="188006582.7",="176923182.5",="51802839.7",="503608740.8",="61258338.0",="342982439.5",="335842882.3",="93002046.7",="74072630.3",="22565533.0",="167765858.5",="46910743.6",="110845162.8",="210317156.5",="99012700.0",="467843219.1",="56511285.4",="244121931.3",="319461954.0",="122722605.6",="76558892.3",="78763829.1",="148381265.0",="288609328.0",="57928516.3",="60506236.7",="-15222388.2",="-13960527.2",="89170969.3",="-3376398.8",="73857725.4",="66583052.6",="12652711.6",="19084800.4",="-5458122.8",="22587916.7",="79894656.5",="349348356.1",="6.63265e+09",="1.40977e+10",="9.41378e+09",="1.01205e+09",="3.12837e+10",="2.24749e+09",="1.76899e+10",="1.69307e+10",="8.24049e+09",="5.16466e+09",="1.43530e+10",="2.07957e+10",="544468124.0",="1.20910e+10",="8.47725e+09",="2.04818e+09",="2.31665e+10",="1.65989e+09",="1.32750e+10",="1.25915e+10",="5.38593e+09",="3.49338e+09",="1.05750e+10",="1.61207e+10",="-815959634.8",="-2.14011e+09",="-1.03134e+09",="-797284288.6",="-4.81877e+09",="-592214033.8",="-1.45814e+09",="-2.78003e+09",="-2.23979e+09",="-1.93226e+09",="-2.03873e+09",="-1.98676e+09",="881380780.8",="1.82542e+09",="1.21258e+09",="-194201329.0",="3.74458e+09",="301337407.1",="2.04239e+09",="2.06527e+09",="1.16056e+09",="694291304.9",="1.67932e+09",="2.28269e+09",="-3.17147e+09",="-1.89520e+10",="-2.38639e+10",="-1.83851e+10",="-6.42795e+10",="-5.20889e+09",="-3.73838e+10",="-3.38523e+10",="-1.07728e+10",="-8.85670e+09",="-3.04271e+10",="-4.82978e+10",="1.53825e+09",="502013692.6",="-2.21048e+09",="-1.09226e+09",="-1.25559e+09",="-709932553.3",="-1.55993e+09",="-1.27187e+09",="715556199.8",="106454497.6",="16278376.4",="-1.26122e+09",="2719.9",="28219.7",="59788.4",="23572.5",="114300.6",="14791.0",="67094.9",="69649.6",="38156.4",="28663.6",="44651.0",="61353.2"
="18.year_inc#c.ivparm1",="-12664.5",="-116633.3",="-185970.2",="-212694.6",="-527962.7",="-44860.9",="-307885.4",="-270791.8",="-77025.4",="-31320.4",="-63883.6",="-257170.9",="-406076.4",="-0.00000294",="0.000765",="0.00160",="0.00227",="0.000434",="0.000502",="0.000224",="0.000416",="0.000718",="0.00102",="0.000996",="0.000454",="0.000333",="-268.4",="23246.2",="29044.2",="-26754.4",="25267.7",="2997.7",="2781.4",="12013.6",="11230.7",="10229.7",="8852.1",="13254.1",="11039.3",="-0.0000163",="0.00151",="0.00200",="0.000690",="0.000569",="0.0000407",="0.000619",="0.000646",="0.000505",="0.000360",="0.000371",="0.000482",="0.000636",="-1863.4",="37978.9",="17305.8",="-55380.5",="-1959.3",="-9978.4",="14103.0",="8085.6",="-4538.1",="-2165.9",="-12064.8",="-10044.9",="12557.2",="-0.0192",="650.7",="9830.2",="-14072.1",="-3591.3",="-487.8",="-2163.1",="-461.1",="2408.4",="279.0",="1536.2",="-3130.1",="-5511.8",="0.000000198",="0.0000271",="0.000427",="0.000749",="0.0000438",="0.0000223",="0.0000423",="0.0000743",="0.000120",="0.0000455",="0.000142",="0.00000735",="0.0000306",="-0.0000106",="0.0000740",="-0.000377",="0.0000604",="-0.000295",="-0.000124",="-0.000291",="-0.000248",="-0.000335",="-0.000196",="-0.00000941",="-0.000341",="-0.000375",="-3981.8",="-44121.9",="-93482.7",="-80960.8",="-222547.3",="-24281.5",="-119331.1",="-107492.1",="-43303.5",="-17286.5",="-30421.8",="-115055.2",="-154962.3",="0.00329",="0.0126",="0.0130",="0.0105",="0.00739",="0.00434",="0.00742",="0.00712",="0.00756",="0.00735",="0.00826",="0.00771",="0.00788",="136616.1",="412051.8",="307793.1",="56611.1",="913072.0",="59842.7",="539226.3",="476437.6",="180726.5",="90943.0",="133483.1",="436634.4",="672502.9",="0.119",="0.221",="0.183",="0.147",="0.143",="0.0810",="0.142",="0.147",="0.170",="0.168",="0.160",="0.139",="0.146",="5032415.5",="7693590.9",="5510168.4",="2446339.7",="20777197.6",="1374309.0",="12110013.0",="11337486.9",="4775071.6",="2381638.1",="2936330.3",="9439710.6",="14627817.0",="74458198.1",="264418308.4",="252006736.2",="110223787.4",="706985118.5",="63960357.9",="372852823.1",="439705523.8",="231565840.6",="154518599.1",="162180766.3",="267279594.7",="36341750.6",="124978022.5",="195350965.4",="117734647.4",="475595173.1",="58166387.8",="246837934.7",="322901228.2",="165609669.3",="85847038.3",="112435453.6",="152693944.9",="251819115.9",="36749540.6",="101271419.4",="25531928.1",="-43882647.5",="124541012.2",="10307536.7",="53124702.4",="92157665.8",="74302199.6",="68502663.0",="41824724.9",="32383346.4",="39931275.9",="411458919.9",="6.99553e+09",="1.50296e+10",="1.03303e+10",="1.12172e+09",="3.35969e+10",="2.16483e+09",="1.89445e+10",="1.83428e+10",="9.09903e+09",="5.69009e+09",="1.52541e+10",="2.23330e+10",="593992460.7",="1.30684e+10",="9.37357e+09",="2.50010e+09",="2.55379e+10",="1.61000e+09",="1.46617e+10",="1.40457e+10",="6.14278e+09",="4.00960e+09",="1.14923e+10",="1.77852e+10",="-726331134.7",="-2.37820e+09",="-1.14690e+09",="-853760109.3",="-5.13383e+09",="-663355236.8",="-1.54006e+09",="-2.80826e+09",="-2.50497e+09",="-2.24124e+09",="-2.32556e+09",="-1.96550e+09",="934287506.4",="1.98224e+09",="1.40967e+09",="-264642685.4",="4.07891e+09",="310474812.9",="2.15838e+09",="2.22132e+09",="1.32799e+09",="802029689.2",="1.85759e+09",="2.44044e+09",="-2.53921e+09",="-2.34976e+10",="-3.04470e+10",="-2.40834e+10",="-8.04764e+10",="-6.58713e+09",="-4.65027e+10",="-4.18324e+10",="-1.43845e+10",="-1.15138e+10",="-3.86440e+10",="-5.95048e+10",="1.45743e+09",="691859970.9",="-2.77761e+09",="-2.36813e+09",="-2.99208e+09",="-565688878.6",="-2.61969e+09",="-2.06933e+09",="-703654485.5",="-292414904.0",="-922743128.8",="-1.72273e+09",="513.5",="35223.3",="62157.0",="-12476.7",="85417.1",="21103.4",="18278.3",="55405.3",="43518.3",="39402.4",="30011.7",="20795.4"
="20.year_inc#c.ivparm1",="-11623.7",="-138676.5",="-225224.2",="-293262.1",="-668786.5",="-52937.9",="-396266.7",="-351597.7",="-94899.6",="-41338.6",="-82093.0",="-317188.8",="-520948.9",="-0.00000164",="0.000711",="0.00175",="0.00317",="0.000421",="0.000436",="0.000237",="0.000244",="0.000575",="0.000834",="0.000693",="0.000623",="0.000349",="-204.5",="20483.7",="28058.0",="-35136.2",="13201.1",="1245.0",="-1487.7",="-7288.7",="6355.8",="7272.1",="1428.1",="20489.7",="5600.3",="-0.0000121",="0.00153",="0.00236",="0.000879",="0.000556",="0.0000824",="0.000549",="0.000670",="0.000652",="0.000463",="0.000855",="0.000426",="0.000551",="-1614.3",="35622.7",="16916.7",="-76606.1",="-25680.9",="-11299.9",="-2286.5",="-2392.4",="-4023.6",="-2920.9",="-8262.4",="-23288.5",="-10357.4",="-0.00237",="-167.7",="7563.3",="-19586.1",="-12190.5",="482.2",="-10441.0",="-8196.6",="1388.8",="33.52",="310.2",="-3993.9",="-14061.5",="0.000000167",="0.00000585",="0.000392",="0.00108",="0.00000905",="0.0000901",="-0.0000273",="0.00000497",="0.0000867",="0.0000347",="0.0000879",="0.0000127",="-0.0000214",="0.0000387",="0.0000520",="-0.000142",="0.000153",="-0.000299",="-0.000158",="-0.000319",="-0.000275",="-0.000274",="-0.000219",="-0.00000847",="-0.000324",="-0.000430",="-1581.7",="-54200.9",="-105473.0",="-113360.4",="-274616.1",="-29043.9",="-150310.2",="-137626.3",="-50482.6",="-22478.6",="-39464.5",="-136989.8",="-195089.6",="0.00337",="0.0145",="0.0155",="0.0128",="0.00843",="0.00525",="0.00833",="0.00812",="0.00905",="0.00908",="0.00955",="0.00879",="0.00884",="144774.8",="476102.5",="359056.1",="60788.3",="1040721.7",="75521.6",="598119.7",="539779.4",="227480.3",="117347.5",="159114.8",="500942.3",="737719.8",="0.119",="0.234",="0.200",="0.166",="0.152",="0.0842",="0.151",="0.156",="0.177",="0.176",="0.166",="0.147",="0.155",="5227689.1",="8152942.8",="5894760.6",="2862518.0",="22288082.7",="1475560.5",="12989647.6",="12169992.8",="5233693.9",="2621261.2",="3172626.1",="10118089.9",="15578828.3",="65867524.7",="201050115.1",="348056130.0",="73368050.7",="693982831.1",="81674470.0",="409894149.3",="425300525.7",="192993863.2",="141918225.8",="67531015.0",="268682305.4",="39620440.7",="163695364.8",="251826741.9",="117641086.0",="576214374.1",="68466599.9",="237619175.5",="372525870.9",="229417071.6",="115263976.5",="179695858.0",="203688503.2",="278330702.5",="50019993.8",="110126856.5",="1312628.5",="-49172508.1",="117247536.0",="1867157.1",="106602526.8",="117980811.9",="38675718.3",="73323305.5",="-23023913.1",="-733275.9",="76704660.7",="419314497.9",="7.36328e+09",="1.58736e+10",="1.10855e+10",="171692057.0",="3.46834e+10",="2.38279e+09",="1.93918e+10",="1.88259e+10",="1.01139e+10",="5.89520e+09",="1.58575e+10",="2.21867e+10",="622052910.2",="1.39277e+10",="1.03454e+10",="2.15317e+09",="2.70567e+10",="1.71689e+09",="1.55152e+10",="1.49880e+10",="7.23627e+09",="4.28599e+09",="1.20687e+10",="1.81036e+10",="-661937198.4",="-2.74237e+09",="-1.48151e+09",="-1.27774e+09",="-6.17547e+09",="-650028931.3",="-2.12739e+09",="-3.56400e+09",="-2.89907e+09",="-2.55008e+09",="-2.61147e+09",="-2.62638e+09",="974279360.7",="2.10196e+09",="1.45485e+09",="-495506706.1",="4.06352e+09",="350857521.7",="2.08194e+09",="2.15684e+09",="1.42863e+09",="807238401.4",="1.90668e+09",="2.28403e+09",="-2.87035e+09",="-2.72833e+10",="-3.72818e+10",="-3.19169e+10",="-9.92095e+10",="-7.67985e+09",="-5.76657e+10",="-5.11629e+10",="-1.79388e+10",="-1.41978e+10",="-4.80466e+10",="-7.35909e+10",="1.15059e+09",="481506990.5",="-2.73454e+09",="-2.57536e+09",="-3.49598e+09",="-771100941.9",="-2.75295e+09",="-2.32779e+09",="-573171872.6",="-306114042.1",="-1.16818e+09",="-2.15170e+09",="2767.4",="31997.7",="58278.2",="10150.3",="103193.5",="16088.3",="30677.6",="49609.7",="42220.2",="37768.1",="53583.8",="44885.0"
="22.year_inc#c.ivparm1",="-11298.1",="-130576.1",="-277768.7",="-374650.4",="-794293.3",="-60653.6",="-479750.7",="-421823.0",="-121977.9",="-54470.9",="-97893.7",="-372470.3",="-611661.8",="-0.00000835",="0.000643",="0.00212",="0.00370",="0.000395",="0.000172",="0.000328",="0.000315",="0.000718",="0.000792",="0.000676",="0.000487",="0.000310",="-504.4",="18463.9",="32932.6",="-51113.8",="-221.7",="-4185.5",="1200.9",="-7758.6",="8104.0",="5658.4",="-717.9",="7536.9",="-4140.2",="0.0000137",="0.00147",="0.00180",="0.000254",="0.000245",="0.0000935",="0.000125",="0.000191",="0.000491",="0.000542",="0.000376",="0.000308",="0.000132",="-460.0",="35367.3",="-11779.1",="-113909.7",="-90781.4",="-12858.9",="-48902.6",="-50246.0",="-13771.7",="-4257.1",="-21499.9",="-40535.4",="-64150.8",="131.8",="2052.4",="3836.5",="-31728.7",="-25708.0",="-891.4",="-22179.5",="-16076.9",="3550.8",="620.3",="1274.5",="-9631.1",="-28367.4",="0.00000310",="0.0000660",="0.000299",="0.00106",="-0.0000612",="0.0000197",="-0.000135",="-0.0000680",="0.000170",="0.0000846",="0.000151",="-0.0000538",="-0.000135",="0.0000630",="0.000121",="0.0000997",="-0.000323",="-0.000354",="-0.000303",="-0.000398",="-0.000271",="-0.000374",="-0.000251",="-0.0000274",="-0.000446",="-0.000478",="-390.8",="-48781.7",="-123639.2",="-156332.1",="-329143.8",="-35722.9",="-184276.2",="-162448.1",="-66214.0",="-29482.6",="-47581.1",="-166695.7",="-227207.0",="0.00327",="0.0156",="0.0175",="0.0151",="0.00913",="0.00572",="0.00886",="0.00886",="0.00994",="0.0101",="0.0107",="0.00944",="0.00953",="144691.4",="522449.2",="392902.6",="64091.6",="1124134.8",="83913.8",="624883.3",="587221.8",="258792.5",="134320.6",="183924.3",="536913.0",="781428.4",="0.118",="0.240",="0.222",="0.180",="0.159",="0.0877",="0.158",="0.163",="0.185",="0.184",="0.175",="0.154",="0.163",="5408308.0",="8421517.1",="6455393.1",="3158397.6",="23557376.5",="1575111.4",="13648234.6",="12863792.8",="5706618.0",="2858919.6",="3448267.5",="10693583.6",="16275647.1",="110963598.1",="259561099.3",="293717593.5",="-18714153.3",="650726767.7",="24542656.0",="279794955.7",="341685887.1",="271602394.6",="140824348.5",="161875217.6",="309040880.6",="42611161.2",="182555247.2",="254423892.7",="145884143.6",="626191865.0",="90273477.5",="328277329.2",="344747762.6",="224481606.1",="110689445.8",="164297603.8",="281444102.4",="311436781.4",="31758643.3",="138464491.2",="-23081794.1",="-106210021.6",="43546178.7",="-9739107.3",="54774326.9",="68950726.6",="36892832.2",="77068020.0",="12570087.6",="-25404547.9",="16392453.9",="354581717.1",="7.49370e+09",="1.71016e+10",="1.17135e+10",="-913084242.0",="3.55630e+10",="2.41283e+09",="1.92863e+10",="1.92070e+10",="1.11755e+10",="6.53584e+09",="1.63561e+10",="2.19747e+10",="567593001.2",="1.48236e+10",="1.14573e+10",="1.78010e+09",="2.86485e+10",="1.84356e+09",="1.60749e+10",="1.58789e+10",="8.10716e+09",="4.85517e+09",="1.27696e+10",="1.86978e+10",="-888966987.7",="-2.63864e+09",="-1.53378e+09",="-1.79913e+09",="-6.87303e+09",="-891980123.4",="-2.38507e+09",="-3.96966e+09",="-2.99641e+09",="-2.61584e+09",="-2.90337e+09",="-2.98464e+09",="998484971.4",="2.24787e+09",="1.48969e+09",="-788455037.5",="3.97366e+09",="329068829.4",="1.88513e+09",="2.09889e+09",="1.59706e+09",="911283459.0",="1.87478e+09",="2.04753e+09",="-2.59869e+09",="-2.79400e+10",="-4.46869e+10",="-3.93548e+10",="-1.14471e+11",="-8.20663e+09",="-6.73956e+10",="-6.03519e+10",="-2.20914e+10",="-1.64856e+10",="-5.41188e+10",="-8.41726e+10",="1.16130e+09",="558605283.7",="-2.66642e+09",="-2.46262e+09",="-3.41793e+09",="-839031767.3",="-1.96410e+09",="-2.37262e+09",="-895490656.9",="-902014094.6",="-1.04531e+09",="-1.68341e+09",="2026.3",="36629.2",="62864.9",="-12140.5",="89605.5",="3373.0",="41516.9",="48022.2",="50171.6",="29504.3",="41583.3",="36060.9"
="24.year_inc#c.ivparm1",="-9211.7",="-131243.7",="-337005.5",="-455683.9",="-933144.7",="-68188.9",="-572988.7",="-499540.9",="-157342.4",="-73348.1",="-116225.0",="-433603.8",="-707613.4",="-0.0000172",="0.000479",="0.00226",="0.00451",="0.000309",="0.0000188",="0.000143",="0.000397",="0.000547",="0.000412",="0.000302",="0.000210",="0.000253",="-895.1",="13059.9",="28783.6",="-65548.6",="-24600.1",="-7827.6",="-21172.7",="-8103.0",="95.65",="-1593.4",="-10501.1",="-16497.1",="-16868.2",="-0.00000248",="0.00183",="0.00221",="-0.000135",="0.000256",="0.000209",="0.000386",="0.0000717",="0.000282",="0.0000418",="0.000403",="0.000462",="0.000177",="-1006.5",="49683.7",="-15092.8",="-144795.5",="-111211.1",="-12564.4",="-37426.1",="-72071.0",="-27562.9",="-15907.8",="-26182.9",="-39140.1",="-71083.8",="-154.0",="3258.3",="453.8",="-29770.7",="-26212.6",="-3542.1",="-27521.1",="-20089.4",="4362.3",="-231.5",="2975.5",="-6123.2",="-27032.7",="-0.00000318",="0.0000984",="0.000218",="0.00183",="-0.0000395",="-0.000116",="-0.000164",="-0.0000869",="0.000202",="0.0000413",="0.000245",="0.0000143",="-0.0000912",="0.000125",="-0.0000499",="0.00000872",="0.000252",="-0.000414",="-0.000286",="-0.000505",="-0.000343",="-0.000524",="-0.000412",="-0.0000698",="-0.000497",="-0.000542",="3069.1",="-55561.0",="-155673.9",="-182839.4",="-391005.2",="-39546.9",="-224794.0",="-196386.9",="-88161.1",="-41293.1",="-58107.4",="-194618.4",="-263297.3",="0.00308",="0.0155",="0.0213",="0.0171",="0.00980",="0.00613",="0.00974",="0.00966",="0.0104",="0.0111",="0.0111",="0.00994",="0.0103",="140096.5",="531133.1",="466020.3",="61471.4",="1198721.3",="91016.4",="678249.1",="636937.8",="277764.9",="152187.2",="194688.9",="561783.5",="829940.0",="0.118",="0.237",="0.244",="0.195",="0.164",="0.0911",="0.164",="0.169",="0.187",="0.185",="0.178",="0.159",="0.169",="5604225.5",="8543833.7",="6909743.2",="3460563.8",="24613045.5",="1661338.4",="14170130.8",="13428266.5",="6051481.2",="3008202.9",="3637183.2",="11184779.0",="16900225.9",="115657909.9",="312005254.5",="351753065.9",="-33931304.7",="745333439.5",="45827024.6",="299550970.9",="383761269.2",="377584773.8",="175952639.5",="236907878.1",="361572170.3",="47527787.1",="164048361.1",="301714973.6",="147469156.6",="662918124.2",="90648829.0",="340934680.6",="412735508.9",="234472513.3",="129090536.5",="177014682.3",="250182615.3",="337796781.8",="40758138.6",="134340448.9",="61764465.7",="10138382.1",="250503664.0",="716029.5",="151565404.4",="121498874.5",="135562503.7",="89141855.3",="92811914.9",="129004789.5",="114225130.8",="321921641.2",="7.83076e+09",="1.73057e+10",="1.22873e+10",="-1.35161e+09",="3.61867e+10",="2.39097e+09",="1.88060e+10",="1.95776e+10",="1.16176e+10",="6.81876e+09",="1.66092e+10",="2.21782e+10",="670828266.7",="1.51924e+10",="1.24906e+10",="2.01078e+09",="3.03643e+10",="1.97148e+09",="1.64586e+10",="1.66736e+10",="8.78752e+09",="5.31734e+09",="1.36907e+10",="1.96053e+10",="-993617161.1",="-2.81877e+09",="-2.17278e+09",="-1.87105e+09",="-7.89857e+09",="-1.04171e+09",="-2.86543e+09",="-4.71598e+09",="-3.59270e+09",="-3.04283e+09",="-3.18259e+09",="-3.26416e+09",="1.04733e+09",="2.27926e+09",="1.48796e+09",="-889421875.6",="3.94184e+09",="282453268.8",="1.73409e+09",="2.05719e+09",="1.62770e+09",="926107064.8",="1.88465e+09",="2.03168e+09",="-2.05446e+09",="-2.74220e+10",="-5.39165e+10",="-4.83908e+10",="-1.31691e+11",="-9.60031e+09",="-7.88750e+10",="-6.98409e+10",="-2.64464e+10",="-1.86397e+10",="-6.18503e+10",="-9.56445e+10",="866959116.5",="485563744.4",="-2.55514e+09",="-3.02740e+09",="-4.27318e+09",="-695290526.6",="-2.43879e+09",="-3.28408e+09",="-1.23099e+09",="-877751588.8",="-989095188.2",="-2.34690e+09",="4049.4",="25846.5",="66825.5",="-690.9",="96030.4",="7810.2",="46361.1",="69857.6",="46899.0",="19513.0",="26172.8",="41321.1"
="26.year_inc#c.ivparm1",="-9980.4",="-124724.9",="-398637.2",="-537500.9",="-1070843.3",="-78416.7",="-636783.8",="-573439.7",="-199375.2",="-99641.5",="-142232.8",="-497403.6",="-793051.4",="-0.0000165",="0.000958",="0.00194",="0.00445",="0.000183",="-0.000184",="0.000210",="0.000109",="0.0000591",="0.0000726",="-0.0000275",="0.000267",="0.000248",="-895.1",="31839.5",="10600.3",="-96357.1",="-54812.4",="-12768.6",="-19474.0",="-37361.7",="-19052.3",="-9752.1",="-20943.3",="-17450.7",="-22991.5",="-0.00000693",="0.00114",="0.00285",="0.00117",="0.000249",="0.000296",="0.0000997",="0.000542",="0.000780",="0.000952",="0.000319",="-0.0000828",="-0.00000195",="-1302.0",="26103.6",="-13400.2",="-146156.2",="-134754.8",="-13270.7",="-69662.5",="-46504.3",="-21802.5",="-7678.9",="-35481.2",="-88250.5",="-99681.7",="-154.0",="3481.6",="6321.6",="-47569.5",="-37920.4",="-916.8",="-28678.9",="-27809.7",="-2452.3",="-1455.1",="-3670.5",="-10110.6",="-34551.2",="-0.00000314",="0.0000993",="0.000475",="0.00165",="-0.0000910",="0.0000477",="-0.000150",="-0.000149",="-0.00000937",="-0.0000142",="-0.0000676",="-0.0000246",="-0.000135",="0.0000228",="0.0000975",="-0.000246",="0.0000672",="-0.000565",="-0.000444",="-0.000545",="-0.000508",="-0.000702",="-0.000665",="-0.000557",="-0.000632",="-0.000687",="-1849.3",="-47744.5",="-193839.9",="-224113.4",="-467547.2",="-47919.2",="-250754.2",="-237387.6",="-114617.9",="-58416.9",="-81275.7",="-230159.5",="-305010.1",="0.00339",="0.0154",="0.0237",="0.0189",="0.0103",="0.00612",="0.0103",="0.0101",="0.0108",="0.0110",="0.0111",="0.0105",="0.0109",="156881.9",="544146.4",="494960.5",="53823.8",="1249812.6",="89883.2",="716504.0",="657290.9",="294274.3",="152079.3",="195541.8",="592521.7",="865655.1",="0.120",="0.237",="0.260",="0.207",="0.170",="0.0942",="0.170",="0.175",="0.190",="0.188",="0.179",="0.164",="0.176",="5814324.1",="8839398.8",="7180965.7",="3696748.5",="25645032.0",="1744569.2",="14751435.9",="13954041.2",="6395205.0",="3170347.4",="3766859.7",="11690990.7",="17505257.8",="91128735.9",="335779666.8",="323232168.7",="-68275358.9",="694431653.8",="71079329.0",="362528153.1",="335036747.9",="214593267.7",="83934902.5",="145718263.8",="359394906.0",="69259649.7",="167671399.4",="328499167.4",="176136185.5",="742945148.2",="54967075.3",="366763915.9",="438792443.6",="268414542.5",="161585548.3",="190458303.5",="304152704.6",="419563530.5",="81825868.9",="167133216.5",="18406932.3",="-87124420.0",="185588495.4",="10094299.8",="116648882.6",="80964772.0",="92082005.5",="16847687.9",="67288101.9",="104623723.3",="83412190.1",="408759057.1",="8.13762e+09",="1.86361e+10",="1.23958e+10",="-3.14711e+09",="3.61782e+10",="2.48073e+09",="1.92893e+10",="1.95052e+10",="1.16405e+10",="6.53117e+09",="1.66730e+10",="2.20570e+10",="701500085.5",="1.59892e+10",="1.26749e+10",="1.15405e+09",="3.05316e+10",="1.86736e+09",="1.67195e+10",="1.68873e+10",="8.96103e+09",="5.07195e+09",="1.36443e+10",="1.97032e+10",="-805119914.4",="-2.57417e+09",="-2.00203e+09",="-2.44409e+09",="-7.83330e+09",="-895499363.0",="-2.67511e+09",="-4.94620e+09",="-3.65067e+09",="-3.10271e+09",="-2.88710e+09",="-3.28713e+09",="1.08665e+09",="2.50663e+09",="1.61487e+09",="-1.33418e+09",="3.89812e+09",="336133628.2",="1.81625e+09",="1.97170e+09",="1.62499e+09",="889333304.3",="1.92642e+09",="1.93700e+09",="-2.81418e+09",="-2.75078e+10",="-6.02671e+10",="-5.60692e+10",="-1.46548e+11",="-1.04356e+10",="-8.64619e+10",="-7.75214e+10",="-3.08971e+10",="-2.09012e+10",="-6.90271e+10",="-1.05216e+11",="2.12304e+09",="1.21701e+09",="-2.73574e+09",="-3.62373e+09",="-2.98471e+09",="-630574852.6",="-2.23724e+09",="-2.90449e+09",="151583937.2",="15504502.8",="-80213566.6",="-2.50572e+09",="4537.3",="51255.1",="61836.1",="-37567.7",="80060.8",="2540.5",="25401.9",="33367.6",="39520.2",="28985.5",="46693.2",="38000.0"
="_cons",="41282607.6",="37968576.4",="22722925.5",="8785428.8",="126331323.0",="13618617.1",="73995817.9",="67254210.4",="16353762.5",="8518843.5",="14413442.7",="59077112.6",="96358943.4",="0.0104",="0.0259",="0.0892",="0.318",="0.0509",="0.0953",="0.0270",="0.0541",="0.0733",="0.0831",="0.145",="0.0472",="0.0408",="428989.6",="983632.0",="2026378.8",="2798273.1",="6426085.4",="1297693.4",="1994875.0",="3639956.6",="1198442.8",="708157.7",="2083881.7",="2786128.7",="3929949.1",="0.0823",="0.117",="0.217",="0.314",="0.134",="0.227",="0.0924",="0.131",="0.217",="0.215",="0.288",="0.139",="0.107",="3398342.9",="4436869.2",="4933307.3",="2756701.8",="16977323.8",="3089068.5",="6839282.7",="8789262.1",="3541387.1",="1833788.8",="4145491.1",="8188061.7",="10346868.2",="29045.8",="92897.6",="330702.6",="1152554.4",="1607761.6",="165655.2",="640417.9",="1106321.2",="99467.4",="64877.4",="325901.0",="501440.4",="1342639.0",="0.000703",="0.00245",="0.0146",="0.131",="0.0127",="0.0122",="0.00866",="0.0164",="0.00608",="0.00762",="0.0226",="0.00849",="0.0139",="0.256",="0.339",="0.358",="0.300",="0.291",="0.438",="0.260",="0.275",="0.390",="0.405",="0.411",="0.309",="0.253",="10569485.4",="12868363.0",="8139434.1",="2631685.8",="36754869.0",="5959268.0",="19273370.3",="18493644.0",="6383603.2",="3451677.5",="5924786.6",="18261225.0",="24411997.8",="0.155",="0.290",="0.413",="0.515",="0.257",="0.238",="0.246",="0.227",="0.171",="0.174",="0.238",="0.291",="0.274",="6393723.2",="11021239.8",="9385281.2",="4525152.2",="32448092.9",="3245257.3",="18195862.4",="15244384.8",="2798940.8",="1486022.6",="3435467.2",="17203708.1",="26403894.8",="0.538",="0.661",="0.750",="0.787",="0.615",="0.808",="0.589",="0.607",="0.569",="0.573",="0.671",="0.625",="0.596",="22211629.5",="25092947.5",="17041611.1",="6916336.6",="77729788.4",="11010379.4",="43574499.4",="40797969.6",="9306114.5",="4879679.0",="9676493.4",="36931818.9",="57413294.5",="3.19261e+09",="4.68610e+09",="7.34640e+09",="8.70276e+09",="2.51883e+10",="4.13585e+09",="9.66900e+09",="1.51673e+10",="4.65472e+09",="2.88138e+09",="6.60076e+09",="1.00210e+10",="1.34201e+09",="1.94813e+09",="3.96211e+09",="6.55944e+09",="1.45054e+10",="2.74714e+09",="5.02406e+09",="1.07583e+10",="2.93954e+09",="2.17288e+09",="4.28457e+09",="3.74709e+09",="8.81873e+09",="1.77539e+09",="2.53861e+09",="3.06699e+09",="1.58704e+09",="9.58518e+09",="1.18247e+09",="4.10470e+09",="4.15063e+09",="1.77434e+09",="803994751.8",="2.05622e+09",="5.43455e+09",="6.62837e+09",="1.63977e+10",="3.01020e+11",="4.36197e+11",="3.75238e+11",="2.08984e+11",="1.40357e+12",="1.71031e+11",="7.89925e+11",="7.63183e+11",="1.44490e+11",="1.70912e+11",="6.40390e+11",="1.08805e+12",="1.58375e+10",="2.46562e+11",="2.37961e+11",="1.20342e+11",="6.23732e+11",="8.54811e+10",="3.26483e+11",="3.33693e+11",="5.99112e+10",="8.59016e+10",="2.90039e+11",="4.78340e+11",="4.15920e+10",="1.70149e+10",="1.79614e+10",="3.28642e+10",="1.22508e+11",="2.46518e+10",="4.17579e+10",="8.50014e+10",="2.83441e+10",="3.62797e+10",="3.75063e+10",="6.95118e+10",="4.04692e+10",="5.97386e+10",="5.14854e+10",="3.90556e+10",="2.02048e+11",="1.80939e+10",="1.23357e+11",="1.17595e+11",="1.66791e+10",="1.94641e+10",="8.44529e+10",="1.67275e+11",="4.83320e+12",="4.22039e+12",="2.32457e+12",="6.88200e+11",="1.39177e+13",="1.39566e+12",="8.49362e+12",="7.31372e+12",="1.72772e+12",="1.37777e+12",="6.60400e+12",="1.07943e+13",="1.73675e+11",="1.05335e+11",="4.22707e+10",="1.57752e+10",="3.84834e+11",="4.02331e+10",="2.37797e+11",="2.59938e+11",="8.17201e+10",="5.41742e+10",="1.24895e+11",="2.62880e+11",="285404.9",="693618.9",="1945691.7",="3798319.4",="6818476.8",="1171964.9",="2111557.9",="4316838.2",="1302245.4",="2250132.2",="2501638.6",="4344266.4"
