="",="n_startpop_5564",="n_startpop_6574",="n_startpop_65p",="n_startpop_7584",="n_startpop_85p",="n_startpop_all",="n_startpop_blk",="n_startpop_college",="n_startpop_f",="n_startpop_his",="n_startpop_his_f",="n_startpop_hsless",="n_startpop_m",="n_startpop_wht",="p_cogstate1_5564",="p_cogstate1_6574",="p_cogstate1_65p",="p_cogstate1_7584",="p_cogstate1_85p",="p_cogstate1_all",="p_cogstate1_blk",="p_cogstate1_f",="p_cogstate1_his",="p_cogstate1_m",="p_cogstate1_wht",="n_cogstate1_5564",="n_cogstate1_6574",="n_cogstate1_65p",="n_cogstate1_7584",="n_cogstate1_85p",="n_cogstate1_Age55l",="n_cogstate1_all",="n_cogstate1_blk",="n_cogstate1_f",="n_cogstate1_his",="n_cogstate1_m",="n_cogstate1_wht",="p_cogstate2_5564",="p_cogstate2_6574",="p_cogstate2_65p",="p_cogstate2_7584",="p_cogstate2_85p",="p_cogstate2_all",="p_cogstate2_blk",="p_cogstate2_college",="p_cogstate2_f",="p_cogstate2_his",="p_cogstate2_his_f",="p_cogstate2_hsless",="p_cogstate2_m",="p_cogstate2_wht",="n_cogstate2_5564",="n_cogstate2_6574",="n_cogstate2_65p",="n_cogstate2_7584",="n_cogstate2_85p",="n_cogstate2_all",="n_cogstate2_blk",="n_cogstate2_college",="n_cogstate2_f",="n_cogstate2_his",="n_cogstate2_his_f",="n_cogstate2_hsless",="n_cogstate2_m",="n_cogstate2_wht",="n_nhmliv_dem_5564",="n_nhmliv_dem_6574",="n_nhmliv_dem_65p",="n_nhmliv_dem_7584",="n_nhmliv_dem_85p",="n_nhmliv_dem_Age55l",="n_nhmliv_dem_all",="n_nhmliv_dem_blk",="n_nhmliv_dem_f",="n_nhmliv_dem_his",="n_nhmliv_dem_m",="n_nhmliv_dem_wht",="s_helphoursyr_dem_5564",="s_helphoursyr_dem_6574",="s_helphoursyr_dem_65p",="s_helphoursyr_dem_7584",="s_helphoursyr_dem_85p",="s_helphoursyr_dem_Age55l",="s_helphoursyr_dem_all",="s_helphoursyr_dem_blk",="s_helphoursyr_dem_f",="s_helphoursyr_dem_his",="s_helphoursyr_dem_m",="s_helphoursyr_dem_wht",="t_totmd_dem_5564",="t_totmd_dem_6574",="t_totmd_dem_65p",="t_totmd_dem_7584",="t_totmd_dem_85p",="t_totmd_dem_Age55l",="t_totmd_dem_all",="t_totmd_dem_blk",="t_totmd_dem_f",="t_totmd_dem_his",="t_totmd_dem_m",="t_totmd_dem_wht",="t_mcare_dem_5564",="t_mcare_dem_6574",="t_mcare_dem_65p",="t_mcare_dem_7584",="t_mcare_dem_85p",="t_mcare_dem_Age55l",="t_mcare_dem_all",="t_mcare_dem_blk",="t_mcare_dem_f",="t_mcare_dem_his",="t_mcare_dem_m",="t_mcare_dem_wht",="t_caidmd_dem_5564",="t_caidmd_dem_6574",="t_caidmd_dem_65p",="t_caidmd_dem_7584",="t_caidmd_dem_85p",="t_caidmd_dem_Age55l",="t_caidmd_dem_all",="t_caidmd_dem_blk",="t_caidmd_dem_f",="t_caidmd_dem_his",="t_caidmd_dem_m",="t_caidmd_dem_wht",="t_oopmd_dem_5564",="t_oopmd_dem_6574",="t_oopmd_dem_65p",="t_oopmd_dem_7584",="t_oopmd_dem_85p",="t_oopmd_dem_Age55l",="t_oopmd_dem_all",="t_oopmd_dem_blk",="t_oopmd_dem_f",="t_oopmd_dem_his",="t_oopmd_dem_m",="t_oopmd_dem_wht",="qaly_loss_plwd_5564",="qaly_loss_plwd_6574",="qaly_loss_plwd_65p",="qaly_loss_plwd_7584",="qaly_loss_plwd_85p",="qaly_loss_plwd_Age55l",="qaly_loss_plwd_all",="qaly_loss_plwd_blk",="qaly_loss_plwd_f",="qaly_loss_plwd_his",="qaly_loss_plwd_m",="qaly_loss_plwd_wht",="earnings_loss_plwd_5564",="earnings_loss_plwd_6574",="earnings_loss_plwd_65p",="earnings_loss_plwd_7584",="earnings_loss_plwd_85p",="earnings_loss_plwd_Age55l",="earnings_loss_plwd_all",="earnings_loss_plwd_blk",="earnings_loss_plwd_f",="earnings_loss_plwd_his",="earnings_loss_plwd_m",="earnings_loss_plwd_wht"
="2.year_inc",="0",="0",="0",="0",="0",="0",="0",="0",="0",="0",="0",="0",="0",="0",="0",="0",="0",="0",="0",="0",="0",="0",="0",="0",="0",="0",="0",="0",="0",="0",="0",="0",="0",="0",="0",="0",="0",="0",="0",="0",="0",="0",="0",="0",="0",="0",="0",="0",="0",="0",="0",="0",="0",="0",="0",="0",="0",="0",="0",="0",="0",="0",="0",="0",="0",="0",="0",="0",="0",="0",="0",="0",="0",="0",="0",="0",="0",="0",="0",="0",="0",="0",="0",="0",="0",="0",="0",="0",="0",="0",="0",="0",="0",="0",="0",="0",="0",="0",="0",="0",="0",="0",="0",="0",="0",="0",="0",="0",="0",="0",="0",="0",="0",="0",="0",="0",="0",="0",="0",="0",="0",="0",="0",="0",="0",="0",="0",="0",="0",="0",="0",="0",="0",="0",="0",="0",="0",="0",="0",="0",="0",="0",="0",="0",="0",="0",="0",="0",="0",="0",="0",="0",="0",="0",="0",="0",="0",="0",="0",="0",="0"
="4.year_inc",="-1038020.9",="342323.5",="3139380.7",="2055668.8",="741388.4",="2439659.2",="377939.1",="1658319.4",="1346316.7",="1195228.7",="601601.3",="332906.5",="1093342.5",="866491.4",="0.000125",="-0.000149",="-0.00546",="-0.00796",="-0.0245",="-0.00292",="-0.00579",="-0.00339",="-0.00482",="-0.00237",="-0.00235",="-5788.0",="-3972.1",="-334162.5",="-162246.8",="-167945.7",="5319.0",="-334632.8",="-65432.6",="-209183.7",="-51148.3",="-125449.2",="-218050.4",="0.00220",="-0.00504",="-0.0147",="-0.0222",="-0.0432",="-0.00774",="-0.00788",="-0.00575",="-0.00826",="-0.00730",="-0.0102",="-0.0109",="-0.00716",="-0.00906",="-1573.8",="-180597.5",="-830121.6",="-398396.2",="-251127.9",="-791970.2",="-42476.4",="-364347.0",="-460437.5",="79173.8",="7857.7",="-75781.0",="-331532.7",="-828667.6",="-543.0",="-5170.8",="-78391.9",="-6848.8",="-66373.6",="-90.00",="-79023.3",="-11638.2",="-52039.2",="-5173.9",="-26986.2",="-62211.5",="-9258203.0",="14230786.4",="-401235115.6",="-128939969.9",="-286525960.5",="14042296.0",="-396451036.7",="-76610743.2",="-202747639.6",="-141927667.8",="-193703340.3",="-177912694.0",="-177612362.0",="-170208032.2",="-1.49637e+10",="-6.19974e+09",="-8.59377e+09",="64392937.0",="-1.50769e+10",="-2.99257e+09",="-9.01061e+09",="-1.81133e+09",="-6.06632e+09",="-1.02730e+10",="13620358.0",="-14210777.7",="-7.15722e+09",="-3.82314e+09",="-3.31987e+09",="5269234.0",="-7.13833e+09",="-1.83530e+09",="-3.97004e+09",="-1.11018e+09",="-3.16829e+09",="-4.19284e+09",="-127072357.0",="2940222.0",="-3.74770e+09",="-704993477.2",="-3.04565e+09",="15562588.0",="-3.85921e+09",="-945087437.9",="-3.49181e+09",="-300452494.8",="-367397006.3",="-2.61367e+09",="-29867459.7",="-418559.9",="-3.33487e+09",="-968582257.4",="-2.36587e+09",="7014958.0",="-3.35772e+09",="-460577427.1",="-2.15829e+09",="-294831595.7",="-1.19943e+09",="-2.60232e+09",="3129278.7",="-9.68947e+09",="-4.52144e+10",="-2.17427e+10",="-1.37823e+10",="38201011.0",="-4.51731e+10",="-5.88575e+09",="-2.46382e+10",="-4.44354e+09",="-2.05349e+10",="-3.48438e+10",="-435899589.5",="-1.55567e+09",="-1.35423e+09",="111760603.9",="89674422.5",="-94189717.0",="-1.88432e+09",="-562230207.8",="-649333676.2",="-612328647.1",="-1.23499e+09",="-709763902.4"
="6.year_inc",="-1393162.1",="-136518.2",="5465211.8",="3547741.6",="2053988.3",="5295539.5",="814840.9",="3456276.2",="2920737.5",="2493167.8",="1247658.6",="807053.2",="2374802.1",="1987530.8",="0.000227",="-0.000154",="-0.00789",="-0.0108",="-0.0414",="-0.00424",="-0.00980",="-0.00503",="-0.00671",="-0.00334",="-0.00336",="-5546.0",="-6311.2",="-476429.5",="-219372.1",="-250745.1",="16591.0",="-465384.0",="-107037.4",="-299534.3",="-52974.5",="-165852.4",="-305372.1",="0.00383",="-0.00663",="-0.0189",="-0.0320",="-0.0584",="-0.00965",="-0.0113",="-0.00627",="-0.0111",="-0.0123",="-0.0155",="-0.0166",="-0.00799",="-0.0114",="31113.7",="-258253.1",="-963954.6",="-563604.6",="-142097.0",="-804780.9",="-14460.5",="-326682.1",="-537673.1",="206181.1",="62446.2",="-42280.4",="-267107.8",="-996501.6",="-44.00",="-6063.4",="-118482.1",="-8175.8",="-104245.5",="530.0",="-117993.3",="-14917.6",="-80390.5",="-8222.5",="-37602.5",="-94852.7",="4057509.9",="26466268.8",="-503971736.8",="-186512766.0",="-343925230.9",="-5525244.0",="-505439422.5",="-119722523.0",="-351498549.7",="-196054856.6",="-153940829.8",="-189662125.7",="-191284541.6",="-590307013.3",="-2.20592e+10",="-8.14344e+09",="-1.33254e+10",="196379200.0",="-2.20541e+10",="-4.85026e+09",="-1.39804e+10",="-2.09361e+09",="-8.07370e+09",="-1.51102e+10",="-10874249.0",="-355590559.0",="-1.05001e+10",="-5.00160e+09",="-5.14293e+09",="20321386.0",="-1.04907e+10",="-2.78686e+09",="-6.31928e+09",="-1.11594e+09",="-4.17139e+09",="-6.58786e+09",="-174051092.0",="253891261.8",="-5.82418e+09",="-1.06415e+09",="-5.01392e+09",="58540752.0",="-5.93969e+09",="-1.59050e+09",="-5.18974e+09",="-433252101.1",="-749952673.0",="-3.91594e+09",="-36638595.0",="-40125695.8",="-4.88847e+09",="-1.22584e+09",="-3.62250e+09",="19965792.0",="-4.90514e+09",="-837548068.2",="-3.31309e+09",="-423264309.9",="-1.59205e+09",="-3.64433e+09",="181409093.0",="-1.37048e+10",="-8.23493e+10",="-4.07094e+10",="-2.79351e+10",="35964942.0",="-8.21319e+10",="-1.10146e+10",="-4.59357e+10",="-8.21657e+09",="-3.61962e+10",="-6.29007e+10",="-877123650.4",="-956619929.5",="-2.81568e+09",="-1.84814e+09",="-10924920.2",="237095.0",="-3.69257e+09",="-494910257.4",="-887351390.6",="-508420423.3",="-2.80521e+09",="-2.68924e+09"
="8.year_inc",="-1409447.2",="-829754.1",="7634529.2",="4824918.0",="3639365.4",="8102666.7",="1218573.0",="5150243.2",="4418288.7",="3761172.8",="1866388.9",="1314391.5",="3684378.0",="3122920.8",="0.000366",="-0.000348",="-0.00893",="-0.0118",="-0.0514",="-0.00477",="-0.0122",="-0.00559",="-0.00715",="-0.00385",="-0.00379",="-301.0",="-16957.5",="-519778.4",="-231332.4",="-271487.6",="25077.0",="-494999.7",="-128837.5",="-316576.8",="-29375.8",="-178424.2",="-336785.6",="0.00566",="-0.00522",="-0.0184",="-0.0331",="-0.0720",="-0.00873",="-0.0108",="-0.00549",="-0.00984",="-0.0133",="-0.0169",="-0.0198",="-0.00744",="-0.0112",="100633.6",="-230285.5",="-736382.8",="-510919.3",="4822.0",="-442372.8",="66506.2",="-187497.8",="-329863.3",="399873.3",="148615.5",="32446.4",="-112509.5",="-908752.3",="-464.0",="-6561.7",="-145652.5",="-18367.8",="-120723.4",="159.0",="-145955.6",="-22869.9",="-106291.5",="-8658.7",="-39663.9",="-114424.7",="20558324.8",="55353495.4",="-501172721.5",="-250886751.2",="-305639443.5",="12664509.0",="-467949894.6",="-114190201.2",="-291911104.2",="-74416422.7",="-176038740.7",="-279343324.0",="-165075187.0",="-1.23426e+09",="-2.44815e+10",="-8.85089e+09",="-1.43964e+10",="255735048.0",="-2.43909e+10",="-6.07162e+09",="-1.59254e+10",="-1.42255e+09",="-8.46547e+09",="-1.68967e+10",="21543114.7",="-834206283.8",="-1.08289e+10",="-5.01319e+09",="-4.98154e+09",="22958676.0",="-1.07844e+10",="-3.23721e+09",="-6.70042e+09",="-1.06709e+09",="-4.08402e+09",="-6.48014e+09",="-174861005.0",="-628277164.4",="-8.63204e+09",="-1.99149e+09",="-6.01228e+09",="92989000.0",="-8.71392e+09",="-1.91165e+09",="-7.03529e+09",="-1.01353e+09",="-1.67862e+09",="-5.78873e+09",="-30564659.7",="-123915272.0",="-5.69446e+09",="-1.45339e+09",="-4.11716e+09",="27112929.0",="-5.69792e+09",="-1.11923e+09",="-3.93391e+09",="-198259670.6",="-1.76400e+09",="-4.38043e+09",="-7102335.4",="-1.40773e+10",="-1.09607e+11",="-5.70775e+10",="-3.84525e+10",="91656282.0",="-1.09523e+11",="-1.49381e+10",="-6.10511e+10",="-1.16644e+10",="-4.84716e+10",="-8.29202e+10",="-394256813.8",="-1.28633e+09",="-4.41987e+09",="-2.95013e+09",="-183403084.5",="-91448116.0",="-4.90557e+09",="-528630538.2",="-842732503.2",="-860715228.9",="-4.06284e+09",="-3.51622e+09"
="10.year_inc",="-1264229.4",="-1201392.2",="9837331.1",="5970063.5",="5068659.8",="10628525.1",="1616969.7",="6580067.9",="5793875.5",="5027721.4",="2486801.7",="1843865.1",="4834649.5",="3983834.0",="0.000652",="-0.000324",="-0.00952",="-0.0130",="-0.0563",="-0.00501",="-0.0127",="-0.00614",="-0.00776",="-0.00371",="-0.00408",="12408.0",="-17712.4",="-529848.8",="-254167.8",="-257966.0",="27137.0",="-490304.4",="-122707.6",="-337128.0",="-10557.2",="-153176.6",="-357039.5",="0.00714",="-0.00257",="-0.0147",="-0.0324",="-0.0708",="-0.00614",="-0.0110",="-0.00285",="-0.00853",="-0.0128",="-0.0173",="-0.0183",="-0.00339",="-0.00897",="171519.7",="-145366.3",="-252410.5",="-411163.5",="304119.3",="133597.4",="133950.1",="97327.3",="-120440.5",="625575.6",="246204.2",="188470.7",="254037.9",="-625928.3",="-190.0",="-5022.6",="-140207.6",="-14627.5",="-120555.4",="814.0",="-139580.4",="-20854.9",="-114009.7",="-8377.5",="-25571.6",="-110349.4",="47297227.4",="15963882.3",="-670083497.5",="-385321899.3",="-300725525.6",="5164903.0",="-617621465.6",="-130916553.6",="-483600594.4",="-202790387.5",="-134020821.8",="-283914555.6",="78768509.5",="-1.01954e+09",="-2.37634e+10",="-9.14183e+09",="-1.36020e+10",="307389962.0",="-2.33772e+10",="-5.35577e+09",="-1.64095e+10",="-1.04207e+09",="-6.96772e+09",="-1.69794e+10",="51434874.1",="-642732467.1",="-1.10246e+10",="-5.23085e+09",="-5.15099e+09",="9751855.0",="-1.09634e+10",="-2.99087e+09",="-6.72977e+09",="-644495004.0",="-4.23360e+09",="-7.32801e+09",="-54223851.7",="-549456535.3",="-8.71904e+09",="-2.40778e+09",="-5.76180e+09",="108127662.0",="-8.66514e+09",="-2.17030e+09",="-7.15572e+09",="-876276321.5",="-1.50942e+09",="-5.61856e+09",="6221388.9",="-110693210.3",="-5.34812e+09",="-1.44704e+09",="-3.79039e+09",="34624445.0",="-5.30727e+09",="-946362435.5",="-4.20505e+09",="-218569080.3",="-1.10222e+09",="-4.14234e+09",="-319225085.2",="-1.44162e+10",="-1.30353e+11",="-6.84031e+10",="-4.75338e+10",="88399599.0",="-1.30584e+11",="-1.84374e+10",="-7.35854e+10",="-1.52450e+10",="-5.69986e+10",="-9.69016e+10",="-808025321.2",="-1.67286e+09",="-5.44775e+09",="-3.61863e+09",="-156253594.9",="-64950476.0",="-6.32072e+09",="-673422732.4",="-1.16525e+09",="-1.23447e+09",="-5.15547e+09",="-4.41283e+09"
="12.year_inc",="-408648.6",="-2063064.9",="11180440.9",="6562089.3",="6681416.5",="13083130.1",="2031831.7",="7877534.5",="7099988.5",="6269170.3",="3092039.6",="2382991.7",="5983141.6",="4782128.1",="0.000702",="-0.000379",="-0.00929",="-0.0130",="-0.0592",="-0.00484",="-0.0129",="-0.00586",="-0.00849",="-0.00367",="-0.00380",="23781.0",="-23726.8",="-485064.6",="-245937.7",="-215398.5",="31498.0",="-429786.1",="-112709.3",="-296518.4",="3525.4",="-133269.6",="-320599.7",="0.00768",="-0.000281",="-0.0107",="-0.0301",="-0.0711",="-0.00338",="-0.0106",="-0.000859",="-0.00616",="-0.0102",="-0.0175",="-0.0114",="-0.000202",="-0.00700",="271338.0",="-98085.6",="213868.2",="-297897.7",="609851.5",="739837.6",="215529.2",="329511.6",="164760.4",="898306.5",="342795.9",="437149.8",="575077.1",="-373998.1",="1774.0",="-5539.3",="-133004.9",="-17951.5",="-109514.7",="-131.0",="-131359.1",="-20276.0",="-97744.1",="-9825.7",="-33614.6",="-101258.0",="53162323.3",="-16951729.2",="-368864759.9",="-185623512.8",="-166289465.6",="2357230.0",="-313345204.6",="-83834069.2",="-288088348.7",="-50000826.8",="-25256847.4",="-179510299.1",="339339224.2",="-1.16658e+09",="-2.10218e+10",="-9.18773e+09",="-1.06675e+10",="363055242.0",="-2.03194e+10",="-5.34787e+09",="-1.38610e+10",="-611933923.9",="-6.45840e+09",="-1.43596e+10",="101247942.3",="-790478712.6",="-9.48874e+09",="-5.36806e+09",="-3.33021e+09",="11577524.0",="-9.37592e+09",="-2.92543e+09",="-5.82234e+09",="-659427382.6",="-3.55358e+09",="-5.79106e+09",="14604180.7",="-102436591.2",="-7.19815e+09",="-2.09098e+09",="-5.00473e+09",="74415200.0",="-7.10913e+09",="-1.99875e+09",="-6.35885e+09",="-612885642.0",="-750282194.5",="-4.49749e+09",="41387408.3",="-138712223.8",="-4.85839e+09",="-1.51441e+09",="-3.20527e+09",="35202050.0",="-4.78180e+09",="-995628076.7",="-3.48343e+09",="-165373145.9",="-1.29837e+09",="-3.62080e+09",="-50307766.2",="-1.31486e+10",="-1.45093e+11",="-7.56744e+10",="-5.62695e+10",="125094525.0",="-1.45018e+11",="-2.10903e+10",="-8.22105e+10",="-1.72286e+10",="-6.28072e+10",="-1.06699e+11",="-106278525.3",="-2.83538e+09",="-8.66829e+09",="-5.60543e+09",="-227477056.6",="231710225.0",="-8.54286e+09",="-870268870.2",="-1.45433e+09",="-2.00915e+09",="-7.08853e+09",="-5.66344e+09"
="14.year_inc",="669880.0",="-2897770.0",="12140155.3",="6850777.2",="8187148.1",="15642508.7",="2531677.9",="9176771.7",="8437391.3",="7524207.1",="3704262.2",="3019786.9",="7205117.4",="5586623.6",="0.000721",="-0.000452",="-0.00880",="-0.0132",="-0.0598",="-0.00450",="-0.0128",="-0.00592",="-0.00888",="-0.00289",="-0.00344",="36433.0",="-30134.4",="-422284.3",="-248008.5",="-144139.7",="42087.0",="-343763.1",="-94050.8",="-280425.4",="24601.4",="-63341.7",="-274313.2",="0.00802",="0.000263",="-0.00712",="-0.0281",="-0.0682",="-0.000811",="-0.00602",="0.00130",="-0.00293",="-0.00990",="-0.0152",="-0.0127",="0.00161",="-0.00544",="384882.5",="-115073.7",="626189.0",="-211898.3",="953161.0",="1340265.9",="379805.9",="580518.0",="523707.1",="1120802.9",="472069.5",="573319.2",="816558.8",="-160342.9",="-136.0",="-7429.5",="-124190.2",="-20650.5",="-96113.3",="18.00",="-124308.8",="-20703.7",="-95652.6",="-9346.6",="-28655.8",="-94258.4",="50435282.6",="-74146902.7",="-560738753.1",="-300345309.2",="-186246503.2",="10297782.0",="-500005788.4",="-75740202.1",="-425330452.2",="-68429372.6",="-74675250.5",="-355836051.9",="404599576.7",="-1.49440e+09",="-1.83267e+10",="-9.70883e+09",="-7.12352e+09",="463792697.0",="-1.74584e+10",="-4.72031e+09",="-1.35258e+10",="-8225739.2",="-3.93252e+09",="-1.27298e+10",="88398755.0",="-751755585.6",="-7.82260e+09",="-5.34159e+09",="-1.72925e+09",="10795621.0",="-7.72340e+09",="-2.64317e+09",="-5.92098e+09",="-250639647.9",="-1.80243e+09",="-4.82960e+09",="119558722.8",="-264504496.8",="-7.05384e+09",="-1.48090e+09",="-5.30844e+09",="178763055.0",="-6.75552e+09",="-2.03194e+09",="-6.08376e+09",="-106051317.9",="-671756162.0",="-4.61753e+09",="40794954.9",="-227864099.2",="-4.23261e+09",="-1.71199e+09",="-2.29276e+09",="48329359.0",="-4.14349e+09",="-871688708.8",="-3.26054e+09",="29550247.3",="-882944751.9",="-3.30135e+09",="32405789.6",="-1.55547e+10",="-1.53604e+11",="-7.68506e+10",="-6.11985e+10",="103777475.0",="-1.53468e+11",="-2.32889e+10",="-8.70103e+10",="-1.99056e+10",="-6.64573e+10",="-1.10273e+11",="941943249.3",="-1.79774e+09",="-8.36667e+09",="-6.38782e+09",="-181122891.8",="-164569656.0",="-7.58930e+09",="-1.11373e+09",="-1.84993e+09",="-584485034.4",="-5.73938e+09",="-5.89109e+09"
="16.year_inc",="1890493.8",="-3185854.3",="12855599.1",="6489515.6",="9551937.8",="18551883.0",="3147464.3",="10605316.8",="9949321.2",="8912382.0",="4393071.4",="3747555.6",="8602561.7",="6492036.6",="0.000849",="0.000190",="-0.00646",="-0.0109",="-0.0569",="-0.00310",="-0.0122",="-0.00416",="-0.00637",="-0.00188",="-0.00238",="55259.0",="-8675.8",="-208537.4",="-181133.2",="-18727.2",="58124.0",="-95153.7",="-62408.9",="-121305.6",="123554.6",="26150.2",="-156298.4",="0.00837",="0.000967",="-0.00442",="-0.0262",="-0.0691",="0.00136",="-0.00105",="0.00453",="-0.000345",="-0.0134",="-0.0195",="-0.0166",="0.00330",="-0.00366",="513024.4",="-103181.0",="955169.8",="-166115.2",="1224466.0",="1926650.4",="576448.8",="937182.1",="855885.6",="1267577.4",="528686.2",="684800.8",="1070764.8",="82624.2",="-670.0",="-4975.1",="-115629.2",="-23365.4",="-87288.2",="583.0",="-115713.8",="-16654.6",="-68386.4",="-10939.4",="-47329.5",="-88119.7",="114295107.3",="10242913.5",="-25633433.4",="-104300398.4",="68424111.4",="38131435.0",="126793151.9",="-99974071.7",="-6659437.8",="223628991.5",="133452570.0",="3138046.0",="691252621.5",="-715858880.6",="-1.06431e+10",="-7.76203e+09",="-2.16518e+09",="668676229.0",="-9.28314e+09",="-3.42426e+09",="-6.57544e+09",="3.00160e+09",="-2.70770e+09",="-8.86048e+09",="115000508.5",="-620486919.1",="-3.37400e+09",="-4.38276e+09",="1.62925e+09",="30882469.0",="-3.22812e+09",="-1.98641e+09",="-2.44361e+09",="1.74299e+09",="-784501572.9",="-2.98469e+09",="134002945.8",="188765066.6",="-7.38311e+09",="-2.70720e+09",="-4.86467e+09",="201389618.0",="-7.04772e+09",="-2.17153e+09",="-4.74439e+09",="-236756494.4",="-2.30332e+09",="-4.63943e+09",="62855319.8",="-25145558.9",="-2.87309e+09",="-1.23495e+09",="-1.61299e+09",="70281702.0",="-2.73995e+09",="-659806599.5",="-1.78881e+09",="368147067.0",="-951136444.9",="-2.44829e+09",="345693534.0",="-1.46143e+10",="-1.54859e+11",="-7.70881e+10",="-6.31571e+10",="128129359.0",="-1.54386e+11",="-2.33911e+10",="-8.72903e+10",="-2.04238e+10",="-6.70954e+10",="-1.10571e+11",="365183558.9",="-1.36495e+09",="-7.04112e+09",="-5.46082e+09",="-215357909.5",="303393573.0",="-6.37255e+09",="-706307511.6",="-2.26902e+09",="-764941089.0",="-4.10353e+09",="-4.90130e+09"
="18.year_inc",="3157205.7",="-3120624.7",="13551412.2",="5963901.3",="10708135.6",="21023937.2",="3710680.1",="11694110.2",="11174489.0",="10292274.3",="5056676.1",="4474952.7",="9849448.2",="7020982.8",="0.000949",="-0.000432",="-0.00682",="-0.0128",="-0.0568",="-0.00325",="-0.0109",="-0.00418",="-0.00794",="-0.00219",="-0.00260",="73768.0",="-30455.8",="-218495.9",="-243180.1",="55142.1",="68495.0",="-76233.6",="-21187.9",="-101730.8",="116742.8",="25496.7",="-171788.4",="0.00927",="0.000507",="0.000516",="-0.0216",="-0.0600",="0.00490",="-0.000269",="0.00781",="0.00304",="-0.0110",="-0.0172",="-0.0120",="0.00700",="-0.000759",="669560.3",="-116211.1",="1459412.2",="-61439.5",="1637062.8",="2680569.2",="694377.1",="1284454.9",="1232337.0",="1569173.9",="667410.3",="950136.9",="1448232.1",="417018.2",="412.0",="-5221.1",="-118740.0",="-14181.6",="-99338.0",="21.00",="-118306.3",="-6953.7",="-84562.2",="-7727.5",="-33744.2",="-103624.1",="111586408.1",="29875389.1",="44978304.8",="-334955062.9",="350057944.0",="41288121.0",="197852841.6",="36529822.0",="-80135135.7",="253275616.7",="277987884.9",="-91952708.3",="957540699.1",="-1.36225e+09",="-1.15496e+10",="-9.86492e+09",="-322399488.9",="777356268.0",="-9.81467e+09",="-1.82176e+09",="-7.08190e+09",="2.05920e+09",="-2.73278e+09",="-1.00521e+10",="92369257.1",="-895527316.6",="-4.11433e+09",="-6.04338e+09",="2.82458e+09",="54839619.0",="-3.96712e+09",="-1.42240e+09",="-2.66112e+09",="690879504.0",="-1.30600e+09",="-3.23560e+09",="327534792.3",="-385122430.2",="-5.69192e+09",="-1.55582e+09",="-3.75098e+09",="305933401.0",="-5.05846e+09",="-889164350.5",="-3.89401e+09",="-349240796.5",="-1.16444e+09",="-3.82005e+09",="97580069.8",="-166242512.0",="-3.01062e+09",="-1.46198e+09",="-1.38240e+09",="77409057.0",="-2.83563e+09",="-286425805.6",="-2.02207e+09",="378359538.4",="-813561426.6",="-2.92757e+09",="392166798.7",="-1.49495e+10",="-1.50522e+11",="-7.56769e+10",="-5.98954e+10",="260245098.0",="-1.49869e+11",="-2.34737e+10",="-8.36704e+10",="-2.02463e+10",="-6.61991e+10",="-1.06149e+11",="1.78916e+09",="-1.02844e+09",="-6.53993e+09",="-4.97542e+09",="-536067066.3",="195492255.0",="-4.55528e+09",="16711883.0",="-1.72988e+09",="-1.27030e+09",="-2.82539e+09",="-3.30169e+09"
="20.year_inc",="4474644.0",="-2869653.8",="14515109.8",="5780774.7",="11603988.9",="23022667.1",="4159120.5",="12379384.9",="12175174.4",="11690358.0",="5750712.3",="5171310.4",="10847492.8",="7173188.7",="0.00113",="0.000330",="-0.00503",="-0.0113",="-0.0544",="-0.00217",="-0.00767",="-0.00315",="-0.00779",="-0.00104",="-0.00182",="96788.0",="-2013.1",="-43928.0",="-200955.4",="159042.2",="66760.0",="119621.0",="51791.7",="-2933.7",="157010.2",="122551.9",="-89180.1",="0.0104",="0.00181",="0.00358",="-0.0226",="-0.0525",="0.00723",="-0.00136",="0.00968",="0.00620",="-0.00858",="-0.0126",="-0.0114",="0.00836",="0.000745",="845820.5",="-58889.1",="1826681.6",="-101822.3",="1987393.0",="3222787.6",="757730.8",="1489531.2",="1577208.4",="1878588.1",="848698.3",="1134208.1",="1645579.2",="586468.7",="475.0",="-2600.6",="-34419.2",="-10465.0",="-21353.7",="536.0",="-33406.3",="5791.9",="-28935.7",="18265.2",="-4470.5",="-57461.6",="108642157.7",="64687697.9",="497541129.1",="-180933838.4",="613787368.3",="26770344.0",="632953655.1",="129824430.2",="308557968.9",="326431137.5",="324395727.9",="176698016.1",="1.22554e+09",="-179579147.3",="1.95167e+09",="-7.16857e+09",="9.29982e+09",="754102405.0",="3.93131e+09",="1.87991e+09",="108331644.5",="5.52919e+09",="3.82298e+09",="-3.47779e+09",="103024041.2",="-302999407.8",="2.26743e+09",="-4.21857e+09",="6.78900e+09",="56333568.0",="2.42678e+09",="567346154.8",="283023485.2",="2.44907e+09",="2.14376e+09",="-589638123.0",="321530981.4",="17358726.2",="-328686494.9",="-1.04154e+09",="695497355.9",="229389465.0",="222233726.5",="1697355.0",="-1.09900e+09",="2.33827e+09",="1.32123e+09",="-2.11773e+09",="129813895.4",="55686851.2",="480928512.4",="-1.00423e+09",="1.42947e+09",="76622613.0",="687366257.7",="485807219.0",="62313269.3",="1.17909e+09",="625052340.0",="-977527829.8",="626056426.9",="-1.55020e+10",="-1.44109e+11",="-7.42255e+10",="-5.43814e+10",="304138817.0",="-1.43179e+11",="-2.15913e+10",="-7.98838e+10",="-2.06804e+10",="-6.32949e+10",="-1.00907e+11",="2.79785e+09",="-1.51831e+09",="-5.70443e+09",="-3.92567e+09",="-260445982.1",="329114503.0",="-2.57747e+09",="142144303.8",="-424956713.5",="-133750945.8",="-2.15251e+09",="-2.58586e+09"
="22.year_inc",="5609633.6",="-2037802.5",="15441721.5",="5200391.1",="12279132.9",="24739777.4",="4493708.3",="12909982.8",="12997830.4",="13023530.6",="6408507.5",="5844701.3",="11741946.9",="7222538.4",="0.00139",="0.00100",="-0.00424",="-0.0130",="-0.0508",="-0.00163",="-0.00831",="-0.00263",="-0.00610",="-0.000495",="-0.00159",="121684.0",="27021.8",="47180.7",="-256847.1",="277010.4",="62136.0",="230999.8",="52894.8",="54868.0",="241664.2",="176132.0",="-63559.3",="0.0122",="0.00209",="0.00637",="-0.0208",="-0.0466",="0.00939",="0.00358",="0.0117",="0.00807",="-0.00913",="-0.0129",="-0.0106",="0.0109",="0.00194",="1032988.9",="-10149.3",="2166287.4",="-87647.8",="2264084.5",="3720287.0",="910022.6",="1704489.5",="1807414.5",="2093541.8",="955870.5",="1318205.8",="1912872.5",="716722.6",="3817.0",="-2474.6",="7197.0",="-15015.6",="24685.2",="86.00",="11102.0",="-498.8",="7194.8",="22734.0",="3906.5",="-11135.2",="109773835.0",="83499760.9",="176462817.2",="-439220299.6",="532183411.4",="48630111.0",="334866591.4",="6767384.7",="182485760.7",="321479800.6",="152380994.8",="6619486.0",="1.67006e+09",="1.18248e+09",="6.96534e+09",="-9.37161e+09",="1.51545e+10",="673763047.0",="9.30916e+09",="1.14271e+09",="3.41994e+09",="8.96851e+09",="5.88922e+09",="-802061680.9",="148996230.5",="291638518.1",="3.50551e+09",="-5.53204e+09",="8.74591e+09",="33908682.0",="3.68841e+09",="93804013.1",="1.32099e+09",="3.99286e+09",="2.36742e+09",="-398252760.7",="342227662.2",="460010555.2",="762005185.9",="-2.08921e+09",="2.39120e+09",="288572008.0",="1.39281e+09",="-634859782.4",="-479587603.3",="2.63237e+09",="1.87239e+09",="-604701541.5",="172145930.9",="309472329.0",="2.06573e+09",="-1.44865e+09",="3.20491e+09",="69358632.0",="2.30723e+09",="345818227.3",="1.07847e+09",="1.81152e+09",="1.22876e+09",="149896781.5",="938134805.3",="-1.58061e+10",="-1.36261e+11",="-7.37494e+10",="-4.67056e+10",="233951418.0",="-1.35089e+11",="-2.02377e+10",="-7.44015e+10",="-2.00067e+10",="-6.06876e+10",="-9.48447e+10",="2.84965e+09",="-847442484.1",="-7.35864e+09",="-5.17319e+09",="-1.33801e+09",="296597721.0",="-4.21239e+09",="247669471.5",="-1.28997e+09",="-884738759.0",="-2.92241e+09",="-3.57532e+09"
="24.year_inc",="6471950.4",="-966211.6",="16312411.1",="4594619.5",="12684003.3",="26368509.4",="4831463.6",="13390295.1",="13713059.5",="14353890.7",="7053385.4",="6487446.0",="12655449.9",="7183155.1",="0.00149",="0.000269",="-0.00252",="-0.0101",="-0.0467",="-0.000618",="-0.00593",="-0.00107",="-0.00458",="-0.0000904",="-0.00117",="136572.0",="5688.8",="216503.3",="-179301.2",="390117.4",="61751.0",="414825.9",="109945.5",="193612.8",="325313.7",="221212.7",="-20431.9",="0.0137",="0.00427",="0.00708",="-0.0233",="-0.0449",="0.0104",="0.00197",="0.0117",="0.00813",="-0.00687",="-0.0134",="-0.00457",="0.0128",="0.00167",="1189009.4",="121629.3",="2316287.3",="-203676.2",="2398334.3",="4027109.4",="944068.3",="1727932.9",="1879105.4",="2395228.3",="1056129.8",="1603737.4",="2148004.1",="687812.9",="3053.0",="-9002.8",="48661.5",="-9432.2",="67096.3",="110.0",="51825.9",="25005.6",="25684.1",="44115.3",="26143.3",="-17293.3",="122257138.5",="-42866022.3",="606494864.8",="-222148433.6",="871509385.6",="21771185.0",="750523046.2",="155468817.9",="541445780.2",="499861995.3",="209077493.3",="95192410.7",="1.89726e+09",="-159217501.8",="1.52601e+10",="-6.49537e+09",="2.19146e+10",="690331126.0",="1.78477e+10",="5.28282e+09",="9.68688e+09",="1.23185e+10",="8.16078e+09",="246329002.9",="219367549.0",="-271623007.1",="7.29810e+09",="-3.87969e+09",="1.14494e+10",="52105422.0",="7.56957e+09",="2.04495e+09",="4.46278e+09",="5.23473e+09",="3.10679e+09",="289888722.6",="473847342.8",="-179324756.0",="3.45475e+09",="-1.48626e+09",="5.12034e+09",="165819701.0",="4.09442e+09",="1.29285e+09",="2.14621e+09",="3.32211e+09",="1.94821e+09",="-520531687.3",="197512563.0",="33769686.3",="4.04874e+09",="-937176733.9",="4.95215e+09",="70730322.0",="4.31699e+09",="1.37915e+09",="2.50819e+09",="2.72279e+09",="1.80879e+09",="215051997.1",="1.07864e+09",="-1.57738e+10",="-1.31468e+11",="-7.66448e+10",="-3.90494e+10",="310564242.0",="-1.30079e+11",="-1.99648e+10",="-7.32764e+10",="-1.90733e+10",="-5.68024e+10",="-9.10408e+10",="2.89285e+09",="-2.23622e+09",="-8.77644e+09",="-5.96750e+09",="-572717589.2",="115773984.0",="-5.76781e+09",="163092745.6",="-2.24199e+09",="-2.17829e+09",="-3.52582e+09",="-3.75262e+09"
="ivparm1",="0.0000141",="-1.014",="-2.400",="-1.319",="-0.0670",="-2.400",="-0.451",="-0.339",="-1.897",="-1.420",="-1.393",="-1.422",="-0.503",="-0.529",="-2.79e-14",="0.00932",="0.0247",="0.0253",="0.0858",="0.0140",="0.0253",="0.0150",="0.0207",="0.0129",="0.0112",="8.73e-08",="360519.2",="1794801.5",="616411.7",="817872.0",="0.000000363",="1794801.7",="351310.5",="1022577.2",="361943.9",="772223.7",="1081548.1",="-3.82e-14",="-0.00766",="-0.0233",="-0.0214",="-0.0920",="-0.0132",="-0.0236",="-0.00722",="-0.0141",="-0.0192",="-0.0211",="-0.0394",="-0.0122",="-0.0106",="0.000000163",="-296389.5",="-1695264.9",="-521898.2",="-876977.2",="-1695264.9",="-327836.1",="-546002.7",="-962476.7",="-335895.5",="-192745.4",="-575264.2",="-732788.2",="-1031533.3",="-9.58e-10",="3291.4",="200116.4",="32604.1",="164220.8",="-7.61e-09",="200117.7",="22616.6",="134888.6",="13824.9",="65228.4",="163676.7",="-0.000205",="349901148.7",="2.31802e+09",="780597059.8",="1.18752e+09",="0.0000270",="2.31802e+09",="426409185.8",="1.37557e+09",="527536012.3",="942449351.5",="1.36408e+09",="41053.1",="1.45789e+10",="7.47506e+10",="2.30964e+10",="3.70753e+10",="-0.00491",="7.47507e+10",="1.47370e+10",="4.32403e+10",="1.35060e+10",="3.15104e+10",="4.65076e+10",="0.00107",="7.03293e+09",="3.82371e+10",="1.27519e+10",="1.84522e+10",="-0.000615",="3.82371e+10",="8.37689e+09",="2.17129e+10",="7.13619e+09",="1.65242e+10",="2.27240e+10",="0.00483",="2.98468e+09",="1.46024e+10",="3.30082e+09",="8.31691e+09",="0.00107",="1.46024e+10",="3.01384e+09",="9.86852e+09",="3.35418e+09",="4.73387e+09",="8.23438e+09",="-21112.0",="2.76035e+09",="1.54471e+10",="4.02865e+09",="8.65810e+09",="0.0000780",="1.54471e+10",="2.58688e+09",="9.32122e+09",="2.43494e+09",="6.12586e+09",="1.04253e+10",="28471339.3",="2.77430e+09",="1.35652e+10",="5.76853e+09",="5.02242e+09",="0.000515",="1.35937e+10",="2.60635e+09",="7.51425e+09",="2.35762e+09",="6.07947e+09",="8.62975e+09",="0.0248",="148604587.4",="425801205.1",="257727675.3",="19468906.1",="0.00425",="425800868.3",="67035999.3",="147225257.1",="49286533.2",="278576041.6",="309478903.2"
="2.year_inc#c.ivparm1",="0",="0",="0",="0",="0",="0",="0",="0",="0",="0",="0",="0",="0",="0",="0",="0",="0",="0",="0",="0",="0",="0",="0",="0",="0",="0",="0",="0",="0",="0",="0",="0",="0",="0",="0",="0",="0",="0",="0",="0",="0",="0",="0",="0",="0",="0",="0",="0",="0",="0",="0",="0",="0",="0",="0",="0",="0",="0",="0",="0",="0",="0",="0",="0",="0",="0",="0",="0",="0",="0",="0",="0",="0",="0",="0",="0",="0",="0",="0",="0",="0",="0",="0",="0",="0",="0",="0",="0",="0",="0",="0",="0",="0",="0",="0",="0",="0",="0",="0",="0",="0",="0",="0",="0",="0",="0",="0",="0",="0",="0",="0",="0",="0",="0",="0",="0",="0",="0",="0",="0",="0",="0",="0",="0",="0",="0",="0",="0",="0",="0",="0",="0",="0",="0",="0",="0",="0",="0",="0",="0",="0",="0",="0",="0",="0",="0",="0",="0",="0",="0",="0",="0",="0",="0",="0",="0",="0",="0",="0",="0",="0"
="4.year_inc#c.ivparm1",="-0.000160",="-8787.7",="-95443.1",="-30245.7",="-56409.7",="-95443.1",="-17042.6",="-35204.3",="-49683.6",="-19416.1",="-8460.0",="-27717.9",="-45759.6",="-58984.4",="2.84e-14",="-0.00204",="-0.00441",="-0.00575",="-0.0136",="-0.00222",="-0.00195",="-0.00223",="-0.00181",="-0.00223",="-0.00244",="-0.000000102",="-76437.3",="-257957.0",="-99510.0",="-82006.9",="-0.000000218",="-257955.3",="-19244.7",="-135641.3",="-10105.8",="-122314.3",="-228607.9",="3.53e-13",="0.00265",="0.00634",="0.00760",="0.0217",="0.00336",="0.00301",="0.00231",="0.00350",="0.00355",="0.00443",="0.00760",="0.00321",="0.00348",="-0.000000677",="100675.7",="399446.5",="154418.6",="144352.1",="399446.5",="31458.1",="164646.1",="221272.0",="40312.5",="29266.3",="94775.8",="178174.5",="327675.9",="-3.20e-09",="3749.3",="5500.8",="-5771.6",="7525.0",="7.39e-09",="5500.4",="4049.2",="7007.9",="5274.1",="-1504.8",="-3823.1",="-171080.0",="-108114086.6",="-406521831.9",="-292072635.2",="-6335043.7",="-0.0000243",="-406692885.9",="10798375.7",="-227713883.5",="-64601040.4",="-178979086.1",="-352890115.0",="-33504.8",="-2.89025e+09",="-9.00287e+09",="-3.58964e+09",="-2.52299e+09",="0.00511",="-9.00291e+09",="-304387238.4",="-4.60245e+09",="-349277598.8",="-4.40045e+09",="-8.34924e+09",="-0.00128",="-1.72572e+09",="-5.10771e+09",="-1.59223e+09",="-1.78975e+09",="0.000735",="-5.10771e+09",="-127669912.4",="-2.71762e+09",="-237281206.4",="-2.39009e+09",="-4.74276e+09",="-0.00509",="8507669.1",="-647486570.6",="-437963030.9",="-218030688.6",="-0.00169",="-647487105.9",="282440912.9",="96312593.3",="-5710646.5",="-743799210.8",="-924217518.5",="12517.6",="-495904979.0",="-1.59659e+09",="-719155262.9",="-381531090.6",="-0.0000861",="-1.59658e+09",="-73401005.2",="-747582358.4",="-52193966.0",="-848996521.0",="-1.47098e+09",="29695983.9",="992145453.3",="1.07977e+10",="4.47904e+09",="5.32651e+09",="-0.000514",="1.08274e+10",="2.13890e+09",="5.79491e+09",="2.42855e+09",="5.03249e+09",="6.25995e+09",="-2037379.7",="168906700.4",="-150304080.0",="-357824333.3",="38613384.4",="-0.00450",="-152341093.8",="37033043.4",="-169596646.5",="79995231.3",="17255081.6",="-269369890.7"
="6.year_inc#c.ivparm1",="-0.00187",="-10642.4",="-177755.1",="-49704.1",="-117408.6",="-177755.1",="-35777.9",="-61410.3",="-95478.9",="-35632.1",="-19696.2",="-55160.3",="-82276.2",="-106345.0",="3.04e-14",="-0.00145",="-0.00635",="-0.00985",="-0.0255",="-0.00323",="-0.00193",="-0.00342",="-0.00203",="-0.00303",="-0.00386",="-6.82e-08",="-57141.8",="-356535.8",="-181938.2",="-117457.2",="-0.000000379",="-356536.4",="-9239.9",="-199200.6",="9655.8",="-157332.5",="-356952.3",="-1.05e-11",="0.00141",="0.00805",="0.0114",="0.0353",="0.00427",="0.00374",="0.00292",="0.00480",="0.00392",="0.00577",="0.00860",="0.00367",="0.00463",="-0.000575",="54889.2",="485537.5",="238775.3",="191873.1",="485537.5",="30355.5",="201872.8",="293605.1",="24871.9",="30362.6",="88795.4",="191932.4",="430310.2",="3.04e-09",="795.9",="17338.0",="-9197.1",="25742.2",="7.44e-09",="17335.4",="8427.8",="11544.7",="8781.7",="5790.1",="125.0",="-1101091.1",="-142559013.9",="-477112205.3",="-274576775.4",="-59976423.8",="-0.0000191",="-478213364.9",="-3467872.8",="-181275048.6",="35720034.4",="-296938376.3",="-510465423.0",="-60091.1",="-2.50520e+09",="-1.07159e+10",="-6.52327e+09",="-1.68739e+09",="0.00517",="-1.07159e+10",="296721244.5",="-5.36786e+09",="631577902.6",="-5.34807e+09",="-1.16442e+10",="-0.00113",="-1.48875e+09",="-6.50829e+09",="-3.13486e+09",="-1.88468e+09",="0.000659",="-6.50829e+09",="105162403.0",="-3.13222e+09",="-8094290.1",="-3.37607e+09",="-6.60536e+09",="-0.00545",="-689776686.8",="-410331909.6",="-803183311.9",="1.08263e+09",="-0.00111",="-410332327.8",="443319130.9",="277186883.4",="84401308.7",="-687520090.2",="-938054235.4",="-35215.8",="-414295748.9",="-1.72467e+09",="-1.29845e+09",="-11919986.2",="-0.0000706",="-1.72471e+09",="111700497.2",="-893034039.1",="255494669.1",="-831671457.7",="-2.09190e+09",="-33518915.5",="575952253.5",="1.60499e+10",="5.90314e+09",="9.57084e+09",="-0.000562",="1.60164e+10",="3.34491e+09",="9.30444e+09",="3.60303e+09",="6.71197e+09",="9.06848e+09",="-9777705.6",="-135161334.9",="20031172.3",="80179504.2",="75013073.2",="-0.00446",="10254040.4",="100381049.2",="-206227759.3",="130349781.9",="216481092.9",="-220477390.4"
="8.year_inc#c.ivparm1",="-0.00250",="-7242.6",="-237927.6",="-60675.0",="-170010.0",="-237927.6",="-44435.1",="-80918.5",="-140217.9",="-40883.9",="-21924.0",="-66757.1",="-97709.7",="-152608.6",="3.04e-14",="-0.00119",="-0.00698",="-0.0117",="-0.0320",="-0.00350",="-0.00165",="-0.00427",="-0.00322",="-0.00263",="-0.00413",="-5.80e-08",="-52545.4",="-358278.3",="-211284.3",="-94449.9",="-0.000000282",="-358281.1",="4965.6",="-241646.3",="9054.6",="-116632.8",="-372302.6",="-2.18e-12",="0.00190",="0.00857",="0.0120",="0.0415",="0.00452",="0.00408",="0.00287",="0.00525",="0.00568",="0.00630",="0.0129",="0.00369",="0.00464",="-0.000313",="78002.8",="489009.3",="241509.1",="169497.5",="489009.3",="25689.8",="190092.3",="308405.1",="41768.5",="26526.0",="138560.0",="180604.2",="421551.0",="1.00e-08",="4026.7",="30082.4",="-2517.9",="28573.5",="8.04e-09",="30082.2",="9181.9",="22228.0",="9364.4",="7853.8",="11532.4",="8794.0",="-106392125.5",="-407157162.5",="-215170099.7",="-85594947.3",="-0.0000253",="-407148331.6",="-25284119.4",="-251651556.0",="62075622.3",="-155496848.9",="-443939769.6",="-2517.4",="-1.39550e+09",="-8.92312e+09",="-6.81456e+09",="-713062273.3",="0.00629",="-8.92312e+09",="1.34821e+09",="-6.17398e+09",="1.06025e+09",="-2.74914e+09",="-1.13316e+10",="126698.2",="-698422763.9",="-5.64952e+09",="-3.57382e+09",="-1.37728e+09",="0.000658",="-5.64939e+09",="772065991.6",="-3.85377e+09",="478008060.1",="-1.79562e+09",="-6.89947e+09",="-0.00542",="263674430.1",="1.07801e+09",="-274728156.3",="1.08906e+09",="-0.000902",="1.07801e+09",="411657431.4",="560428220.2",="765276926.0",="517577219.5",="-98929665.1",="-27870.5",="-293957729.3",="-1.28595e+09",="-1.25333e+09",="261344715.3",="-0.0000649",="-1.28597e+09",="248742689.2",="-895129993.0",="254539462.2",="-390843537.1",="-1.78926e+09",="4354197.3",="869546092.1",="1.78344e+10",="4.92971e+09",="1.20352e+10",="-0.000509",="1.78388e+10",="4.44701e+09",="9.71578e+09",="4.83422e+09",="8.12298e+09",="8.55753e+09",="-8432540.5",="-792046134.9",="-764072738.1",="-56617031.5",="84590327.3",="-0.00362",="-772504630.0",="-179040773.4",="-172937975.4",="-170161184.9",="-599567437.4",="-423303574.0"
="10.year_inc#c.ivparm1",="-0.00281",="-8497.1",="-263519.9",="-64435.1",="-190587.7",="-263519.9",="-64467.2",="-80376.8",="-148709.4",="-53436.0",="-30946.5",="-87215.0",="-114810.5",="-145616.8",="3.14e-14",="-0.00150",="-0.00710",="-0.0117",="-0.0363",="-0.00345",="-0.00188",="-0.00386",="-0.00234",="-0.00298",="-0.00431",="-7.71e-08",="-67237.4",="-316724.3",="-193143.3",="-56347.1",="-0.000000381",="-316723.7",="10753.2",="-191993.6",="51380.2",="-124729.7",="-378857.7",="6.02e-12",="0.00207",="0.00852",="0.0132",="0.0423",="0.00441",="0.00387",="0.00320",="0.00463",="0.00510",="0.00722",="0.0119",="0.00415",="0.00475",="-0.0000260",="86215.8",="446762.9",="267213.5",="93333.6",="446762.9",="11050.9",="208564.8",="249092.2",="9295.6",="26080.6",="103432.5",="197670.7",="426416.4",="-1.57e-09",="1974.6",="22220.0",="-9344.0",="29586.8",="1.06e-08",="22217.8",="8606.4",="18418.0",="14872.0",="3800.5",="-1259.3",="0.000327",="-124841380.9",="-212985031.0",="-183419074.6",="95275502.0",="-0.0000308",="-212984896.1",="41753994.4",="-66358543.0",="186792720.6",="-146626410.4",="-441531583.9",="64605.1",="-2.17853e+09",="-8.16426e+09",="-6.94872e+09",="962997540.8",="0.00517",="-8.16420e+09",="1.22212e+09",="-5.26644e+09",="2.72195e+09",="-2.89775e+09",="-1.21083e+10",="178047.3",="-1.04719e+09",="-4.35019e+09",="-3.47381e+09",="170815591.2",="0.000745",="-4.35001e+09",="736001256.8",="-3.22622e+09",="1.18026e+09",="-1.12379e+09",="-6.26627e+09",="1499503.8",="333181162.5",="1.79933e+09",="266389423.2",="1.19976e+09",="-0.00106",="1.80083e+09",="552360730.5",="1.05739e+09",="1.71199e+09",="743443444.4",="-463516723.5",="-34472.8",="-444288119.7",="-1.47023e+09",="-1.41613e+09",="390187249.8",="-0.0000656",="-1.47027e+09",="228848563.4",="-706558301.3",="633518956.8",="-763710735.4",="-2.33264e+09",="33666964.0",="789664755.1",="1.97194e+10",="6.66691e+09",="1.22628e+10",="-0.000490",="1.97530e+10",="5.47238e+09",="1.03576e+10",="6.05311e+09",="9.39544e+09",="8.22755e+09",="7048939.6",="-133110137.6",="-233994454.5",="-319911712.9",="219027608.5",="-0.00507",="-226945520.1",="-47335058.7",="-283972906.1",="72231633.3",="57027443.6",="-251842648.7"
="12.year_inc#c.ivparm1",="-203.8",="-11012.9",="-291199.8",="-63145.6",="-217041.3",="-291403.6",="-70045.7",="-87151.0",="-158768.2",="-72513.3",="-36782.5",="-92310.5",="-132635.4",="-148844.5",="5.69e-08",="-0.000575",="-0.00693",="-0.0132",="-0.0392",="-0.00332",="-0.000929",="-0.00435",="-0.00104",="-0.00215",="-0.00471",="-0.000000101",="-40094.7",="-266889.9",="-224692.9",="-2104.1",="-0.000000414",="-266889.7",="36667.3",="-210435.8",="104998.3",="-56451.7",="-408558.7",="0.000000481",="0.00108",="0.00896",="0.0155",="0.0469",="0.00467",="0.00352",="0.00269",="0.00557",="0.00444",="0.00693",="0.0115",="0.00365",="0.00543",="0.0140",="54635.2",="457760.3",="329686.8",="73438.3",="457760.3",="-3627.4",="160144.1",="304434.2",="-27544.3",="12988.6",="79643.4",="153326.1",="488932.0",="2.94e-09",="3271.4",="28345.3",="-5966.8",="31041.2",="7.63e-09",="28343.4",="16943.6",="9850.5",="16781.5",="18492.3",="-5381.4",="0.000239",="-98258620.2",="-454445191.4",="-455699601.8",="99512993.1",="-0.0000267",="-454445181.5",="28456219.0",="-229602875.1",="108428311.9",="-224842315.6",="-591329733.6",="204192.8",="-1.61342e+09",="-6.09903e+09",="-6.58101e+09",="2.09540e+09",="0.00543",="-6.09883e+09",="3.07822e+09",="-6.05973e+09",="5.33289e+09",="-39097006.8",="-1.45099e+10",="-0.00117",="-1.08030e+09",="-3.49138e+09",="-3.01577e+09",="604686787.3",="0.000631",="-3.49138e+09",="1.63899e+09",="-3.17258e+09",="2.81864e+09",="-318804823.8",="-7.94901e+09",="-3064992.0",="332102803.0",="1.01222e+09",="-170867182.8",="850979582.9",="-0.00118",="1.00915e+09",="1.21650e+09",="360509534.2",="1.64251e+09",="648640214.7",="-1.84986e+09",="-105099.9",="-266800416.8",="-1.02340e+09",="-1.35028e+09",="593672447.9",="-0.0000979",="-1.02351e+09",="660804564.4",="-1.16004e+09",="1.06445e+09",="136531621.3",="-2.74877e+09",="28281738.8",="1.05398e+09",="2.33100e+10",="7.40737e+09",="1.48487e+10",="-0.000590",="2.33383e+10",="6.48738e+09",="1.21347e+10",="7.92538e+09",="1.12036e+10",="8.92556e+09",="33427987.0",="715435973.8",="867848405.9",="26912314.6",="125500631.8",="-0.00456",="901276898.3",="-68266429.3",="16470134.3",="821725600.9",="884806588.7",="147817393.7"
="14.year_inc#c.ivparm1",="-0.00250",="-11428.4",="-318108.5",="-63856.2",="-242823.9",="-318108.5",="-74430.3",="-79053.4",="-166346.8",="-86117.0",="-42171.4",="-114657.2",="-151761.7",="-157561.2",="3.10e-14",="-0.000359",="-0.00422",="-0.0106",="-0.0344",="-0.00177",="0.000682",="-0.00226",="0.00141",="-0.00122",="-0.00353",="-8.76e-08",="-39708.0",="-12773.4",="-140090.9",="167023.2",="-0.000000393",="-12776.0",="76093.0",="-33185.4",="190514.4",="20414.8",="-279384.1",="-2.18e-11",="0.00102",="0.00613",="0.0127",="0.0415",="0.00306",="0.00129",="0.00107",="0.00326",="0.00207",="0.00413",="0.0102",="0.00285",="0.00421",="-0.00113",="58126.7",="200319.7",="241161.6",="-98968.6",="200319.7",="-51093.8",="18105.0",="115403.5",="-106990.8",="-32234.6",="33001.1",="84916.2",="358404.4",="1.73e-09",="3362.1",="49999.0",="-415.8",="47056.5",="9.18e-09",="49999.9",="26024.1",="22055.5",="23835.8",="27943.9",="140.0",="-210268.9",="-97658991.6",="371637359.7",="-153072733.5",="622369060.9",="-0.0000252",="371427261.5",="160893390.5",="175937201.6",="328001476.9",="195489939.8",="-117467831.3",="134645.5",="-1.62707e+09",="4.75601e+09",="-3.52295e+09",="9.90602e+09",="0.00531",="4.75614e+09",="5.13619e+09",="968029589.2",="8.71969e+09",="3.78812e+09",="-9.09973e+09",="175987.6",="-1.22408e+09",="2.44944e+09",="-1.44729e+09",="5.12082e+09",="0.000556",="2.44962e+09",="2.72094e+09",="952550992.1",="4.57148e+09",="1.49707e+09",="-4.84281e+09",="-5611600.9",="694993915.3",="3.86101e+09",="-545120184.0",="3.71113e+09",="-0.000861",="3.85540e+09",="2.04613e+09",="1.47899e+09",="2.08288e+09",="2.37641e+09",="-273611406.8",="-94067.9",="-242755285.0",="1.25753e+09",="-655534364.7",="2.15582e+09",="-0.0000916",="1.25744e+09",="1.10245e+09",="258228051.6",="1.72220e+09",="999209900.5",="-1.56722e+09",="25417965.0",="1.57797e+09",="2.67769e+10",="8.71948e+09",="1.64794e+10",="-0.000518",="2.68023e+10",="7.65360e+09",="1.33030e+10",="9.96585e+09",="1.34993e+10",="9.18282e+09",="16845972.0",="433734513.3",="803234443.9",="209551587.7",="159948300.3",="-0.00597",="820080676.4",="350934916.2",="207727100.0",="160762728.8",="612353194.4",="308382434.7"
="16.year_inc#c.ivparm1",="-0.00501",="-9009.4",="-358296.3",="-83253.8",="-266033.1",="-358296.3",="-87384.0",="-94530.7",="-195248.9",="-105761.1",="-56508.0",="-135753.1",="-163047.4",="-165151.3",="3.23e-14",="-0.000718",="-0.00433",="-0.0112",="-0.0368",="-0.00193",="0.00150",="-0.00253",="0.000222",="-0.00125",="-0.00375",="-7.01e-08",="-54944.7",="5829.1",="-162047.8",="222820.7",="-0.000000447",="5828.3",="106074.9",="-31237.4",="190220.7",="37067.9",="-290468.7",="-5.04e-11",="0.00108",="0.00641",="0.0131",="0.0457",="0.00331",="0.000807",="0.00136",="0.00351",="0.00359",="0.00731",="0.0125",="0.00308",="0.00442",="-0.00260",="62245.9",="197541.3",="251233.7",="-115938.3",="197541.3",="-77090.3",="29748.4",="112801.2",="-94802.6",="-4165.9",="48531.1",="84740.2",="369434.2",="-3.10e-09",="2845.9",="106944.2",="8775.1",="95322.4",="8.58e-09",="106942.0",="31760.8",="46104.9",="42951.0",="60839.6",="32230.3",="348874.6",="-112541567.9",="435542686.8",="-266516264.1",="814600434.9",="-0.0000238",="435891489.1",="266148675.2",="314235455.5",="396276165.5",="121656076.8",="-226533102.6",="-54432.3",="-1.81397e+09",="9.02844e+09",="-3.63322e+09",="1.44756e+10",="0.00636",="9.02839e+09",="6.47522e+09",="2.20888e+09",="9.69728e+09",="6.81950e+09",="-7.14411e+09",="176220.2",="-1.09219e+09",="3.34995e+09",="-1.72382e+09",="6.16597e+09",="0.000663",="3.35013e+09",="3.33218e+09",="1.04812e+09",="4.35719e+09",="2.30201e+09",="-4.33924e+09",="-1845908.3",="74153760.9",="6.42727e+09",="1.44369e+09",="4.90943e+09",="-0.000865",="6.42543e+09",="2.50756e+09",="2.22882e+09",="3.37199e+09",="4.19661e+09",="545878223.7",="-103954.3",="-359455844.6",="2.62810e+09",="-829617220.5",="3.81717e+09",="-0.0000458",="2.62799e+09",="1.42156e+09",="848139933.6",="2.13238e+09",="1.77985e+09",="-925954838.8",="45729295.6",="1.07674e+09",="2.94795e+10",="9.16112e+09",="1.92416e+10",="-0.000484",="2.95252e+10",="7.98926e+09",="1.50281e+10",="1.15067e+10",="1.44970e+10",="1.00292e+10",="-15154793.2",="-420806917.8",="248266979.6",="551136036.9",="117937820.6",="-0.00352",="233112308.5",="73832120.6",="-295131200.6",="6367573.4",="528243456.5",="152912302.1"
="18.year_inc#c.ivparm1",="-0.00362",="-10832.9",="-390819.5",="-76079.7",="-303906.9",="-390819.5",="-96481.9",="-124283.7",="-213393.8",="-102773.5",="-51956.3",="-145604.9",="-177425.7",="-191564.1",="3.02e-14",="0.000493",="-0.000384",="-0.00790",="-0.0288",="0.000242",="0.00184",="-0.000277",="0.00307",="0.000832",="-0.00162",="-0.000000136",="-11337.7",="359224.2",="-69722.2",="440281.1",="-0.000000455",="359224.6",="126617.0",="162832.2",="299382.7",="196393.1",="-66775.5",="-1.73e-11",="0.0000753",="0.00147",="0.00850",="0.0353",="0.000556",="-0.000293",="-0.00193",="0.000788",="0.00102",="0.00235",="0.00962",="0.000293",="0.00145",="-0.00109",="25982.1",="-239736.5",="122208.9",="-387927.5",="-239736.5",="-110110.9",="-264073.1",="-116876.8",="-187360.9",="-82065.5",="-27806.4",="-122859.7",="57735.3",="2.36e-09",="3603.5",="175642.2",="13179.5",="158860.1",="7.94e-09",="175642.6",="27259.4",="108673.9",="57601.5",="66968.8",="90779.5",="156430.9",="-119630901.6",="584115130.8",="-40517557.9",="744263609.9",="-0.0000494",="584271556.2",="162939073.6",="453243900.2",="501770877.4",="131027763.6",="-80438267.8",="-175004.0",="-233670840.8",="2.64492e+10",="525542881.7",="2.61573e+10",="0.00499",="2.64490e+10",="7.15827e+09",="1.30022e+10",="1.53669e+10",="1.34468e+10",="3.92390e+09",="-0.00115",="-400738260.3",="1.21244e+10",="811321356.2",="1.17138e+10",="0.000626",="1.21244e+10",="4.04269e+09",="5.62209e+09",="7.77842e+09",="6.50232e+09",="303305560.5",="-538357.6",="793891108.7",="9.31517e+09",="1.11302e+09",="7.40826e+09",="-0.00105",="9.31463e+09",="1.71870e+09",="5.12323e+09",="5.16497e+09",="4.19140e+09",="2.43096e+09",="-40568.0",="-26448205.4",="6.55129e+09",="-89954884.2",="6.66770e+09",="-0.000124",="6.55125e+09",="1.44850e+09",="3.65013e+09",="3.10809e+09",="2.90112e+09",="1.99466e+09",="64564540.6",="1.55722e+09",="3.28206e+10",="8.40779e+09",="2.28556e+10",="-0.000725",="3.28851e+10",="8.78544e+09",="1.70570e+10",="1.26074e+10",="1.58281e+10",="1.14923e+10",="-18768529.6",="11971720.3",="-93942136.2",="-289003182.8",="183089168.9",="-0.00439",="-112710471.9",="17060365.2",="47094535.1",="157549468.2",="-159805442.1",="-287321068.8"
="20.year_inc#c.ivparm1",="-0.00128",="-9412.9",="-418386.8",="-88604.4",="-320369.6",="-418386.8",="-103660.2",="-137870.6",="-237002.1",="-120474.2",="-67628.0",="-145748.0",="-181384.7",="-194252.4",="2.95e-14",="0.00117",="0.000434",="-0.00869",="-0.0273",="0.000698",="-0.000143",="0.000250",="0.00617",="0.00121",="-0.00166",="-0.000000138",="15465.6",="458665.6",="-97248.1",="540446.6",="-0.000000585",="458664.3",="103221.7",="221853.3",="421889.2",="236814.6",="-66448.3",="1.60e-13",="-0.0000178",="0.00107",="0.00955",="0.0343",="0.000344",="0.00284",="-0.000892",="0.000520",="-0.00309",="-0.00179",="0.00674",="0.000151",="0.00188",="-0.000116",="20774.8",="-302612.5",="152962.9",="-476350.2",="-302612.5",="-66633.8",="-182475.8",="-156868.5",="-334720.1",="-158918.6",="-103478.9",="-145744.0",="98741.4",="3.61e-09",="-1064.2",="149816.7",="-3451.1",="154331.6",="8.69e-09",="149815.4",="31542.7",="82366.4",="38192.0",="67448.9",="80077.5",="0.000187",="-112018701.8",="838770467.8",="-58857332.1",="1.00965e+09",="-0.0000389",="838770439.4",="187407400.9",="452835346.6",="676132238.9",="385935069.3",="-24769087.5",="-14025.3",="173987602.7",="2.75024e+10",="-2.53910e+09",="2.98675e+10",="0.00362",="2.75023e+10",="6.10798e+09",="1.37601e+10",="1.73972e+10",="1.37422e+10",="3.99713e+09",="355431.0",="-390233214.7",="1.25590e+10",="-1.02167e+09",="1.39709e+10",="0.000812",="1.25593e+10",="3.07968e+09",="6.60374e+09",="8.74324e+09",="5.95560e+09",="736414074.0",="552054.4",="1.10732e+09",="7.65428e+09",="131910343.3",="6.41505e+09",="-0.00140",="7.65483e+09",="2.32317e+09",="4.54728e+09",="3.90899e+09",="3.10755e+09",="1.42268e+09",="7207.1",="85521049.4",="6.46269e+09",="-764011173.0",="7.14118e+09",="-0.000109",="6.46270e+09",="1.37206e+09",="3.40628e+09",="3.33505e+09",="3.05642e+09",="1.75558e+09",="23427351.5",="2.02379e+09",="3.49354e+10",="8.32956e+09",="2.45821e+10",="-0.000729",="3.49588e+10",="8.97033e+09",="1.76792e+10",="1.29854e+10",="1.72796e+10",="1.30032e+10",="5237407.8",="140120629.2",="745320130.7",="58081837.7",="547117609.6",="-0.00621",="750557424.6",="13833367.8",="76699505.0",="516574276.8",="673857465.9",="220149302.2"
="22.year_inc#c.ivparm1",="-0.00156",="-8915.3",="-471128.1",="-85472.6",="-376740.2",="-471128.1",="-106161.3",="-167843.6",="-286197.3",="-119179.0",="-69132.4",="-157490.6",="-184930.8",="-245787.8",="2.92e-14",="-0.000364",="0.00190",="-0.00373",="-0.0267",="0.00153",="0.00264",="0.00123",="0.00540",="0.00187",="-0.000897",="-3.78e-08",="-32188.9",="610201.3",="37673.7",="604711.5",="-0.000000383",="610201.4",="162376.6",="312676.8",="435901.6",="297524.6",="11922.5",="-7.98e-13",="0.00119",="-0.000650",="0.00521",="0.0328",="-0.000646",="-0.00125",="-0.00250",="-0.000524",="-0.00144",="0.00228",="0.00589",="-0.000791",="0.000782",="-0.000188",="58607.3",="-483169.5",="32800.9",="-574577.7",="-483169.5",="-148718.9",="-331732.6",="-259143.2",="-314125.3",="-112798.8",="-144459.0",="-224026.2",="-20325.3",="-2.81e-09",="-1161.2",="165881.9",="-6940.0",="173985.7",="8.36e-09",="165880.6",="49238.5",="92908.7",="45973.9",="72973.0",="70670.4",="0.000195",="-86292787.0",="1.67599e+09",="347794259.7",="1.41449e+09",="-0.0000212",="1.67599e+09",="412905485.8",="997390102.1",="1.01149e+09",="678604518.7",="251601061.1",="48746.2",="-1.47124e+09",="3.46938e+10",="2.50786e+09",="3.36572e+10",="0.00648",="3.46939e+10",="1.01379e+10",="1.84198e+10",="1.80923e+10",="1.62741e+10",="6.46376e+09",="-0.00128",="-1.05268e+09",="1.75913e+10",="2.39870e+09",="1.62453e+10",="0.000647",="1.75913e+10",="5.22441e+09",="9.37149e+09",="9.44134e+09",="8.21985e+09",="2.92559e+09",="-3656000.8",="523781003.0",="9.71945e+09",="1.12455e+09",="8.07112e+09",="-0.00163",="9.71580e+09",="3.43955e+09",="6.05793e+09",="4.81594e+09",="3.65786e+09",="1.46031e+09",="-25088.3",="-248195775.0",="7.53359e+09",="-27610033.5",="7.80939e+09",="-0.0000551",="7.53356e+09",="2.15332e+09",="4.26861e+09",="3.42627e+09",="3.26495e+09",="1.95398e+09",="27657544.6",="1.62862e+09",="3.61755e+10",="8.21508e+09",="2.63318e+10",="-0.000437",="3.62032e+10",="8.72399e+09",="1.84281e+10",="1.41645e+10",="1.77751e+10",="1.33147e+10",="1885123.4",="477622049.8",="1.55033e+09",="401135266.6",="671576065.7",="-0.00415",="1.55222e+09",="-15630683.1",="-250755013.3",="581015509.0",="1.80297e+09",="986833067.6"
="24.year_inc#c.ivparm1",="-0.00103",="-3102.9",="-445086.5",="-72172.7",="-369811.0",="-445086.5",="-111244.9",="-173404.7",="-260492.3",="-121122.5",="-59682.0",="-150730.9",="-184594.2",="-212719.2",="3.17e-14",="-0.000139",="0.00167",="-0.00639",="-0.0247",="0.00140",="0.00134",="0.000745",="0.00538",="0.00215",="-0.00102",="-0.000000171",="-13929.8",="619334.1",="-50702.7",="683964.9",="-0.000000413",="619334.1",="147234.5",="287410.9",="470871.5",="331923.9",="1225.8",="4.17e-12",="0.000950",="-0.000272",="0.00816",="0.0309",="-0.000420",="0.000426",="-0.00249",="-0.000143",="-0.00178",="0.000716",="0.00510",="-0.000744",="0.00106",="0.0000929",="43004.2",="-469415.9",="130010.7",="-642430.8",="-469415.9",="-127242.9",="-336514.2",="-236373.9",="-352390.5",="-148129.2",="-181381.5",="-233042.0",="10217.5",="-1.82e-09",="5905.0",="221425.0",="-6303.9",="221823.3",="7.52e-09",="221423.9",="39870.5",="119825.4",="38729.0",="101596.6",="142822.0",="0.000236",="-51576340.2",="1.56721e+09",="142536920.8",="1.47625e+09",="-0.0000384",="1.56721e+09",="435092449.1",="829626664.6",="1.00193e+09",="737584966.5",="130192499.2",="-6786.0",="-276528485.5",="3.91430e+10",="-49351490.3",="3.94689e+10",="0.00499",="3.91430e+10",="8.57083e+09",="1.89961e+10",="2.01762e+10",="2.01468e+10",="1.03959e+10",="-0.00138",="-600663744.7",="1.87320e+10",="712743201.9",="1.86200e+10",="0.000650",="1.87320e+10",="4.59652e+09",="9.31219e+09",="1.10274e+10",="9.41986e+09",="3.10810e+09",="-0.00595",="761721248.0",="9.67489e+09",="703620849.8",="8.20955e+09",="-0.00111",="9.67489e+09",="2.25440e+09",="5.20732e+09",="4.41652e+09",="4.46757e+09",="3.00398e+09",="3485.1",="-26607.5",="9.10446e+09",="-484559058.0",="9.58904e+09",="-0.000130",="9.10446e+09",="1.75536e+09",="4.57718e+09",="3.57477e+09",="4.52728e+09",="3.77433e+09",="50069780.3",="1.40883e+09",="3.63785e+10",="9.28626e+09",="2.56834e+10",="-0.000621",="3.64286e+10",="8.97478e+09",="1.91000e+10",="1.51462e+10",="1.73286e+10",="1.23076e+10",="7229228.8",="662298747.3",="1.22753e+09",="111148362.7",="454078459.3",="-0.00456",="1.23475e+09",="228190736.2",="-165555212.4",="228402238.5",="1.40031e+09",="778161273.4"
="ivparm2",="0.0000137",="-5.690",="-8.873",="-3.081",="-0.103",="-8.873",="-1.315",="-3.328",="-6.080",="-2.951",="-2.875",="-2.363",="-2.793",="-4.607",="-2.81e-14",="0.00694",="0.0134",="0.0158",="0.0335",="0.00758",="0.00970",="0.00789",="0.00872",="0.00723",="0.00707",="7.87e-08",="268471.0",="972930.7",="384722.3",="319739.2",="0.000000354",="972930.9",="134861.0",="539445.8",="152768.7",="433484.6",="685302.4",="-3.96e-14",="0.0889",="0.132",="0.168",="0.213",="0.0745",="0.0806",="0.0664",="0.0756",="0.0666",="0.0708",="0.0850",="0.0732",="0.0750",="6.91e-08",="3441681.4",="9559235.0",="4084796.6",="2032757.0",="9559235.0",="1121292.9",="5022850.2",="5166086.0",="1166462.5",="644700.3",="1242392.5",="4393149.0",="7271479.6",="-1.67e-09",="1089.4",="40778.3",="13821.3",="25867.9",="-7.51e-09",="40780.1",="3127.5",="22810.6",="3520.5",="17968.0",="34131.8",="-0.000232",="244882564.0",="1.03789e+09",="404980756.7",="388022044.8",="0.0000245",="1.03789e+09",="142577141.3",="580001031.4",="211325298.3",="457884306.8",="683982797.8",="0.0155",="1.02652e+10",="3.64220e+10",="1.37799e+10",="1.23770e+10",="-0.00498",="3.64220e+10",="5.28305e+09",="2.01348e+10",="5.50520e+09",="1.62873e+10",="2.56338e+10",="0.00106",="4.32056e+09",="1.84998e+10",="7.34433e+09",="6.83495e+09",="-0.000621",="1.84998e+10",="2.90892e+09",="1.04399e+10",="2.66932e+09",="8.05992e+09",="1.29216e+10",="0.00476",="1.40449e+09",="4.03316e+09",="1.31287e+09",="1.31580e+09",="0.00105",="4.03316e+09",="643959532.3",="2.40976e+09",="1.27127e+09",="1.62340e+09",="2.11793e+09",="0.00293",="2.24412e+09",="7.46753e+09",="2.58895e+09",="2.63446e+09",="0.0000696",="7.46753e+09",="943114206.5",="4.16587e+09",="1.07886e+09",="3.30166e+09",="5.44556e+09",="-33721174.2",="3.95821e+10",="1.19344e+11",="5.19366e+10",="2.78252e+10",="0.000480",="1.19310e+11",="1.43829e+10",="6.46502e+10",="1.43672e+10",="5.46600e+10",="9.05601e+10",="0.0246",="1.06834e+09",="1.90768e+09",="789590690.9",="49749923.4",="0.00432",="1.90768e+09",="345347109.5",="625903666.4",="171442291.7",="1.28177e+09",="1.39089e+09"
="2.year_inc#c.ivparm2",="0",="0",="0",="0",="0",="0",="0",="0",="0",="0",="0",="0",="0",="0",="0",="0",="0",="0",="0",="0",="0",="0",="0",="0",="0",="0",="0",="0",="0",="0",="0",="0",="0",="0",="0",="0",="0",="0",="0",="0",="0",="0",="0",="0",="0",="0",="0",="0",="0",="0",="0",="0",="0",="0",="0",="0",="0",="0",="0",="0",="0",="0",="0",="0",="0",="0",="0",="0",="0",="0",="0",="0",="0",="0",="0",="0",="0",="0",="0",="0",="0",="0",="0",="0",="0",="0",="0",="0",="0",="0",="0",="0",="0",="0",="0",="0",="0",="0",="0",="0",="0",="0",="0",="0",="0",="0",="0",="0",="0",="0",="0",="0",="0",="0",="0",="0",="0",="0",="0",="0",="0",="0",="0",="0",="0",="0",="0",="0",="0",="0",="0",="0",="0",="0",="0",="0",="0",="0",="0",="0",="0",="0",="0",="0",="0",="0",="0",="0",="0",="0",="0",="0",="0",="0",="0",="0",="0",="0",="0",="0",="0"
="4.year_inc#c.ivparm2",="-0.000601",="-29256.9",="-289151.2",="-124855.9",="-135038.3",="-289151.2",="-32197.5",="-144818.6",="-148518.4",="-21810.1",="-9837.4",="-34074.8",="-140632.8",="-235143.6",="2.86e-14",="0.000221",="0.00233",="0.00289",="0.00834",="0.00151",="0.00312",="0.00148",="0.00196",="0.00153",="0.00116",="-9.20e-08",="10575.1",="207702.1",="103882.9",="93246.9",="-0.000000209",="207703.3",="46559.7",="109719.3",="46337.3",="97984.1",="114804.6",="1.33e-12",="0.00727",="0.0215",="0.0265",="0.0556",="0.0140",="0.0131",="0.0136",="0.0145",="0.0127",="0.0144",="0.0126",="0.0135",="0.0145",="-0.000000537",="309081.8",="1956459.7",="1001395.3",="645982.7",="1956459.7",="206997.4",="1133852.0",="1082093.0",="310419.8",="178873.1",="203910.0",="874366.7",="1439042.5",="-2.46e-09",="963.9",="54053.5",="12418.9",="40671.8",="7.26e-09",="54052.8",="6359.3",="36635.6",="1604.1",="17421.0",="46090.1",="0.000120",="-69575587.9",="139515330.0",="37942186.5",="171148762.8",="-0.0000218",="139515334.1",="64662561.7",="58767344.9",="38045209.0",="80747945.9",="36807674.6",="-22143.8",="387203558.6",="1.00019e+10",="4.17901e+09",="5.43573e+09",="0.00523",="1.00019e+10",="2.31923e+09",="5.53170e+09",="1.50775e+09",="4.47021e+09",="6.17494e+09",="-0.00127",="496313038.9",="4.79054e+09",="2.30427e+09",="1.98996e+09",="0.000741",="4.79054e+09",="1.48643e+09",="2.39309e+09",="1.01118e+09",="2.39745e+09",="2.29293e+09",="-0.00501",="115969426.2",="2.45453e+09",="470003296.8",="1.86856e+09",="-0.00166",="2.45453e+09",="550801874.3",="2.23977e+09",="153775554.7",="214769581.0",="1.74996e+09",="11390.0",="-82634054.3",="2.27471e+09",="766834587.8",="1.59051e+09",="-0.0000769",="2.27472e+09",="350389257.0",="1.38152e+09",="181551510.6",="893201211.2",="1.74278e+09",="15824663.1",="1.03958e+10",="6.65805e+10",="3.22783e+10",="2.39064e+10",="-0.000478",="6.65963e+10",="7.62807e+09",="3.49671e+10",="8.92949e+09",="3.16293e+10",="5.00388e+10",="119399.2",="684366419.9",="1.67781e+09",="903189079.0",="90253655.3",="-0.00460",="1.67793e+09",="326676961.7",="108214066.8",="186643903.9",="1.56971e+09",="1.16461e+09"
="6.year_inc#c.ivparm2",="-0.00258",="-62000.8",="-680184.6",="-249568.7",="-368615.0",="-680184.6",="-71754.6",="-348461.6",="-346526.7",="-64909.5",="-30129.4",="-88418.4",="-333657.9",="-543520.4",="3.06e-14",="0.000186",="0.00385",="0.00359",="0.0146",="0.00244",="0.00500",="0.00244",="0.00249",="0.00245",="0.00201",="-5.99e-08",="5308.8",="349492.3",="147447.3",="196735.2",="-0.000000370",="349492.0",="78027.8",="187808.1",="69132.3",="161687.3",="202331.2",="-1.57e-12",="0.0137",="0.0336",="0.0384",="0.0726",="0.0216",="0.0254",="0.0205",="0.0235",="0.0232",="0.0265",="0.0245",="0.0195",="0.0208",="-0.000288",="505392.4",="3129697.3",="1576223.4",="1048081.5",="3129697.3",="416072.4",="1791253.5",="1817731.8",="609542.4",="352760.2",="410149.3",="1311965.4",="2104082.5",="3.75e-09",="-295.1",="55645.9",="-811.5",="56755.7",="7.35e-09",="55642.7",="3089.9",="37201.3",="7226.3",="18442.1",="45326.4",="0.000348",="-60025118.6",="328415994.4",="100712798.3",="287728284.5",="-0.0000169",="328415901.9",="106593981.2",="236915628.2",="99278759.8",="91500208.6",="122543265.3",="-0.0165",="465480114.3",="1.55688e+10",="5.12318e+09",="9.98010e+09",="0.00523",="1.55688e+10",="3.44421e+09",="8.35255e+09",="2.48051e+09",="7.21621e+09",="9.64403e+09",="-0.00111",="620359323.8",="8.44589e+09",="3.36656e+09",="4.45897e+09",="0.000665",="8.44589e+09",="2.40167e+09",="4.09048e+09",="1.26713e+09",="4.35541e+09",="4.77709e+09",="-0.00539",="-117501174.8",="3.05588e+09",="375470634.4",="2.79791e+09",="-0.00109",="3.05588e+09",="662186594.1",="2.75569e+09",="449315691.4",="300190417.6",="1.94438e+09",="-0.00315",="-73754561.9",="3.15139e+09",="771572699.8",="2.45357e+09",="-0.0000618",="3.15139e+09",="479178134.0",="1.89316e+09",="489676530.5",="1.25822e+09",="2.18253e+09",="-33714951.5",="1.55774e+10",="1.28338e+11",="5.86447e+10",="5.41155e+10",="-0.000526",="1.28304e+11",="1.56180e+10",="6.82635e+10",="1.78748e+10",="6.00404e+10",="9.48110e+10",="2873468.7",="1.21859e+09",="5.08550e+09",="3.38847e+09",="478433540.6",="-0.00453",="5.08838e+09",="557634413.1",="1.08633e+09",="957688735.8",="4.00205e+09",="3.57305e+09"
="8.year_inc#c.ivparm2",="-0.00523",="-70192.8",="-1136049.3",="-404185.5",="-661671.0",="-1136049.3",="-125775.3",="-582985.5",="-579487.5",="-119981.4",="-55258.6",="-150232.8",="-556561.8",="-890292.7",="3.06e-14",="0.000859",="0.00612",="0.00523",="0.0199",="0.00381",="0.00833",="0.00385",="0.00416",="0.00376",="0.00298",="-4.98e-08",="25680.6",="550978.4",="214641.5",="310655.3",="-0.000000273",="550976.3",="131603.3",="299809.4",="116950.0",="251168.4",="302421.5",="-2.78e-11",="0.0150",="0.0411",="0.0460",="0.0825",="0.0263",="0.0314",="0.0264",="0.0279",="0.0271",="0.0288",="0.0284",="0.0245",="0.0255",="-0.00155",="479531.3",="3931458.8",="2001199.2",="1450728.3",="3931458.8",="529068.3",="2365694.2",="2232747.4",="788957.5",="430824.1",="501680.2",="1698711.4",="2613432.9",="1.07e-08",="333.8",="107252.1",="9700.2",="97218.8",="7.94e-09",="107251.3",="8086.4",="80685.7",="10087.9",="26566.3",="89074.5",="22598.2",="-34208667.2",="634538526.9",="213529910.7",="455217222.6",="-0.0000227",="634561092.3",="151948478.6",="314469532.9",="143152763.2",="320091524.2",="339459964.9",="24314.3",="1.46106e+09",="2.57973e+10",="7.85852e+09",="1.64777e+10",="0.00637",="2.57973e+10",="5.60414e+09",="1.50365e+10",="4.67173e+09",="1.07608e+10",="1.55214e+10",="-0.000681",="1.21432e+09",="1.28573e+10",="4.66930e+09",="6.97372e+09",="0.000664",="1.28573e+10",="3.45843e+09",="7.02940e+09",="2.70309e+09",="5.82794e+09",="6.69581e+09",="-0.00537",="492563576.8",="6.19028e+09",="1.60436e+09",="4.09336e+09",="-0.000877",="6.19027e+09",="717093223.6",="5.13446e+09",="1.54066e+09",="1.05581e+09",="3.93252e+09",="-12526.2",="45867827.2",="5.60215e+09",="1.27973e+09",="4.27655e+09",="-0.0000565",="5.60214e+09",="919601187.3",="3.51409e+09",="765580340.5",="2.08805e+09",="3.91696e+09",="-21042812.4",="1.71487e+10",="1.83229e+11",="8.24680e+10",="8.36118e+10",="-0.000473",="1.83207e+11",="2.31348e+10",="9.70454e+10",="2.71679e+10",="8.61620e+10",="1.32905e+11",="9287029.9",="2.68880e+09",="7.71281e+09",="4.16525e+09",="858759858.9",="-0.00370",="7.72209e+09",="1.11435e+09",="1.45728e+09",="1.53850e+09",="6.26481e+09",="5.06924e+09"
="10.year_inc#c.ivparm2",="-0.00669",="-75933.6",="-1549807.4",="-536414.5",="-937459.3",="-1549807.4",="-180380.6",="-810942.6",="-812402.7",="-180889.0",="-88774.6",="-213666.5",="-737404.7",="-1188537.7",="3.16e-14",="0.00103",="0.00795",="0.00772",="0.0218",="0.00496",="0.00978",="0.00493",="0.00648",="0.00500",="0.00380",="-6.82e-08",="29062.4",="728165.1",="308687.5",="390411.5",="-0.000000371",="728165.5",="158415.5",="389197.3",="182951.1",="338968.3",="386798.9",="-5.22e-11",="0.0125",="0.0442",="0.0491",="0.0891",="0.0287",="0.0350",="0.0302",="0.0312",="0.0296",="0.0330",="0.0265",="0.0258",="0.0277",="-0.00265",="347572.0",="4412657.6",="2284160.7",="1780924.9",="4412657.6",="610831.9",="2767612.0",="2558984.0",="946040.2",="529492.0",="501910.0",="1853673.6",="2855785.5",="-8.53e-10",="-240.8",="117929.2",="2221.6",="115945.0",="1.05e-08",="117926.0",="15233.0",="90456.6",="12272.8",="27471.0",="90421.9",="-1924857.3",="-50039240.2",="946005268.9",="486919324.3",="509125224.6",="-0.0000282",="944080545.7",="201951768.2",="597494956.8",="351812469.3",="346585525.0",="390316355.3",="106965.8",="1.24696e+09",="3.26215e+10",="1.07102e+10",="2.06643e+10",="0.00524",="3.26216e+10",="6.67475e+09",="1.84073e+10",="6.95742e+09",="1.42142e+10",="1.89894e+10",="-0.00120",="884201469.3",="1.69175e+10",="6.49315e+09",="9.54018e+09",="0.000750",="1.69175e+10",="4.05213e+09",="8.53148e+09",="3.68483e+09",="8.38605e+09",="9.18056e+09",="-243894.1",="580324716.3",="8.32245e+09",="1.81788e+09",="5.92425e+09",="-0.00104",="8.32221e+09",="1.54620e+09",="5.91847e+09",="1.84438e+09",="2.40374e+09",="4.93162e+09",="-55036.8",="46065039.9",="6.74280e+09",="1.61697e+09",="5.07977e+09",="-0.0000572",="6.74274e+09",="1.15169e+09",="4.35637e+09",="1.21090e+09",="2.38637e+09",="4.38015e+09",="16994947.0",="1.67902e+10",="2.31427e+11",="1.01044e+11",="1.13592e+11",="-0.000455",="2.31444e+11",="3.00588e+10",="1.23071e+11",="3.60603e+10",="1.08373e+11",="1.65325e+11",="7783201.3",="2.64403e+09",="9.24521e+09",="5.50481e+09",="1.09637e+09",="-0.00514",="9.25299e+09",="1.62896e+09",="2.68396e+09",="2.07549e+09",="6.56903e+09",="5.54854e+09"
="12.year_inc#c.ivparm2",="-0.00393",="-63189.7",="-1934558.2",="-631995.4",="-1239373.0",="-1934558.2",="-230059.8",="-1024105.6",="-1010878.3",="-240842.9",="-117418.2",="-248737.5",="-923679.9",="-1463655.4",="3.08e-14",="0.00215",="0.0105",="0.00926",="0.0268",="0.00643",="0.0112",="0.00643",="0.00851",="0.00643",="0.00509",="-9.20e-08",="63541.9",="952028.7",="365780.4",="522704.4",="-0.000000405",="952029.1",="186758.0",="511977.8",="247224.5",="440053.4",="518043.4",="-3.29e-11",="0.0122",="0.0462",="0.0494",="0.0865",="0.0295",="0.0391",="0.0329",="0.0324",="0.0286",="0.0328",="0.0198",="0.0262",="0.0284",="-0.00168",="252258.8",="4676679.3",="2384692.0",="2039728.5",="4676679.3",="704301.1",="3070880.2",="2737374.3",="1020602.9",="581292.7",="434344.6",="1939305.0",="2951775.3",="3.69e-09",="888.5",="152188.5",="15439.3",="135860.9",="7.52e-09",="152186.0",="21817.1",="99214.7",="13767.9",="52971.4",="116602.2",="44520.5",="41755169.9",="1.06612e+09",="290611175.6",="733752310.4",="-0.0000243",="1.06616e+09",="237732171.4",="649942657.9",="318074180.6",="416220590.8",="510356897.8",="59830.8",="2.50447e+09",="4.19693e+10",="1.35942e+10",="2.58705e+10",="0.00551",="4.19693e+10",="8.70746e+09",="2.31279e+10",="9.28150e+09",="1.88415e+10",="2.39803e+10",="21193.5",="1.64049e+09",="2.10954e+10",="7.81974e+09",="1.16351e+10",="0.000637",="2.10954e+10",="5.04316e+09",="1.10280e+10",="5.36478e+09",="1.00674e+10",="1.06875e+10",="2425941.4",="368840004.3",="8.88913e+09",="1.99089e+09",="6.52940e+09",="-0.00115",="8.89156e+09",="2.21147e+09",="6.21844e+09",="2.02970e+09",="2.67312e+09",="4.65039e+09",="-30619.2",="269960838.2",="9.05206e+09",="2.30527e+09",="6.47682e+09",="-0.0000890",="9.05203e+09",="1.59195e+09",="5.33227e+09",="1.56950e+09",="3.71976e+09",="5.89057e+09",="9332776.8",="1.57336e+10",="2.72267e+11",="1.16507e+11",="1.40026e+11",="-0.000553",="2.72276e+11",="3.64356e+10",="1.46654e+11",="4.38905e+10",="1.25622e+11",="1.91950e+11",="62199913.1",="5.21465e+09",="1.43407e+10",="7.91407e+09",="1.21202e+09",="-0.00462",="1.44029e+10",="1.85233e+09",="3.30855e+09",="2.11453e+09",="1.10944e+10",="1.04361e+10"
="14.year_inc#c.ivparm2",="-0.00243",="-63668.8",="-2299906.8",="-703004.3",="-1533233.7",="-2299906.8",="-285107.3",="-1203950.9",="-1213799.9",="-293587.8",="-146572.7",="-296601.0",="-1086106.9",="-1721211.6",="3.11e-14",="0.00215",="0.0122",="0.0106",="0.0296",="0.00725",="0.0128",="0.00795",="0.0104",="0.00645",="0.00546",="-7.80e-08",="55712.1",="1092363.4",="411435.5",="625213.1",="-0.000000383",="1092361.0",="220042.3",="639707.2",="313152.0",="452658.5",="559165.8",="7.74e-13",="0.0155",="0.0504",="0.0506",="0.0872",="0.0309",="0.0347",="0.0353",="0.0329",="0.0325",="0.0334",="0.0244",="0.0287",="0.0303",="-0.000194",="283790.7",="5053093.2",="2456380.5",="2312922.0",="5053093.2",="672568.0",="3359249.6",="2868270.2",="1218974.0",="641668.8",="561927.7",="2184823.0",="3161551.2",="2.43e-09",="964.3",="206043.7",="20950.3",="184132.0",="9.08e-09",="206044.2",="28871.0",="145599.1",="25694.7",="60445.1",="151479.0",="0.000352",="76613113.7",="1.86134e+09",="638161462.0",="1.14657e+09",="-0.0000226",="1.86134e+09",="322750060.2",="1.22761e+09",="641359254.4",="633731797.6",="897234271.6",="78841.2",="2.38172e+09",="5.10347e+10",="1.63901e+10",="3.22629e+10",="0.00539",="5.10347e+10",="1.02205e+10",="3.05865e+10",="1.27167e+10",="2.04483e+10",="2.80975e+10",="100370.2",="1.41255e+09",="2.49415e+10",="9.29652e+09",="1.42325e+10",="0.000562",="2.49417e+10",="5.76929e+09",="1.42972e+10",="7.03420e+09",="1.06445e+10",="1.21382e+10",="-0.00529",="385494941.5",="1.32167e+10",="2.65284e+09",="1.01784e+10",="-0.000833",="1.32167e+10",="2.82257e+09",="9.98537e+09",="2.52152e+09",="3.23131e+09",="7.87260e+09",="-40966.2",="267363452.1",="1.13034e+10",="2.81763e+09",="8.21843e+09",="-0.0000819",="1.13034e+10",="1.90726e+09",="7.25877e+09",="2.27814e+09",="4.04460e+09",="7.11798e+09",="15548808.8",="1.62117e+10",="3.09610e+11",="1.23946e+11",="1.69452e+11",="-0.000481",="3.09626e+11",="4.22746e+10",="1.66979e+11",="5.23074e+10",="1.42647e+11",="2.15044e+11",="13403745.7",="2.94055e+09",="1.45133e+10",="9.82975e+09",="1.74301e+09",="-0.00605",="1.45267e+10",="2.48089e+09",="4.01487e+09",="1.52677e+09",="1.05118e+10",="1.05191e+10"
="16.year_inc#c.ivparm2",="-0.00402",="-59189.9",="-2676953.3",="-742941.9",="-1874821.5",="-2676953.3",="-354000.1",="-1437059.7",="-1435125.3",="-350326.6",="-180372.1",="-353319.5",="-1241828.1",="-1972626.6",="3.24e-14",="0.00156",="0.0111",="0.00884",="0.0272",="0.00645",="0.0124",="0.00703",="0.00791",="0.00578",="0.00495",="-6.13e-08",="32348.4",="1005551.7",="345198.6",="628003.2",="-0.000000437",="1005550.9",="221787.7",="583956.3",="272049.3",="421596.9",="511712.4",="-1.87e-11",="0.0175",="0.0555",="0.0569",="0.0919",="0.0323",="0.0309",="0.0361",="0.0335",="0.0398",="0.0419",="0.0294",="0.0309",="0.0310",="-0.00116",="327021.5",="5455025.1",="2546477.7",="2581525.9",="5455025.1",="655448.4",="3525085.3",="3019944.5",="1529917.5",="815237.0",="708317.1",="2435080.6",="3269659.2",="-2.35e-09",="204.0",="221633.8",="21936.1",="199492.7",="8.40e-09",="221631.3",="34259.3",="141660.3",="40323.0",="79974.3",="147048.5",="-199765.1",="8378523.0",="1.53609e+09",="394855968.4",="1.13286e+09",="-0.0000210",="1.53589e+09",="377867596.1",="1.00936e+09",="462854279.0",="526530842.4",="695172727.7",="49468.2",="1.54733e+09",="4.86412e+10",="1.42786e+10",="3.28153e+10",="0.00640",="4.86413e+10",="1.05359e+10",="2.78350e+10",="1.17834e+10",="2.08062e+10",="2.63221e+10",="1.189",="1.28241e+09",="2.35507e+10",="8.21679e+09",="1.40515e+10",="0.000668",="2.35507e+10",="5.79875e+09",="1.29575e+10",="5.92246e+09",="1.05933e+10",="1.18295e+10",="-0.00518",="-156764216.2",="1.33039e+10",="2.98523e+09",="1.04754e+10",="-0.000844",="1.33039e+10",="3.27717e+09",="8.52064e+09",="3.25897e+09",="4.78324e+09",="6.76775e+09",="-25421.7",="25625163.0",="1.09244e+10",="2.32509e+09",="8.57371e+09",="-0.0000376",="1.09244e+10",="2.03463e+09",="6.62169e+09",="2.36463e+09",="4.30271e+09",="6.52515e+09",="20749962.1",="1.56208e+10",="3.37228e+11",="1.26849e+11",="1.94758e+11",="-0.000448",="3.37248e+11",="4.58712e+10",="1.81960e+11",="5.99925e+10",="1.55288e+11",="2.31385e+11",="20936734.3",="3.37271e+09",="1.45464e+10",="9.35549e+09",="1.81820e+09",="-0.00363",="1.45673e+10",="2.14453e+09",="4.23922e+09",="2.24698e+09",="1.03281e+10",="1.01758e+10"
="18.year_inc#c.ivparm2",="-0.00432",="-60039.8",="-2957322.9",="-730541.6",="-2166741.5",="-2957322.9",="-396286.0",="-1629273.5",="-1620040.2",="-405684.8",="-208215.5",="-396656.5",="-1337282.7",="-2155352.2",="3.04e-14",="0.00142",="0.0136",="0.0128",="0.0314",="0.00769",="0.0121",="0.00809",="0.0107",="0.00724",="0.00596",="-0.000000126",="27934.9",="1211652.6",="451723.3",="731991.7",="-0.000000444",="1211652.9",="227573.0",="677684.3",="368497.9",="533968.8",="615581.3",="-3.86e-11",="0.0193",="0.0547",="0.0552",="0.0862",="0.0307",="0.0295",="0.0344",="0.0324",="0.0405",="0.0436",="0.0289",="0.0288",="0.0287",="-0.00208",="394306.2",="5409883.5",="2379002.9",="2636574.4",="5409883.5",="679126.7",="3447806.6",="3018519.3",="1674895.2",="905414.9",="763196.5",="2391364.1",="3055861.5",="3.08e-09",="674.1",="265728.4",="19243.1",="245811.1",="7.84e-09",="265727.9",="30160.3",="176017.7",="47131.6",="89711.1",="188435.5",="-223565.5",="-23649518.2",="1.68434e+09",="590276512.1",="1.11772e+09",="-0.0000461",="1.68412e+09",="302097650.8",="1.12133e+09",="520060139.7",="562784522.0",="861961682.4",="82870.5",="1.22684e+09",="5.93238e+10",="1.78956e+10",="4.02014e+10",="0.00508",="5.93239e+10",="1.07448e+10",="3.35262e+10",="1.60056e+10",="2.57977e+10",="3.25735e+10",="-6.547",="1.15399e+09",="2.87161e+10",="1.03278e+10",="1.72344e+10",="0.000632",="2.87161e+10",="5.98299e+09",="1.52707e+10",="8.51111e+09",="1.34454e+10",="1.42220e+10",="-0.00547",="491854030.3",="1.37202e+10",="2.64316e+09",="1.05852e+10",="-0.00102",="1.37202e+10",="2.41141e+09",="9.01078e+09",="4.54551e+09",="4.70946e+09",="6.76332e+09",="-40911.5",="-17725895.9",="1.34283e+10",="2.92421e+09",="1.05218e+10",="-0.000114",="1.34282e+10",="2.07141e+09",="8.22596e+09",="3.00224e+09",="5.20229e+09",="8.35460e+09",="76365996.3",="1.60421e+10",="3.55071e+11",="1.24283e+11",="2.14746e+11",="-0.000684",="3.55147e+11",="4.78714e+10",="1.92191e+11",="6.81053e+10",="1.62956e+11",="2.39171e+11",="5508192.7",="3.83227e+09",="1.42073e+10",="7.94003e+09",="2.43499e+09",="-0.00446",="1.42128e+10",="2.16835e+09",="4.54914e+09",="2.98836e+09",="9.66367e+09",="9.05609e+09"
="20.year_inc#c.ivparm2",="-0.00204",="-59811.7",="-3191758.9",="-704937.0",="-2427010.2",="-3191758.9",="-417042.6",="-1738058.5",="-1761555.4",="-498426.1",="-258518.8",="-436182.0",="-1430203.5",="-2276290.2",="2.97e-14",="0.00199",="0.0130",="0.0102",="0.0312",="0.00728",="0.00972",="0.00757",="0.0121",="0.00694",="0.00531",="-0.000000127",="50263.5",="1170434.0",="370072.1",="750096.3",="-0.000000575",="1170432.5",="192761.5",="647531.1",="430832.7",="522904.5",="546836.8",="-8.41e-12",="0.0154",="0.0529",="0.0567",="0.0831",="0.0293",="0.0296",="0.0341",="0.0310",="0.0378",="0.0387",="0.0239",="0.0273",="0.0273",="-0.000571",="284083.4",="5342821.1",="2391529.9",="2667207.7",="5342821.1",="722311.1",="3462847.5",="2974276.0",="1718694.5",="895275.6",="731924.5",="2368545.0",="2901815.5",="4.34e-09",="1437.6",="223427.3",="8832.8",="213156.4",="8.60e-09",="223425.4",="28759.0",="141968.9",="23067.3",="81457.8",="171597.1",="159273.8",="4357451.1",="1.77258e+09",="456072032.0",="1.31215e+09",="-0.0000359",="1.77274e+09",="288383591.7",="926205320.0",="711497622.2",="846538271.9",="772862555.4",="70778.2",="2.39313e+09",="5.41612e+10",="1.39943e+10",="3.77738e+10",="0.00370",="5.41613e+10",="9.22698e+09",="3.00555e+10",="1.62959e+10",="2.41058e+10",="2.86384e+10",="104839.3",="1.54151e+09",="2.65898e+10",="8.41423e+09",="1.66340e+10",="0.000818",="2.65899e+10",="5.29931e+09",="1.43413e+10",="8.86213e+09",="1.22486e+10",="1.24285e+10",="2569122.8",="641767161.8",="1.03214e+10",="1.84412e+09",="7.83547e+09",="-0.00138",="1.03239e+10",="2.11746e+09",="7.27969e+09",="2.21671e+09",="3.04424e+09",="5.98976e+09",="-36509.3",="232028057.8",="1.17111e+10",="2.03909e+09",="9.43996e+09",="-0.0000988",="1.17110e+10",="1.68620e+09",="6.89048e+09",="2.83593e+09",="4.82056e+09",="7.18891e+09",="40863936.9",="1.53450e+10",="3.66524e+11",="1.22273e+11",="2.28906e+11",="-0.000684",="3.66565e+11",="4.82546e+10",="1.99030e+11",="7.48885e+10",="1.67535e+11",="2.43422e+11",="26409213.0",="4.37469e+09",="1.57922e+10",="8.79489e+09",="2.62264e+09",="-0.00627",="1.58186e+10",="2.22182e+09",="4.86457e+09",="3.30091e+09",="1.09541e+10",="1.02959e+10"
="22.year_inc#c.ivparm2",="-0.00370",="-55126.4",="-3357329.9",="-696724.8",="-2605478.8",="-3357329.9",="-442992.2",="-1847644.5",="-1876674.0",="-546977.3",="-295711.5",="-456840.1",="-1480655.9",="-2367360.4",="2.94e-14",="0.00108",="0.0134",="0.0133",="0.0302",="0.00746",="0.0101",="0.00793",="0.0118",="0.00693",="0.00550",="-3.02e-08",="24382.8",="1215967.9",="444965.1",="746614.3",="-0.000000376",="1215968.1",="204385.3",="683115.4",="447638.7",="532852.1",="563943.7",="-1.68e-11",="0.0151",="0.0521",="0.0583",="0.0812",="0.0286",="0.0269",="0.0321",="0.0315",="0.0391",="0.0421",="0.0271",="0.0253",="0.0264",="-0.00113",="361912.0",="5372332.8",="2308854.5",="2701566.3",="5372332.8",="699878.7",="3318693.8",="3069368.5",="1879292.1",="1006553.8",="859387.1",="2302964.3",="2793162.0",="-1.57e-09",="2017.7",="236576.3",="17606.7",="216954.3",="8.25e-09",="236575.2",="45007.1",="140021.9",="33550.5",="96554.9",="158020.0",="0.000226",="-41605831.4",="2.26303e+09",="785312479.6",="1.51932e+09",="-0.0000188",="2.26303e+09",="403543230.7",="1.34117e+09",="883367718.5",="921862981.1",="976119954.7",="71907.8",="1.04805e+09",="5.68809e+10",="1.72365e+10",="3.85964e+10",="0.00652",="5.68810e+10",="1.08102e+10",="3.21935e+10",="1.67886e+10",="2.46875e+10",="2.92821e+10",="21493.1",="670739323.1",="2.80397e+10",="9.92422e+09",="1.74448e+10",="0.000652",="2.80397e+10",="5.83574e+09",="1.58278e+10",="8.94844e+09",="1.22120e+10",="1.32556e+10",="-433202.2",="615500456.7",="1.37017e+10",="3.48557e+09",="9.60063e+09",="-0.00161",="1.37013e+10",="3.58999e+09",="9.23330e+09",="4.01426e+09",="4.46797e+09",="6.09702e+09",="-37144.0",="28161485.7",="1.22667e+10",="2.74604e+09",="9.49250e+09",="-0.0000469",="1.22667e+10",="2.13727e+09",="7.24252e+09",="3.00822e+09",="5.02414e+09",="7.12118e+09",="19410486.6",="1.51896e+10",="3.69844e+11",="1.17264e+11",="2.37390e+11",="-0.000403",="3.69863e+11",="4.88792e+10",="2.01723e+11",="8.03184e+10",="1.68140e+11",="2.40665e+11",="14164658.9",="3.11099e+09",="1.65813e+10",="9.15895e+09",="4.31141e+09",="-0.00426",="1.65955e+10",="3.23118e+09",="5.16554e+09",="3.20063e+09",="1.14300e+10",="1.01637e+10"
="24.year_inc#c.ivparm2",="-0.00266",="-57355.5",="-3434533.9",="-648274.9",="-2728903.5",="-3434533.9",="-466257.6",="-1915077.9",="-1922329.2",="-584419.9",="-312718.3",="-460709.6",="-1512204.7",="-2383856.3",="3.19e-14",="0.00268",="0.0130",="0.0119",="0.0285",="0.00722",="0.00986",="0.00714",="0.0121",="0.00732",="0.00501",="-0.000000159",="93218.5",="1199525.8",="389146.1",="717159.0",="-0.000000403",="1199526.2",="204588.6",="628090.9",="482281.8",="571435.8",="512653.2",="-2.19e-12",="0.0135",="0.0531",="0.0648",="0.0845",="0.0290",="0.0259",="0.0318",="0.0331",="0.0395",="0.0448",="0.0217",="0.0245",="0.0271",="-0.000363",="409481.3",="5586090.2",="2377852.1",="2798756.7",="5586090.2",="710727.3",="3325737.7",="3258047.8",="2018777.8",="1115186.4",="814961.3",="2328042.4",="2856585.1",="-9.89e-10",="1892.2",="243970.6",="13790.7",="228288.1",="7.42e-09",="243969.2",="35088.6",="152604.0",="15331.6",="91363.9",="193547.3",="262237.1",="134135456.1",="2.23701e+09",="786090292.7",="1.31678e+09",="-0.0000355",="2.23727e+09",="400893074.4",="1.15792e+09",="1.03387e+09",="1.07935e+09",="802505451.5",="60351.4",="4.02047e+09",="5.80525e+10",="1.59367e+10",="3.80953e+10",="0.00507",="5.80525e+10",="9.93240e+09",="3.04099e+10",="1.84695e+10",="2.76427e+10",="2.96507e+10",="79244.7",="2.21488e+09",="2.83097e+10",="9.37270e+09",="1.67222e+10",="0.000657",="2.83098e+10",="5.32873e+09",="1.40192e+10",="1.08057e+10",="1.42907e+10",="1.21754e+10",="944779.6",="811392030.5",="1.34416e+10",="2.52767e+09",="1.01026e+10",="-0.00109",="1.34426e+10",="2.36528e+09",="8.18359e+09",="3.40262e+09",="5.25898e+09",="7.67467e+09",="-30581.1",="570333392.4",="1.26145e+10",="2.40751e+09",="9.63667e+09",="-0.000119",="1.26145e+10",="1.87531e+09",="7.16057e+09",="2.89273e+09",="5.45391e+09",="7.84644e+09",="41655195.2",="1.59212e+10",="3.72555e+11",="1.16134e+11",="2.40500e+11",="-0.000581",="3.72596e+11",="4.97697e+10",="2.04959e+11",="8.51764e+10",="1.67637e+11",="2.37650e+11",="3069985.9",="4.98517e+09",="1.85624e+10",="9.45588e+09",="4.12133e+09",="-0.00463",="1.85654e+10",="3.61761e+09",="7.09932e+09",="5.91127e+09",="1.14661e+10",="9.03656e+09"
="c.ivparm1#c.ivparm2",="-0.0000179",="-0.00000158",="-0.0000797",="0.0000234",="-0.0000170",="-0.0000323",="0.000000291",="-0.00000991",="-0.0000535",="0.0000150",="-0.00000853",="0.00000268",="-0.0000824",="-0.0000809",="3.67e-14",="0.00446",="0.0128",="0.0163",="0.0380",="0.00727",="0.00967",="0.00750",="0.00728",="0.00700",="0.00692",="-0.000000108",="172597.1",="932589.2",="397539.2",="362451.0",="-0.000000465",="932589.1",="134519.1",="512728.8",="127492.0",="419860.9",="670576.3",="4.85e-14",="-0.00467",="-0.0141",="-0.0175",="-0.0439",="-0.00799",="-0.0103",="-0.00572",="-0.00821",="-0.00778",="-0.00881",="-0.0142",="-0.00774",="-0.00769",="-0.000000178",="-180508.1",="-1024821.8",="-425390.0",="-418923.7",="-1024821.8",="-143890.9",="-432109.7",="-560683.2",="-136317.1",="-80301.4",="-206595.4",="-464138.6",="-744613.9",="1.65e-09",="241.9",="46527.2",="5576.9",="40708.0",="9.85e-09",="46525.2",="3263.8",="38715.5",="1844.7",="7811.4",="41416.6",="0.000268",="75754932.4",="911196889.0",="352772993.6",="482668960.1",="-0.0000337",="911196945.9",="110602052.4",="555683060.9",="176547739.4",="355513842.3",="624047243.4",="-0.0203",="6.84389e+09",="3.63323e+10",="1.44277e+10",="1.50606e+10",="0.00644",="3.63323e+10",="5.51152e+09",="2.03764e+10",="4.51259e+09",="1.59558e+10",="2.63082e+10",="-0.00136",="3.54885e+09",="2.03008e+10",="8.54494e+09",="8.20701e+09",="0.000803",="2.03008e+10",="3.40968e+09",="1.10296e+10",="2.62003e+09",="9.27115e+09",="1.42711e+10",="-0.00619",="815814757.3",="4.06146e+09",="1.17290e+09",="2.07275e+09",="-0.00138",="4.06146e+09",="964983456.1",="2.97470e+09",="631774450.2",="1.08676e+09",="2.46470e+09",="-0.00382",="1.29388e+09",="7.14105e+09",="2.52707e+09",="3.32010e+09",="-0.0000962",="7.14105e+09",="915008673.8",="4.26447e+09",="773478859.2",="2.87658e+09",="5.45256e+09",="-10461960.9",="-45438375.1",="158023044.7",="83572108.8",="119892258.2",="-0.000651",="147556250.9",="34067739.9",="90560133.4",="21635839.6",="56999463.0",="91858304.3",="-0.0311",="-189.5",="-178.2",="2.234",="41.87",="-0.00559",="166.5",="-29.69",="-143.1",="-51.71",="-169.7",="-403.9"
="2.year_inc#c.ivparm1#c.ivparm2",="0",="0",="0",="0",="0",="0",="0",="0",="0",="0",="0",="0",="0",="0",="0",="0",="0",="0",="0",="0",="0",="0",="0",="0",="0",="0",="0",="0",="0",="0",="0",="0",="0",="0",="0",="0",="0",="0",="0",="0",="0",="0",="0",="0",="0",="0",="0",="0",="0",="0",="0",="0",="0",="0",="0",="0",="0",="0",="0",="0",="0",="0",="0",="0",="0",="0",="0",="0",="0",="0",="0",="0",="0",="0",="0",="0",="0",="0",="0",="0",="0",="0",="0",="0",="0",="0",="0",="0",="0",="0",="0",="0",="0",="0",="0",="0",="0",="0",="0",="0",="0",="0",="0",="0",="0",="0",="0",="0",="0",="0",="0",="0",="0",="0",="0",="0",="0",="0",="0",="0",="0",="0",="0",="0",="0",="0",="0",="0",="0",="0",="0",="0",="0",="0",="0",="0",="0",="0",="0",="0",="0",="0",="0",="0",="0",="0",="0",="0",="0",="0",="0",="0",="0",="0",="0",="0",="0",="0",="0",="0",="0"
="4.year_inc#c.ivparm1#c.ivparm2",="0.0000199",="-0.334",="-0.814",="-0.431",="-0.0499",="-0.814",="-0.0882",="-0.188",="-0.657",="-0.462",="-0.460",="-0.312",="-0.157",="-0.264",="-3.74e-14",="0.00363",="0.00968",="0.0106",="0.0300",="0.00572",="0.00877",="0.00575",="0.00756",="0.00568",="0.00491",="0.000000126",="142681.6",="753426.2",="305418.8",="305322.2",="0.000000276",="753424.1",="126654.1",="404304.4",="148493.7",="349119.9",="478279.8",="-4.88e-14",="-0.00333",="-0.00953",="-0.00958",="-0.0318",="-0.00570",="-0.00801",="-0.00397",="-0.00575",="-0.00763",="-0.00846",="-0.0118",="-0.00564",="-0.00499",="0.000000847",="-132173.9",="-762799.2",="-287305.4",="-343319.9",="-762799.2",="-117903.1",="-315644.7",="-410638.4",="-152370.9",="-87622.2",="-180703.0",="-352160.8",="-492525.2",="3.75e-09",="-342.3",="45050.3",="5473.3",="39917.7",="-9.55e-09",="45050.7",="3861.6",="19341.0",="2854.2",="25705.1",="38334.8",="-0.000124",="265578269.9",="1.17191e+09",="501119219.0",="405214206.1",="0.0000302",="1.17191e+09",="136481976.0",="644461299.4",="221315362.8",="527450532.5",="814114256.8",="78255.5",="5.56360e+09",="2.86282e+10",="1.05773e+10",="1.24873e+10",="-0.00674",="2.86283e+10",="4.80918e+09",="1.48889e+10",="5.20806e+09",="1.37394e+10",="1.86110e+10",="0.00164",="3.01426e+09",="1.53514e+10",="5.81051e+09",="6.52666e+09",="-0.000959",="1.53514e+10",="2.79866e+09",="8.16687e+09",="2.76589e+09",="7.18456e+09",="9.78689e+09",="0.00652",="716850827.5",="3.64416e+09",="1.16271e+09",="1.76460e+09",="0.00218",="3.64416e+09",="606590787.6",="1.78827e+09",="990024408.3",="1.85589e+09",="2.04754e+09",="-40265.1",="947092237.3",="5.50787e+09",="1.83003e+09",="2.73075e+09",="0.000106",="5.50783e+09",="810623194.1",="2.88280e+09",="943059119.4",="2.62503e+09",="3.75415e+09",="18139488.1",="982268807.1",="5.16285e+09",="2.16747e+09",="2.01311e+09",="0.000649",="5.18099e+09",="988627587.1",="3.08769e+09",="402088094.2",="2.09329e+09",="3.79027e+09",="-1.357",="-46123919.3",="252810371.9",="259827946.0",="39106473.4",="0.00593",="252809941.6",="41881479.9",="107634874.9",="-66034217.8",="145175580.9",="276963232.9"
="6.year_inc#c.ivparm1#c.ivparm2",="-0.0000148",="-135.0",="-47960.3",="-15961.6",="-31863.7",="-47960.3",="-5359.2",="-20612.9",="-24990.7",="-1330.4",="-512.6",="-4452.6",="-22969.6",="-41270.7",="-4.00e-14",="0.00467",="0.0156",="0.0178",="0.0473",="0.00920",="0.0137",="0.00954",="0.0115",="0.00880",="0.00803",="8.32e-08",="177924.8",="1233262.2",="532428.4",="522910.2",="0.000000485",="1233262.6",="203418.2",="683817.1",="243889.5",="549441.2",="785955.7",="1.85e-14",="-0.00347",="-0.0147",="-0.0150",="-0.0485",="-0.00881",="-0.0138",="-0.00690",="-0.00971",="-0.0118",="-0.0141",="-0.0157",="-0.00778",="-0.00743",="-0.000000226",="-133124.1",="-1217077.3",="-477464.1",="-606489.0",="-1217077.3",="-212393.4",="-564161.8",="-714514.7",="-256184.7",="-156896.5",="-252800.2",="-502562.6",="-748499.2",="-4.37e-09",="4889.6",="135713.7",="31435.3",="99385.2",="-9.64e-09",="135717.6",="13920.7",="79067.1",="5657.2",="56649.8",="116140.4",="-0.000417",="248235637.3",="1.57875e+09",="637733310.7",="692778787.6",="0.0000234",="1.57875e+09",="225462248.4",="808876681.4",="324911411.7",="769871248.5",="1.02837e+09",="0.0217",="7.15061e+09",="5.04740e+10",="2.00291e+10",="2.32943e+10",="-0.00678",="5.04740e+10",="8.17694e+09",="2.74713e+10",="8.94305e+09",="2.30027e+10",="3.33540e+10",="0.00143",="3.79639e+09",="2.55005e+10",="1.04242e+10",="1.12799e+10",="-0.000860",="2.55005e+10",="4.56010e+09",="1.39020e+10",="5.02493e+09",="1.15985e+10",="1.59155e+10",="0.00700",="1.47264e+09",="8.44062e+09",="2.89903e+09",="4.06894e+09",="0.00144",="8.44062e+09",="1.29786e+09",="4.84341e+09",="2.14972e+09",="3.59721e+09",="4.99304e+09",="0.00411",="1.15984e+09",="1.03727e+10",="3.67353e+09",="5.53931e+09",="0.0000861",="1.03727e+10",="1.41662e+09",="5.82212e+09",="1.43309e+09",="4.55056e+09",="7.52297e+09",="66108702.6",="2.32786e+09",="1.42803e+10",="5.99885e+09",="5.95359e+09",="0.000711",="1.43464e+10",="2.13571e+09",="7.43970e+09",="1.80664e+09",="6.90671e+09",="1.04041e+10",="195222.3",="170566527.6",="453673082.2",="206065466.8",="77041050.4",="0.00586",="453867701.5",="102433563.6",="89148755.4",="-143648837.6",="364719746.3",="495083651.5"
="8.year_inc#c.ivparm1#c.ivparm2",="-0.0000130",="-2521.0",="-110510.9",="-41307.7",="-66682.2",="-110510.9",="-16953.8",="-46363.1",="-62134.6",="-18447.9",="-13634.8",="-25450.9",="-48376.3",="-75109.2",="-3.99e-14",="0.00505",="0.0186",="0.0214",="0.0516",="0.0109",="0.0161",="0.0120",="0.0148",="0.00968",="0.00927",="7.02e-08",="185720.7",="1483741.7",="663269.4",="634753.0",="0.000000359",="1483744.5",="242047.0",="868821.2",="331041.1",="614920.9",="910658.7",="2.31e-14",="-0.00412",="-0.0169",="-0.0160",="-0.0506",="-0.0102",="-0.0168",="-0.00757",="-0.0113",="-0.0136",="-0.0145",="-0.0198",="-0.00882",="-0.00840",="-0.000000177",="-151718.4",="-1448441.3",="-549889.5",="-746833.4",="-1448441.3",="-266920.5",="-638927.4",="-860620.9",="-320551.7",="-177333.7",="-334707.6",="-587820.3",="-860969.1",="-1.34e-08",="3379.1",="157114.1",="35006.9",="118727.7",="-1.04e-08",="157114.6",="23651.5",="90472.2",="9295.1",="66641.6",="124171.5",="-0.000284",="262889266.8",="1.91258e+09",="707641400.9",="942053548.0",="0.0000314",="1.91258e+09",="318397168.6",="1.12477e+09",="472207284.6",="787810763.8",="1.12198e+09",="64800.2",="6.93068e+09",="5.96458e+10",="2.47901e+10",="2.79250e+10",="-0.00825",="5.96458e+10",="1.01089e+10",="3.44800e+10",="1.16859e+10",="2.51658e+10",="3.78510e+10",="0.000872",="3.37076e+09",="3.00812e+10",="1.32195e+10",="1.34909e+10",="-0.000858",="3.00812e+10",="5.55284e+09",="1.72385e+10",="6.23574e+09",="1.28427e+10",="1.82926e+10",="0.00696",="1.21941e+09",="1.01172e+10",="3.51699e+09",="5.38083e+09",="0.00116",="1.01172e+10",="2.31111e+09",="5.91154e+09",="2.22953e+09",="4.20568e+09",="5.57659e+09",="-33332.7",="1.27036e+09",="1.22203e+10",="4.39808e+09",="6.55182e+09",="0.0000792",="1.22202e+10",="1.81151e+09",="7.36854e+09",="2.05001e+09",="4.85170e+09",="8.35871e+09",="55750081.8",="2.59333e+09",="2.55397e+10",="1.19069e+10",="1.10395e+10",="0.000643",="2.55955e+10",="3.54818e+09",="1.41728e+10",="4.09242e+09",="1.14227e+10",="1.79549e+10",="102.1",="765193125.3",="1.19373e+09",="443359495.7",="-14819976.2",="0.00477",="1.19373e+09",="580059189.8",="1612239.9",="137595.3",="1.19212e+09",="613536175.4"
="10.year_inc#c.ivparm1#c.ivparm2",="-0.0000357",="-1078.9",="-215057.8",="-69487.3",="-144491.7",="-215057.8",="-26133.8",="-91200.1",="-119157.3",="-29839.7",="-18102.5",="-37971.6",="-95900.6",="-159084.4",="-4.13e-14",="0.00589",="0.0215",="0.0233",="0.0590",="0.0126",="0.0182",="0.0133",="0.0162",="0.0119",="0.0109",="9.47e-08",="213570.5",="1738245.9",="749553.9",="775126.4",="0.000000487",="1738245.5",="279207.4",="975066.3",="386179.3",="763178.9",="1072859.7",="6.53e-14",="-0.00466",="-0.0200",="-0.0182",="-0.0572",="-0.0121",="-0.0188",="-0.0114",="-0.0126",="-0.0154",="-0.0180",="-0.0167",="-0.0116",="-0.0104",="0.000000322",="-168880.3",="-1767889.1",="-655236.1",="-943772.7",="-1767889.1",="-307980.0",="-967647.2",="-981305.4",="-387730.8",="-231435.7",="-302091.7",="-786583.7",="-1072178.2",="1.64e-09",="5908.1",="201754.3",="42101.1",="153749.2",="-1.38e-08",="201757.6",="29558.6",="119522.7",="11965.6",="82233.4",="160231.7",="-0.000427",="296011648.7",="2.29793e+09",="905403945.7",="1.09651e+09",="0.0000387",="2.29793e+09",="342630824.9",="1.26079e+09",="589987133.4",="1.03714e+09",="1.36531e+09",="-5.035",="8.21040e+09",="7.08069e+10",="2.84126e+10",="3.41839e+10",="-0.00677",="7.08069e+10",="1.23128e+10",="3.99332e+10",="1.36299e+10",="3.08738e+10",="4.48641e+10",="0.00154",="4.07170e+09",="3.46347e+10",="1.50358e+10",="1.55272e+10",="-0.000971",="3.46347e+10",="6.72914e+09",="1.97891e+10",="7.32175e+09",="1.48456e+10",="2.05838e+10",="-4.458",="1.41866e+09",="1.15694e+10",="3.38666e+09",="6.76410e+09",="0.00137",="1.15694e+10",="2.59555e+09",="7.63163e+09",="2.53270e+09",="3.93779e+09",="6.44117e+09",="-0.690",="1.44080e+09",="1.50098e+10",="5.16318e+09",="8.40583e+09",="0.0000801",="1.50098e+10",="2.17974e+09",="8.63507e+09",="2.38007e+09",="6.37474e+09",="1.04500e+10",="19627641.6",="2.19929e+09",="3.43575e+10",="1.61854e+10",="1.59729e+10",="0.000618",="3.43772e+10",="5.11584e+09",="1.93968e+10",="5.67680e+09",="1.49804e+10",="2.35845e+10",="-267334.2",="330624388.2",="1.82777e+09",="1.15583e+09",="341313305.3",="0.00666",="1.82750e+09",="228705305.6",="298022416.7",="214723361.9",="1.52948e+09",="1.38407e+09"
="12.year_inc#c.ivparm1#c.ivparm2",="-0.0000563",="-3494.9",="-309292.7",="-97051.1",="-208746.7",="-309292.7",="-50153.6",="-128840.3",="-176442.2",="-43166.2",="-23986.4",="-60098.0",="-132850.4",="-215972.9",="-4.03e-14",="0.00513",="0.0231",="0.0260",="0.0597",="0.0134",="0.0178",="0.0149",="0.0164",="0.0117",="0.0120",="0.000000126",="176972.9",="1871354.0",="842071.6",="852311.9",="0.000000531",="1871353.5",="276306.2",="1109471.1",="413276.9",="761879.9",="1181774.9",="1.18e-13",="-0.00344",="-0.0224",="-0.0222",="-0.0585",="-0.0135",="-0.0196",="-0.0118",="-0.0150",="-0.0163",="-0.0190",="-0.0180",="-0.0118",="-0.0118",="0.000000392",="-116684.5",="-2009729.8",="-797532.8",="-1095512.5",="-2009729.8",="-336075.0",="-1024062.7",="-1187589.7",="-439544.1",="-259791.8",="-343494.5",="-822140.1",="-1234110.7",="-4.24e-09",="2142.1",="217689.1",="43528.7",="172018.4",="-9.88e-09",="217691.9",="24136.9",="138823.0",="17050.5",="78869.1",="176503.6",="-0.000312",="234225865.2",="2.80769e+09",="1.30070e+09",="1.27276e+09",="0.0000334",="2.80769e+09",="396437753.3",="1.51557e+09",="749834678.3",="1.29212e+09",="1.66142e+09",="-34028.1",="7.11893e+09",="7.73692e+10",="3.12523e+10",="3.89979e+10",="-0.00712",="7.73692e+10",="1.13085e+10",="4.57748e+10",="1.47166e+10",="3.15944e+10",="5.13441e+10",="0.00148",="3.63324e+09",="3.82929e+10",="1.64724e+10",="1.81872e+10",="-0.000823",="3.82928e+10",="6.27936e+09",="2.24731e+10",="7.47714e+09",="1.58198e+10",="2.45364e+10",="-3820280.8",="1.36055e+09",="1.30195e+10",="4.14344e+09",="7.51554e+09",="0.00152",="1.30157e+10",="1.75171e+09",="8.53674e+09",="3.41795e+09",="4.47896e+09",="7.84605e+09",="17516.8",="1.22076e+09",="1.62615e+10",="5.59458e+09",="9.44613e+09",="0.000122",="1.62615e+10",="1.98062e+09",="1.00973e+10",="2.59263e+09",="6.16421e+09",="1.16882e+10",="25396365.2",="2.50457e+09",="3.95086e+10",="1.67946e+10",="2.02095e+10",="0.000748",="3.95340e+10",="5.78621e+09",="2.14418e+10",="6.09209e+09",="1.80922e+10",="2.76557e+10",="977673.6",="-738562727.7",="904162083.9",="1.19065e+09",="452070846.9",="0.00599",="905139303.1",="143785738.6",="-304712954.4",="-117760391.6",="1.20985e+09",="879114309.6"
="14.year_inc#c.ivparm1#c.ivparm2",="-0.000331",="-1800.8",="-367700.9",="-100565.0",="-265335.1",="-367700.9",="-62230.6",="-192161.7",="-221195.2",="-43739.1",="-27702.3",="-51715.2",="-146505.8",="-261731.3",="-4.07e-14",="0.00548",="0.0234",="0.0258",="0.0567",="0.0133",="0.0181",="0.0143",="0.0147",="0.0122",="0.0122",="0.000000108",="181529.9",="1883352.0",="842580.8",="859245.2",="0.000000502",="1883355.5",="287549.6",="1076632.9",="397751.0",="806716.3",="1198056.4",="7.41e-13",="-0.00424",="-0.0229",="-0.0213",="-0.0556",="-0.0136",="-0.0189",="-0.0120",="-0.0145",="-0.0148",="-0.0157",="-0.0188",="-0.0126",="-0.0125",="0.000000200",="-138394.7",="-2078014.5",="-776757.7",="-1162862.1",="-2078014.5",="-338912.6",="-1062347.9",="-1182737.2",="-429706.5",="-234771.7",="-373650.6",="-895277.3",="-1309395.4",="-2.65e-09",="3830.8",="226401.9",="42582.7",="179984.7",="-1.19e-08",="226401.2",="23407.6",="150233.9",="12857.8",="76167.2",="190135.1",="-0.000423",="232130645.0",="2.22906e+09",="1.04161e+09",="955317812.9",="0.0000313",="2.22906e+09",="386706008.9",="1.30683e+09",="466187983.6",="922229736.5",="1.37617e+09",="3.590",="7.03978e+09",="7.77729e+10",="3.13431e+10",="3.93900e+10",="-0.00697",="7.77730e+10",="1.18253e+10",="4.53149e+10",="1.29940e+10",="3.24581e+10",="5.29536e+10",="0.00140",="3.65157e+09",="3.81679e+10",="1.67106e+10",="1.78058e+10",="-0.000726",="3.81679e+10",="6.54958e+09",="2.14391e+10",="6.50370e+09",="1.67288e+10",="2.51146e+10",="0.00689",="1.30585e+09",="1.16741e+10",="4.71598e+09",="5.65230e+09",="0.00111",="1.16741e+10",="1.50972e+09",="8.17158e+09",="3.66760e+09",="3.50255e+09",="6.49681e+09",="-1.285",="1.19696e+09",="1.63133e+10",="5.41847e+09",="9.69785e+09",="0.000113",="1.63133e+10",="2.04056e+09",="1.01571e+10",="2.23372e+09",="6.15620e+09",="1.20390e+10",="16036388.4",="2.08767e+09",="4.40384e+10",="1.68249e+10",="2.51259e+10",="0.000653",="4.40544e+10",="5.97769e+09",="2.39698e+10",="6.06472e+09",="2.00847e+10",="3.20120e+10",="324765.1",="-836282249.3",="205768614.9",="775555028.2",="266495905.7",="0.00783",="206093109.7",="-402185238.0",="-394278050.4",="298691018.2",="600371628.5",="309588162.1"
="16.year_inc#c.ivparm1#c.ivparm2",="-0.000128",="-4503.1",="-411615.5",="-90801.3",="-316311.1",="-411615.5",="-59522.9",="-224950.9",="-240719.8",="-48430.8",="-29382.6",="-47890.9",="-170895.7",="-303661.9",="-4.23e-14",="0.00638",="0.0278",="0.0304",="0.0662",="0.0154",="0.0195",="0.0166",="0.0192",="0.0141",="0.0138",="8.56e-08",="210330.2",="2219629.2",="959517.9",="1049782.3",="0.000000573",="2219630.1",="322655.1",="1267594.4",="537685.6",="952032.8",="1359291.8",="2.64e-13",="-0.00465",="-0.0274",="-0.0261",="-0.0647",="-0.0158",="-0.0217",="-0.0147",="-0.0168",="-0.0195",="-0.0228",="-0.0214",="-0.0147",="-0.0139",="-0.000000172",="-150454.3",="-2453590.9",="-902151.6",="-1400985.0",="-2453590.9",="-397444.2",="-1312704.5",="-1385258.5",="-584854.6",="-345675.3",="-439627.4",="-1068332.3",="-1471292.1",="3.63e-09",="3503.2",="246000.0",="51317.3",="191180.7",="-1.11e-08",="246002.9",="29901.4",="161377.4",="-447.5",="84621.5",="216549.5",="-0.0000628",="266181516.2",="2.77145e+09",="1.34307e+09",="1.16219e+09",="0.0000294",="2.77145e+09",="398562642.5",="1.56759e+09",="770800946.4",="1.20386e+09",="1.60209e+09",="-62.46",="8.06806e+09",="9.10301e+10",="3.57747e+10",="4.71874e+10",="-0.00831",="9.10301e+10",="1.37031e+10",="5.32303e+10",="1.79690e+10",="3.77998e+10",="5.93580e+10",="-5.552",="4.06251e+09",="4.52816e+10",="1.91526e+10",="2.20665e+10",="-0.000864",="4.52816e+10",="7.79360e+09",="2.57220e+10",="1.02240e+10",="1.95595e+10",="2.72639e+10",="0.00674",="2.30631e+09",="1.49261e+10",="4.73836e+09",="7.88147e+09",="0.00112",="1.49261e+10",="2.06174e+09",="1.07701e+10",="3.75613e+09",="4.15602e+09",="9.10827e+09",="-9.252",="1.42601e+09",="1.92038e+10",="6.45223e+09",="1.13256e+10",="0.0000542",="1.92038e+10",="2.34936e+09",="1.18230e+10",="2.86502e+09",="7.38079e+09",="1.39894e+10",="22593317.3",="2.93205e+09",="4.68432e+10",="1.80365e+10",="2.58747e+10",="0.000610",="4.68658e+10",="6.50863e+09",="2.66892e+10",="6.52969e+09",="2.01766e+10",="3.38275e+10",="4457166.4",="352500245.3",="778583266.6",="187034404.9",="239048751.7",="0.00466",="783040539.4",="215762376.8",="98744288.6",="-54241637.2",="684296163.5",="621520039.6"
="18.year_inc#c.ivparm1#c.ivparm2",="0.0000441",="-2674.1",="-442694.7",="-108999.5",="-331021.0",="-442694.7",="-67755.6",="-239094.8",="-273516.7",="-70877.6",="-44534.9",="-50454.7",="-169178.0",="-304061.5",="-3.97e-14",="0.00657",="0.0253",="0.0268",="0.0590",="0.0137",="0.0169",="0.0144",="0.0181",="0.0129",="0.0119",="0.000000171",="217923.3",="2000907.0",="825867.9",="957119.6",="0.000000582",="2000906.3",="290918.7",="1113857.9",="537425.9",="887048.2",="1172563.2",="-9.73e-14",="-0.00577",="-0.0246",="-0.0202",="-0.0573",="-0.0140",="-0.0181",="-0.0126",="-0.0145",="-0.0197",="-0.0201",="-0.0216",="-0.0135",="-0.0117",="0.000000567",="-190775.3",="-2234766.5",="-712455.0",="-1331536.2",="-2234766.5",="-355024.7",="-1149861.8",="-1232886.0",="-628276.9",="-331410.0",="-466651.1",="-1001880.5",="-1251464.8",="-3.46e-09",="3760.4",="245791.1",="53381.7",="188649.2",="-1.03e-08",="245790.8",="44009.7",="129743.1",="614.1",="116046.8",="201168.9",="-0.000351",="283612344.4",="2.92658e+09",="1.23215e+09",="1.41082e+09",="0.0000625",="2.92658e+09",="518417032.7",="1.60924e+09",="938178584.2",="1.31734e+09",="1.46999e+09",="3.295",="8.27511e+09",="8.31321e+10",="3.09988e+10",="4.38582e+10",="-0.00656",="8.31321e+10",="1.32248e+10",="4.60784e+10",="1.72082e+10",="3.70537e+10",="5.26991e+10",="0.00145",="4.15630e+09",="4.06321e+10",="1.62885e+10",="2.01872e+10",="-0.000816",="4.06321e+10",="6.97038e+09",="2.28323e+10",="9.07805e+09",="1.77998e+10",="2.45836e+10",="0.00712",="1.84190e+09",="1.55147e+10",="5.24877e+09",="8.42398e+09",="0.00135",="1.55147e+10",="3.37991e+09",="9.90920e+09",="3.17157e+09",="5.60546e+09",="8.96318e+09",="0.00412",="1.39480e+09",="1.75308e+10",="5.51462e+09",="1.06214e+10",="0.000155",="1.75308e+10",="2.47101e+09",="9.86295e+09",="2.84142e+09",="7.66783e+09",="1.22183e+10",="5573330.3",="2.59536e+09",="4.80501e+10",="1.93799e+10",="2.60748e+10",="0.000922",="4.80557e+10",="6.80915e+09",="2.77336e+10",="7.18669e+09",="2.03220e+10",="3.40598e+10",="2368749.9",="-545488803.4",="900337971.9",="1.04008e+09",="405749478.4",="0.00577",="902706552.1",="292773161.1",="-72379708.3",="-396204105.7",="975086717.7",="1.00614e+09"
="20.year_inc#c.ivparm1#c.ivparm2",="-0.000130",="-2454.9",="-481517.9",="-98465.2",="-380597.8",="-481517.9",="-76708.8",="-274780.2",="-295636.9",="-72169.1",="-39336.8",="-60758.8",="-185880.9",="-332640.0",="-3.88e-14",="0.00515",="0.0261",="0.0294",="0.0618",="0.0140",="0.0181",="0.0155",="0.0157",="0.0124",="0.0128",="0.000000173",="169876.7",="2073604.2",="895181.2",="1008547.8",="0.000000753",="2073605.5",="321452.7",="1209208.6",="496842.4",="864392.7",="1255313.1",="2.77e-13",="-0.00435",="-0.0255",="-0.0230",="-0.0590",="-0.0145",="-0.0210",="-0.0154",="-0.0159",="-0.0158",="-0.0177",="-0.0146",="-0.0129",="-0.0129",="0.000000769",="-142803.5",="-2340245.0",="-785883.3",="-1411558.2",="-2340245.0",="-420008.7",="-1405037.2",="-1357525.0",="-550384.8",="-312687.5",="-357284.1",="-982720.0",="-1369851.5",="-5.10e-09",="4948.7",="308284.0",="66143.5",="237192.8",="-1.13e-08",="308286.0",="39755.0",="200040.3",="24333.9",="108244.2",="244200.7",="-0.000246",="305641235.9",="3.04696e+09",="1.21674e+09",="1.52458e+09",="0.0000489",="3.04696e+09",="475562597.0",="1.99017e+09",="844687909.2",="1.05679e+09",="1.72671e+09",="0.0232",="6.64685e+09",="9.00768e+10",="3.48809e+10",="4.85490e+10",="-0.00478",="9.00768e+10",="1.45389e+10",="5.33745e+10",="1.80872e+10",="3.67022e+10",="5.74506e+10",="-30684.6",="3.26941e+09",="4.30867e+10",="1.83595e+10",="2.14578e+10",="-0.00106",="4.30867e+10",="7.96132e+09",="2.47314e+10",="9.55439e+09",="1.83553e+10",="2.55710e+10",="-4.455",="1.40608e+09",="1.90578e+10",="5.70870e+09",="1.19430e+10",="0.00181",="1.90578e+10",="2.91064e+09",="1.21811e+10",="5.52973e+09",="6.87671e+09",="1.06174e+10",="-4.458",="1.12294e+09",="1.99291e+10",="6.40736e+09",="1.23988e+10",="0.000136",="1.99291e+10",="2.68822e+09",="1.24235e+10",="3.17783e+09",="7.50559e+09",="1.40630e+10",="22638826.4",="2.07853e+09",="5.08653e+10",="2.01839e+10",="2.86029e+10",="0.000923",="5.08880e+10",="7.68358e+09",="2.90082e+10",="9.63811e+09",="2.18798e+10",="3.35663e+10",="428985.0",="-183811876.6",="341501072.9",="529255431.4",="-3942370.7",="0.00813",="341930147.8",="413259732.1",="-285795483.5",="-388231899.0",="627726207.6",="316902858.7"
="22.year_inc#c.ivparm1#c.ivparm2",="0.0000898",="-2123.3",="-470774.2",="-91262.3",="-377388.6",="-470774.2",="-82061.5",="-260027.9",="-269984.8",="-100376.9",="-51361.1",="-70440.3",="-200789.4",="-288335.7",="-3.84e-14",="0.00599",="0.0264",="0.0260",="0.0680",="0.0141",="0.0166",="0.0155",="0.0162",="0.0125",="0.0130",="4.41e-08",="208968.3",="2108349.6",="771058.4",="1128329.4",="0.000000492",="2108349.3",="299988.0",="1222671.5",="535957.9",="885678.0",="1272405.0",="-2.05e-13",="-0.00487",="-0.0258",="-0.0205",="-0.0638",="-0.0145",="-0.0191",="-0.0146",="-0.0161",="-0.0173",="-0.0224",="-0.0165",="-0.0128",="-0.0128",="-0.000000343",="-169110.8",="-2380669.4",="-687072.7",="-1524485.9",="-2380669.4",="-395196.1",="-1341578.0",="-1387829.4",="-631538.9",="-401675.0",="-416548.0",="-992840.0",="-1353934.4",="2.89e-09",="5170.0",="327482.4",="61888.7",="260420.8",="-1.08e-08",="327483.8",="19516.4",="219775.1",="18273.2",="107706.4",="289691.5",="-0.000253",="318987412.7",="2.60021e+09",="880794763.9",="1.40043e+09",="0.0000263",="2.60021e+09",="328817562.0",="1.54938e+09",="724745020.6",="1.05084e+09",="1.54665e+09",="0.0238",="8.22687e+09",="9.19557e+10",="2.92991e+10",="5.44297e+10",="-0.00846",="9.19557e+10",="1.20193e+10",="5.45152e+10",="1.94224e+10",="3.74405e+10",="6.05140e+10",="0.00163",="4.22237e+09",="4.27452e+10",="1.48399e+10",="2.36829e+10",="-0.000843",="4.27452e+10",="6.74041e+09",="2.45094e+10",="1.04385e+10",="1.82357e+10",="2.55663e+10",="0.00570",="1.65600e+09",="1.79421e+10",="5.02514e+09",="1.12610e+10",="0.00212",="1.79421e+10",="1.48630e+09",="1.21689e+10",="4.04298e+09",="5.77320e+09",="1.24129e+10",="-6.938",="1.40154e+09",="2.08645e+10",="5.42886e+09",="1.40341e+10",="0.0000665",="2.08645e+10",="2.12057e+09",="1.30259e+10",="3.36701e+09",="7.83859e+09",="1.53769e+10",="27761836.3",="2.28976e+09",="5.08541e+10",="1.99194e+10",="2.86449e+10",="0.000550",="5.08818e+10",="8.46987e+09",="2.99181e+10",="9.16132e+09",="2.09638e+10",="3.32507e+10",="-96.73",="-72015386.0",="-398697591.3",="-215674145.7",="-111007856.9",="0.00549",="-398698155.3",="143542540.3",="-132891323.3",="-197752134.4",="-265805442.5",="-344487055.5"
="24.year_inc#c.ivparm1#c.ivparm2",="-0.000216",="-5750.6",="-520650.3",="-110103.4",="-404796.4",="-520650.3",="-83122.2",="-260233.2",="-305823.6",="-118294.1",="-66079.0",="-92234.2",="-214826.7",="-319234.1",="-4.15e-14",="0.00497",="0.0271",="0.0297",="0.0699",="0.0145",="0.0162",="0.0163",="0.0166",="0.0124",="0.0135",="0.000000215",="181633.3",="2191729.0",="852521.4",="1157576.3",="0.000000529",="2191728.5",="300518.0",="1295400.5",="573960.9",="896327.1",="1317253.7",="-5.00e-12",="-0.00367",="-0.0271",="-0.0254",="-0.0661",="-0.0153",="-0.0191",="-0.0145",="-0.0169",="-0.0177",="-0.0209",="-0.0157",="-0.0134",="-0.0138",="-0.000255",="-134126.9",="-2532608.8",="-809455.8",="-1589026.0",="-2532608.8",="-403311.7",="-1341330.4",="-1475096.4",="-677288.7",="-399288.1",="-424685.5",="-1057512.4",="-1452008.3",="1.86e-09",="1676.1",="316239.9",="56411.3",="258152.9",="-9.74e-09",="316241.5",="32948.2",="225019.1",="37337.0",="91224.3",="245958.9",="-0.000309",="233339238.0",="2.96088e+09",="928668255.4",="1.79888e+09",="0.0000484",="2.96088e+09",="326944241.8",="1.92973e+09",="819695004.7",="1.03116e+09",="1.81424e+09",="0.0216",="6.83467e+09",="9.35784e+10",="3.16421e+10",="5.51016e+10",="-0.00656",="9.35784e+10",="1.31142e+10",="5.75454e+10",="2.05987e+10",="3.60330e+10",="5.98654e+10",="0.00175",="3.53949e+09",="4.46931e+10",="1.67135e+10",="2.44401e+10",="-0.000849",="4.46931e+10",="7.20066e+09",="2.63763e+10",="1.03551e+10",="1.83168e+10",="2.71373e+10",="0.00764",="1.63555e+09",="2.09338e+10",="5.80843e+09",="1.34898e+10",="0.00144",="2.09338e+10",="3.09539e+09",="1.46301e+10",="5.98676e+09",="6.30372e+09",="1.18517e+10",="0.00449",="1.10676e+09",="2.06882e+10",="5.72873e+09",="1.38527e+10",="0.000162",="2.06882e+10",="2.44142e+09",="1.35879e+10",="3.89302e+09",="7.10032e+09",="1.43538e+10",="30212308.2",="2.72831e+09",="5.23668e+10",="1.85101e+10",="3.11283e+10",="0.000786",="5.23970e+10",="7.87928e+09",="3.09352e+10",="1.10092e+10",="2.14618e+10",="3.35085e+10",="578930.9",="52008435.8",="871081809.5",="713732372.7",="105340624.0",="0.00599",="871660483.1",="-10226071.7",="108283186.4",="-275929852.4",="763378325.9",="1.15782e+09"
="_cons",="40264506.4",="38702138.8",="72616471.2",="24377670.2",="9536662.2",="128323330.3",="13909661.5",="75587346.6",="68349461.2",="17511393.7",="9108761.4",="14613943.8",="59973869.1",="96902275.2",="0.0103",="0.00494",="0.0241",="0.0226",="0.106",="0.0183",="0.0446",="0.0195",="0.0323",="0.0171",="0.0120",="415092.0",="191106.2",="1750507.7",="550959.0",="1008441.2",="187401.0",="2353000.5",="620030.9",="1329619.4",="566118.3",="1023381.6",="1166850.7",="0.0846",="0.0442",="0.0830",="0.0854",="0.235",="0.0849",="0.183",="0.0441",="0.0804",="0.180",="0.178",="0.259",="0.0901",="0.0538",="3408363.1",="1711844.8",="6030180.7",="2080619.6",="2237716.3",="10900046.3",="2539588.8",="3332311.3",="5497590.0",="3150922.6",="1619025.4",="3780109.6",="5402456.3",="5209534.9",="4890.0",="10395.8",="344077.5",="31060.6",="302621.3",="131.0",="349096.5",="62808.1",="245686.8",="40455.0",="103410.4",="245833.4",="257303831.0",="168935753.4",="2.57741e+09",="727547184.6",="1.68093e+09",="103497120.0",="2.93821e+09",="677084272.6",="1.85117e+09",="978238207.7",="1.08704e+09",="1.28289e+09",="6.19889e+09",="8.06742e+09",="7.96560e+10",="2.13385e+10",="5.02501e+10",="2.06198e+09",="8.79169e+10",="2.22044e+10",="5.28733e+10",="1.71516e+10",="3.50436e+10",="4.85609e+10",="686663350.0",="3.65572e+09",="3.90067e+10",="1.24016e+10",="2.29494e+10",="144677644.0",="3.98381e+10",="1.10493e+10",="2.36798e+10",="8.07740e+09",="1.61583e+10",="2.07113e+10",="1.97808e+09",="1.91810e+09",="2.08280e+10",="3.93634e+09",="1.49735e+10",="630403844.0",="2.34365e+10",="6.62696e+09",="1.66642e+10",="5.23260e+09",="6.77230e+09",="1.15769e+10",="688501916.0",="1.47420e+09",="1.74559e+10",="3.44823e+09",="1.25335e+10",="223810171.0",="1.83682e+10",="3.83436e+09",="1.18197e+10",="3.02031e+09",="6.54851e+09",="1.15136e+10",="7.04134e+09",="4.13261e+09",="2.17322e+11",="7.02749e+10",="1.42914e+11",="715568490.0",="2.25079e+11",="3.24508e+10",="1.31983e+11",="2.74857e+10",="9.30955e+10",="1.65142e+11",="6.73217e+09",="3.35020e+09",="8.19005e+09",="3.77933e+09",="1.06051e+09",="618395530.0",="1.55406e+10",="3.24363e+09",="3.45678e+09",="2.04310e+09",="1.20838e+10",="1.02539e+10"
