Unnamed: 0,n_startpop_5564,n_startpop_6574,n_startpop_7584,n_startpop_85p,n_startpop_all,n_startpop_blk,n_startpop_college,n_startpop_f,n_startpop_his,n_startpop_his_f,n_startpop_hsless,n_startpop_m,n_startpop_wht,p_cogstate1_5564,p_cogstate1_6574,p_cogstate1_7584,p_cogstate1_85p,p_cogstate1_all,p_cogstate1_blk,p_cogstate1_college,p_cogstate1_f,p_cogstate1_his,p_cogstate1_his_f,p_cogstate1_hsless,p_cogstate1_m,p_cogstate1_wht,n_cogstate1_5564,n_cogstate1_6574,n_cogstate1_7584,n_cogstate1_85p,n_cogstate1_all,n_cogstate1_blk,n_cogstate1_college,n_cogstate1_f,n_cogstate1_his,n_cogstate1_his_f,n_cogstate1_hsless,n_cogstate1_m,n_cogstate1_wht,p_cogstate2_5564,p_cogstate2_6574,p_cogstate2_7584,p_cogstate2_85p,p_cogstate2_all,p_cogstate2_blk,p_cogstate2_college,p_cogstate2_f,p_cogstate2_his,p_cogstate2_his_f,p_cogstate2_hsless,p_cogstate2_m,p_cogstate2_wht,n_cogstate2_5564,n_cogstate2_6574,n_cogstate2_7584,n_cogstate2_85p,n_cogstate2_all,n_cogstate2_blk,n_cogstate2_college,n_cogstate2_f,n_cogstate2_his,n_cogstate2_his_f,n_cogstate2_hsless,n_cogstate2_m,n_cogstate2_wht,n_nhmliv_dem_5564,n_nhmliv_dem_6574,n_nhmliv_dem_7584,n_nhmliv_dem_85p,n_nhmliv_dem_all,n_nhmliv_dem_blk,n_nhmliv_dem_college,n_nhmliv_dem_f,n_nhmliv_dem_his,n_nhmliv_dem_his_f,n_nhmliv_dem_hsless,n_nhmliv_dem_m,n_nhmliv_dem_wht,p_nhmliv_dem_5564,p_nhmliv_dem_6574,p_nhmliv_dem_7584,p_nhmliv_dem_85p,p_nhmliv_dem_all,p_nhmliv_dem_blk,p_nhmliv_dem_college,p_nhmliv_dem_f,p_nhmliv_dem_his,p_nhmliv_dem_his_f,p_nhmliv_dem_hsless,p_nhmliv_dem_m,p_nhmliv_dem_wht,helphoursyr_dem_5564,helphoursyr_dem_6574,helphoursyr_dem_7584,helphoursyr_dem_85p,helphoursyr_dem_all,helphoursyr_dem_blk,helphoursyr_dem_college,helphoursyr_dem_f,helphoursyr_dem_his,helphoursyr_dem_his_f,helphoursyr_dem_hsless,helphoursyr_dem_m,helphoursyr_dem_wht,t_totmd_dem_5564,t_totmd_dem_6574,t_totmd_dem_7584,t_totmd_dem_85p,t_totmd_dem_all,t_totmd_dem_blk,t_totmd_dem_college,t_totmd_dem_f,t_totmd_dem_his,t_totmd_dem_hsless,t_totmd_dem_m,t_totmd_dem_wht,t_mcare_dem_5564,t_mcare_dem_6574,t_mcare_dem_7584,t_mcare_dem_85p,t_mcare_dem_all,t_mcare_dem_blk,t_mcare_dem_college,t_mcare_dem_f,t_mcare_dem_his,t_mcare_dem_hsless,t_mcare_dem_m,t_mcare_dem_wht,t_caidmd_dem_5564,t_caidmd_dem_6574,t_caidmd_dem_7584,t_caidmd_dem_85p,t_caidmd_dem_all,t_caidmd_dem_blk,t_caidmd_dem_college,t_caidmd_dem_f,t_caidmd_dem_his,t_caidmd_dem_hsless,t_caidmd_dem_m,t_caidmd_dem_wht,t_oopmd_dem_5564,t_oopmd_dem_6574,t_oopmd_dem_7584,t_oopmd_dem_85p,t_oopmd_dem_all,t_oopmd_dem_blk,t_oopmd_dem_college,t_oopmd_dem_f,t_oopmd_dem_his,t_oopmd_dem_hsless,t_oopmd_dem_m,t_oopmd_dem_wht,t_qalys_dem_5564,t_qalys_dem_6574,t_qalys_dem_7584,t_qalys_dem_85p,t_qalys_dem_all,t_qalys_dem_blk,t_qalys_dem_college,t_qalys_dem_f,t_qalys_dem_his,t_qalys_dem_hsless,t_qalys_dem_m,t_qalys_dem_wht,t_est_helperct_dem_5564,t_est_helperct_dem_6574,t_est_helperct_dem_7584,t_est_helperct_dem_85p,t_est_helperct_dem_all,t_est_helperct_dem_blk,t_est_helperct_dem_college,t_est_helperct_dem_f,t_est_helperct_dem_his,t_est_helperct_dem_hsless,t_est_helperct_dem_m,t_est_helperct_dem_wht
2.year_inc,0.0,0.0,0.0,0.0,0.0,0.0,0.0,0.0,0.0,0.0,0.0,0.0,0.0,0.0,0.0,0.0,0.0,0.0,0.0,0.0,0.0,0.0,0.0,0.0,0.0,0.0,0.0,0.0,0.0,0.0,0.0,0.0,0.0,0.0,0.0,0.0,0.0,0.0,0.0,0,0.0,0.0,0.0,0.0,0.0,0.0,0.0,0.0,0.0,0.0,0.0,0.0,0,0.0,0.0,0.0,0.0,0.0,0.0,0.0,0.0,0.0,0.0,0.0,0.0,0.0,0.0,0.0,0.0,0.0,0.0,0.0,0.0,0.0,0.0,0.0,0.0,0.0,0.0,0.0,0.0,0.0,0.0,0.0,0.0,0.0,0.0,0.0,0.0,0.0,0.0,0.0,0.0,0.0,0.0,0.0,0.0,0.0,0.0,0.0,0.0,0.0,0.0,0.0,0.0,0.0,0.0,0.0,0.0,0.0,0.0,0.0,0.0,0.0,0.0,0.0,0.0,0.0,0.0,0.0,0.0,0.0,0.0,0.0,0.0,0.0,0.0,0.0,0.0,0.0,0.0,0.0,0.0,0.0,0.0,0.0,0.0,0.0,0.0,0.0,0.0,0.0,0.0,0.0,0.0,0.0,0.0,0.0,0.0,0.0,0.0,0.0,0.0,0.0,0.0,0.0,0.0,0.0,0.0,0.0,0.0,0.0,0.0,0.0,0.0,0.0,0.0,0.0,0.0,0.0,0.0,0.0,0.0,0.0,0.0,0.0
4.year_inc,-1018093.3,733565.3,1654744.7,751233.4,1992018.1,291048.0,1591530.9,1095259.3,1157634.1,589920.9,200505.5,896758.8,543335.9,0.00022200000000000003,-0.00502,-0.0188,-0.0651,-0.008620000000000001,-0.013,-0.00448,-0.0095,-0.0112,-0.0128,-0.0257,-0.00761,-0.00777,-1648.1,-186889.2,-385632.6,-473280.3,-1047069.3,-163248.7,-317351.6,-614755.1,-142681.5,-84882.9,-356492.9,-432314.2,-741139.1,0,-0.0253,-0.0474,-0.0488,-0.0175,-0.0228,-0.013,-0.0176,-0.0196,-0.0205,-0.0269,-0.0174,-0.0168,0,-943522.6,-935163.7,-252460.8,-2121431.4,-287752.4,-914948.1,-1133799.5,-240069.5,-131327.9,-363775.3,-987631.9,-1593609.4,-971.5,-457.5,-31188.3,-102631.4,-135640.1,-9394.0,-52095.0,-98874.1,-6511.0,-3949.6,-34264.1,-36766.1,-119735.2,-0.00227,0.00831,-0.00634,0.0174,0.00707,0.00939,-3.8e-05,0.00717,0.0050100000000000006,0.00716,0.008409999999999999,0.00774,0.0137,-22261701.7,-137861516.4,-467835958.3,-803221443.7,1492470000.0,-271598457.3,-469206935.1,-844234811.6,-241037886.1,-174419880.1,-572997694.9,-582753568.6,-914352036.8,-66755127.9,-4832530000.0,-9264640000.0,-13417300000.0,-27594000000.0,-4139820000.0,-8359150000.0,-16555500000.0,-3583840000.0,-9406820000.0,-11038500000.0,-19870300000.0,-71705374.5,-2426560000.0,-4947730000.0,-6899180000.0,-14351100000.0,-2546290000.0,-3859260000.0,-8302590000.0,-1961350000.0,-5129030000.0,-6048530000.0,-9843480000.0,69079284.6,-952212780.4,-1494240000.0,-2942590000.0,-5302410000.0,-813919503.1,-1246650000.0,-3868630000.0,-1039980000.0,-2618650000.0,-1433790000.0,-3448520000.0,-4755180.1,-851823139.3,-1556630000.0,-2890800000.0,-5305640000.0,-592175465.1,-1894540000.0,-3373520000.0,-574059204.4,-1568440000.0,-1932120000.0,-4139410000.0,-18419965.6,-14259700000.0,-30409700000.0,-30704500000.0,-75360600000.0,-11122000000.0,-24208300000.0,-43040800000.0,-9693760000.0,-23191000000.0,-32319800000.0,-54544900000.0,-9830.1,-120264.0,-364967.8,-636261.3,-1128162.3,-138619.3,-357587.4,-698915.9,-143685.6,-344364.8,-429246.4,-845857.5
6.year_inc,-2026287.5,1107106.0,3710413.4,1492621.7,4492721.1,691733.5,3263102.9,2463213.3,2369007.0,1195969.9,559658.6,2029507.8,1431980.6,0.000332,-0.00513,-0.0277,-0.0949,-0.012,-0.0202,-0.00591,-0.0135,-0.0169,-0.02,-0.0379,-0.0104,-0.0104,-8004.7,-188762.3,-568634.3,-677832.2,-1437906.2,-245032.9,-412491.5,-859539.6,-205546.7,-130807.2,-512826.5,-578366.6,-987326.6,0,-0.0344,-0.0695,-0.0919,-0.0259,-0.0309,-0.0184,-0.0264,-0.028,-0.032,-0.0439,-0.0253,-0.0255,0,-1286988.9,-1333556.3,-503588.7,-3084375.3,-371854.0,-1282731.0,-1669932.3,-312328.1,-197393.9,-575210.1,-1414443.0,-2400193.1,-1623.5,-6283.5,-40153.7,-191638.2,-240179.7,-25131.2,-83079.1,-166179.0,-12113.3,-7159.9,-68967.2,-74000.7,-202935.2,-0.0034799999999999996,-0.00406,-0.00297,0.0013800000000000002,-0.00418,0.00101,-0.013,-0.00125,0.00463,0.011,-0.000863,-0.00556,0.0004940000000000001,-20386509.3,-164900712.8,-687691793.3,-1080540000.0,2555700000.0,-383765767.4,-572825678.0,-1193310000.0,-337006450.6,-271127835.4,-717405816.1,-768141470.8,-1240680000.0,-171070857.0,-4847570000.0,-14062900000.0,-20211900000.0,-39266600000.0,-6714420000.0,-11557800000.0,-23541800000.0,-5028120000.0,-13908600000.0,-15724700000.0,-27524000000.0,-29397487.4,-2406020000.0,-8075620000.0,-9640490000.0,-20154000000.0,-4268480000.0,-5319230000.0,-11543400000.0,-2929480000.0,-7709780000.0,-8610610000.0,-12956000000.0,-26959956.7,-882329396.0,-2025280000.0,-5285150000.0,-8192090000.0,-1557000000.0,-2069330000.0,-6424410000.0,-1248920000.0,-3695910000.0,-1767690000.0,-5386170000.0,-25487299.8,-839927704.0,-2243940000.0,-4730130000.0,-7836710000.0,-948895369.6,-2668520000.0,-4996280000.0,-772248744.6,-2365960000.0,-2840430000.0,-6115570000.0,-169365417.1,-14612000000.0,-43015300000.0,-41656300000.0,-98986200000.0,-16240000000.0,-30472000000.0,-57996600000.0,-13865300000.0,-32675100000.0,-40989500000.0,-68880800000.0,-28390.6,-120219.6,-506061.5,-932946.7,-1572530.6,-224957.4,-485258.1,-970777.5,-228962.1,-528972.1,-601753.1,-1118611.1
8.year_inc,-2357259.1,674660.8,5202486.3,2805221.7,7419167.6,1153288.0,5076832.2,4062173.2,3689737.2,1847839.4,1066567.4,3356994.4,2576142.4,0.000449,-0.00547,-0.031,-0.11699999999999999,-0.0138,-0.0246,-0.0063,-0.0155,-0.0185,-0.0234,-0.046,-0.0119,-0.0121,-7019.1,-204300.8,-636568.0,-793358.8,-1624606.5,-290758.5,-428590.1,-971524.2,-197860.2,-144282.9,-609426.8,-653082.3,-1135987.8,0,-0.0382,-0.0794,-0.107,-0.028,-0.0326,-0.0187,-0.0294,-0.0325,-0.0362,-0.0517,-0.0265,-0.0275,0,-1438913.3,-1498855.6,-394557.8,-3234256.3,-361587.1,-1255326.5,-1808891.3,-319953.0,-198727.7,-640824.2,-1425365.1,-2552716.3,-894.3,-6110.7,-40168.8,-235343.8,-282378.5,-26602.7,-95588.5,-198348.7,-15480.6,-10505.9,-86047.0,-84029.8,-240295.3,-0.00195,-0.0059,-0.00299,-0.009590000000000001,-0.0102,0.0064,-0.0265,-0.00925,0.0015199999999999999,0.0105,-0.0055899999999999995,-0.00837,-0.00825,-14840916.5,-190626518.3,-734140326.8,-1333100000.0,3492400000.0,-397930305.3,-680796549.9,-1504350000.0,-352523009.0,-301676907.4,-840230339.1,-752600206.8,-1506500000.0,-166263099.4,-5612160000.0,-15641600000.0,-24251400000.0,-45555700000.0,-8090520000.0,-12122300000.0,-27565700000.0,-5002040000.0,-16844000000.0,-17990000000.0,-32463100000.0,-44927704.2,-3026260000.0,-9107480000.0,-11525400000.0,-23694000000.0,-5005190000.0,-5680540000.0,-13680800000.0,-2775670000.0,-9273550000.0,-10013200000.0,-15913100000.0,-51519038.9,-959263481.6,-2278450000.0,-6703440000.0,-9939080000.0,-2045320000.0,-2158550000.0,-7725220000.0,-1402950000.0,-4773170000.0,-2213860000.0,-6490800000.0,-29109725.7,-910094104.4,-2427830000.0,-5679920000.0,-9035570000.0,-1217210000.0,-2761740000.0,-5849050000.0,-843560461.1,-2961940000.0,-3186510000.0,-6974800000.0,-499360381.6,-14821300000.0,-46926500000.0,-47881000000.0,-108545000000.0,-19373300000.0,-30509800000.0,-62178200000.0,-11568800000.0,-37221900000.0,-46367200000.0,-77603200000.0,-12573.3,-137517.9,-606514.3,-1104624.0,-1846324.8,-247682.7,-492097.6,-1182953.1,-256478.5,-676996.4,-663371.7,-1342163.6
10.year_inc,-2361879.5,38590.4,6479737.0,4390598.8,10295199.4,1580043.4,6787008.7,5583416.3,4978702.6,2473715.6,1603038.1,4711783.1,3736453.4,0.000522,-0.00565,-0.0319,-0.129,-0.0143,-0.0271,-0.00589,-0.0163,-0.02,-0.0252,-0.0497,-0.0122,-0.0123,-4215.5,-213978.6,-642162.3,-812474.8,-1648049.2,-311874.5,-382168.0,-1002893.5,-193341.6,-145410.2,-641510.1,-645155.7,-1142833.1,0,-0.0382,-0.0805,-0.121,-0.0275,-0.0316,-0.0178,-0.0284,-0.0328,-0.0367,-0.0573,-0.0264,-0.0272,0,-1443296.2,-1446254.4,-247556.2,-3031895.0,-313948.2,-1128104.9,-1670971.7,-250308.1,-165929.7,-676522.1,-1360923.3,-2467638.7,-1552.6,-8034.8,-52677.2,-254902.1,-317398.6,-36157.5,-91437.6,-228244.7,-18890.9,-10451.9,-100184.3,-89153.9,-262350.1,-0.00345,-0.00907,-0.0148,-0.0194,-0.0178,-0.0072299999999999994,-0.0226,-0.0198,-0.00317,0.007909999999999999,-0.017,-0.011,-0.0136,-7754150.3,-191448497.3,-835708921.6,-1302730000.0,4284450000.0,-414836736.6,-569865008.8,-1425100000.0,-427310087.3,-275701556.6,-892223726.2,-902397431.4,-1485350000.0,-183442525.0,-6011740000.0,-15975600000.0,-24830800000.0,-46853200000.0,-8777420000.0,-10705100000.0,-29209400000.0,-5069210000.0,-18031000000.0,-17643800000.0,-33006600000.0,-23609469.3,-3284840000.0,-9013960000.0,-11242900000.0,-23556000000.0,-5210680000.0,-4515640000.0,-14156200000.0,-3035260000.0,-9679580000.0,-9399850000.0,-15310100000.0,-67694952.7,-1360880000.0,-2913190000.0,-7409850000.0,-11678000000.0,-2179500000.0,-2390590000.0,-8995980000.0,-1835240000.0,-5684870000.0,-2682030000.0,-7663270000.0,-28440459.1,-955045655.6,-2576990000.0,-6011890000.0,-9556640000.0,-1384360000.0,-2594260000.0,-6287380000.0,-764623907.0,-3221110000.0,-3269260000.0,-7407660000.0,-145581434.5,-14438700000.0,-48509700000.0,-49586000000.0,-110278000000.0,-21354300000.0,-28613200000.0,-63594500000.0,-11330900000.0,-38317900000.0,-46683100000.0,-77592500000.0,3370.3,-155252.4,-607267.3,-1111575.2,-1847863.7,-274643.4,-429582.7,-1218259.2,-245432.2,-725768.1,-629604.5,-1327788.1
12.year_inc,-2211237.6,-287159.2,7643872.9,5819893.2,12891360.7,1998431.9,8231562.6,6989757.6,6267695.5,3102561.3,2165909.1,5901603.1,4625233.4,0.0008230000000000001,-0.00542,-0.0332,-0.13699999999999998,-0.0148,-0.0285,-0.0057399999999999994,-0.0169,-0.0198,-0.0253,-0.053,-0.0123,-0.0129,9173.8,-206820.9,-668009.8,-825850.5,-1664273.2,-318156.1,-357957.6,-1027979.4,-155117.2,-128703.7,-669622.5,-636293.8,-1190999.9,0,-0.0374,-0.0803,-0.12,-0.0253,-0.0313,-0.0151,-0.0274,-0.031,-0.0356,-0.0564,-0.0229,-0.0249,0,-1417067.3,-1362600.9,51658.6,-2608908.5,-275572.0,-861341.0,-1528515.2,-134137.4,-114495.6,-607625.8,-1080393.2,-2199199.0,-1091.8,-5101.4,-50458.6,-263912.6,-320141.6,-37478.7,-83280.6,-241369.9,-14213.8,-8133.2,-111582.5,-78771.7,-268449.1,-0.00275,-0.00257,-0.0158,-0.0266,-0.0199,-0.00617,-0.0173,-0.0276,-0.00064,0.009909999999999999,-0.0298,-0.0057,-0.0166,23559541.9,-202131164.9,-834590833.4,-1390000000.0,5101730000.0,-369172323.9,-686421595.7,-1456050000.0,-321289782.7,-235896244.7,-975868983.2,-941519223.1,-1707110000.0,-23306038.0,-5714200000.0,-16263600000.0,-25177700000.0,-46990600000.0,-8797440000.0,-9884370000.0,-29627600000.0,-4199190000.0,-18983900000.0,-17363000000.0,-33994000000.0,-17554097.5,-3066080000.0,-9211800000.0,-11950900000.0,-24245800000.0,-5360710000.0,-4662500000.0,-14141400000.0,-2392940000.0,-10221100000.0,-10104500000.0,-16492200000.0,10755582.9,-1185020000.0,-3216740000.0,-7397590000.0,-11700400000.0,-2406670000.0,-1964640000.0,-9134860000.0,-1544830000.0,-5833560000.0,-2565590000.0,-7748950000.0,-3029055.7,-934431286.2,-2579780000.0,-5941230000.0,-9437330000.0,-1367920000.0,-2244110000.0,-6537550000.0,-681497850.8,-3437140000.0,-2899780000.0,-7387910000.0,481916686.2,-14159500000.0,-48555400000.0,-49488000000.0,-109031000000.0,-20622200000.0,-26417500000.0,-65542200000.0,-8611330000.0,-38511200000.0,-43488600000.0,-79797300000.0,6327.2,-147479.5,-714636.0,-1133332.4,-1966063.8,-308012.5,-419348.9,-1277730.3,-250333.5,-809270.4,-688333.5,-1407717.7
14.year_inc,-1355553.3,-1113381.6,8268684.8,7432729.5,15414385.3,2439051.0,9540630.2,8325285.4,7532533.6,3718399.4,2741326.5,7089099.9,5442800.7,0.0009,-0.00636,-0.0335,-0.139,-0.0147,-0.0285,-0.0054,-0.0168,-0.0214,-0.0268,-0.058,-0.0123,-0.0126,21863.1,-245502.7,-667645.6,-752922.7,-1612144.5,-302518.3,-317090.7,-997929.4,-158885.3,-129079.5,-729878.1,-614215.1,-1150740.9,0,-0.0346,-0.0781,-0.12,-0.0224,-0.0298,-0.0131,-0.0247,-0.0254,-0.0322,-0.0468,-0.0198,-0.0227,0,-1325973.3,-1246291.6,357189.0,-2069667.3,-216708.7,-645888.5,-1258854.6,76130.0,-35857.3,-389057.4,-810812.7,-1929088.6,651.3,-6995.7,-55290.3,-248624.1,-310780.8,-33212.6,-74301.1,-228068.3,-20685.7,-11590.7,-117698.8,-82712.5,-256882.5,0.0007610000000000001,-0.00496,-0.0176,-0.0318,-0.0187,-0.000202,-0.0173,-0.0251,-0.00875,-0.0026899999999999997,-0.0302,-0.00581,-0.0138,5829633.7,-230609841.9,-965863078.1,-1073390000.0,5677300000.0,-425804995.6,-452313183.0,-1242220000.0,-456669492.4,-317480157.1,-1147000000.0,-1014150000.0,-1373900000.0,177723172.3,-6661930000.0,-16538000000.0,-22354500000.0,-45147200000.0,-8617470000.0,-8359510000.0,-28364700000.0,-4432900000.0,-20874300000.0,-16782500000.0,-32096800000.0,28194432.2,-3639520000.0,-9357690000.0,-10046400000.0,-23009800000.0,-5231760000.0,-3399670000.0,-13695800000.0,-2534630000.0,-11468400000.0,-9314030000.0,-15243400000.0,77833498.7,-1148660000.0,-3167880000.0,-6801170000.0,-10975800000.0,-2327360000.0,-1607300000.0,-8885950000.0,-1606400000.0,-6145070000.0,-2089820000.0,-7042010000.0,21996267.6,-1104650000.0,-2689420000.0,-5453310000.0,-9203710000.0,-1348040000.0,-2055100000.0,-6156330000.0,-798402583.5,-3746210000.0,-3047380000.0,-7057270000.0,1478950000.0,-18459100000.0,-47189300000.0,-48806200000.0,-109934000000.0,-19832200000.0,-25160400000.0,-63856200000.0,-10090800000.0,-43152400000.0,-46077300000.0,-80010500000.0,5008.3,-175091.5,-684090.7,-946821.2,-1785701.3,-289594.1,-306377.5,-1211370.6,-218899.4,-837785.0,-574330.7,-1277207.8
16.year_inc,-275880.2,-1919828.6,8594644.3,8938474.6,18040451.5,2964247.1,10850091.4,9687332.0,8811369.8,4342017.4,3410961.9,8353119.5,6264834.6,0.0008699999999999999,-0.006490000000000001,-0.0338,-0.14,-0.0144,-0.0283,-0.00499,-0.0168,-0.0231,-0.0277,-0.0584,-0.0117,-0.012,32813.2,-253329.4,-672938.4,-679622.9,-1531737.4,-280627.2,-270934.9,-978473.9,-168167.3,-124365.9,-710455.2,-553263.5,-1082942.9,0,-0.035,-0.0755,-0.11699999999999999,-0.0201,-0.0252,-0.0111,-0.0217,-0.0222,-0.0277,-0.0472,-0.0183,-0.0213,0,-1354516.8,-1141281.4,701049.4,-1601140.4,-99886.8,-428790.3,-955847.1,241357.4,64357.4,-328082.6,-645293.2,-1742610.9,-1305.0,-8578.7,-52555.1,-234332.0,-297144.1,-34149.1,-48790.3,-226241.9,-19454.3,-13801.3,-124255.2,-70902.2,-243540.7,-0.00381,-0.0107,-0.0128,-0.0345,-0.0157,-0.0014,-0.00214,-0.0218,-0.00735,-0.00372,-0.0386,-0.0028699999999999997,-0.0097,32485621.1,-301624893.7,-777974627.6,-925307663.7,6467500000.0,-386612220.9,-179826661.3,-1295210000.0,-322347579.3,-271308605.5,-1083010000.0,-667183210.4,-1253440000.0,182791085.8,-6822890000.0,-16913300000.0,-19977500000.0,-43247200000.0,-8022310000.0,-6279360000.0,-28026300000.0,-4897130000.0,-20787600000.0,-15220900000.0,-30327700000.0,-7108971.9,-3452980000.0,-9476590000.0,-9044300000.0,-21979800000.0,-4979580000.0,-2574560000.0,-13724800000.0,-2874520000.0,-11215000000.0,-8255010000.0,-14125700000.0,132237672.8,-1345070000.0,-2621200000.0,-7093710000.0,-10796900000.0,-2353450000.0,-1276060000.0,-8585900000.0,-1421080000.0,-5982220000.0,-2210950000.0,-7022330000.0,19915938.9,-1155900000.0,-2772230000.0,-4808030000.0,-8686780000.0,-1209330000.0,-1450340000.0,-5977780000.0,-753466992.8,-3748960000.0,-2709000000.0,-6723980000.0,2402240000.0,-18380400000.0,-47197200000.0,-43395400000.0,-102524000000.0,-17222900000.0,-22080600000.0,-61363900000.0,-10287400000.0,-41577400000.0,-41160400000.0,-75014100000.0,28157.3,-180272.9,-716100.2,-953854.1,-1795000.2,-265025.7,-313750.6,-1258684.2,-233689.7,-866529.3,-536316.1,-1296284.8
18.year_inc,943898.1,-2182652.4,8273377.7,10303415.7,21014397.3,3596961.1,12289028.6,11223387.0,10229873.5,5036305.4,4171751.5,9791010.3,7187562.7,0.00103,-0.00605,-0.0314,-0.136,-0.0127,-0.0273,-0.00392,-0.0145,-0.0193,-0.0228,-0.0538,-0.0107,-0.0109,53249.7,-238698.6,-602060.8,-505127.2,-1235171.0,-241354.5,-164491.3,-773441.6,-33716.8,-39914.0,-596730.4,-461729.3,-960099.7,0,-0.0353,-0.0747,-0.11800000000000001,-0.0187,-0.0206,-0.00797,-0.0197,-0.0256,-0.0321,-0.0515,-0.0175,-0.0197,0,-1368092.4,-1123805.2,972436.9,-1244830.5,30943.4,-101095.9,-724963.9,251192.8,54040.6,-329609.5,-519866.6,-1526966.6,-1663.2,-6122.9,-60264.3,-215502.8,-283361.2,-31869.1,-46522.8,-194508.3,-14097.0,-4032.1,-117016.0,-88852.9,-237395.1,-0.00509,-0.00432,-0.0196,-0.0408,-0.0173,-0.0007570000000000001,-0.00247,-0.0175,-0.00229,0.006659999999999999,-0.0371,-0.0133,-0.0128,41212001.5,-206826357.1,-647997087.0,-789833526.8,7184090000.0,-346902387.5,-114210854.3,-1146200000.0,-69679003.6,-151944414.1,-791680804.9,-438451382.2,-1168070000.0,409420578.7,-6496360000.0,-15438900000.0,-15191800000.0,-36294800000.0,-6972380000.0,-4051260000.0,-22011300000.0,-1612060000.0,-17624700000.0,-14283500000.0,-27710400000.0,30742624.8,-3650550000.0,-8618600000.0,-5724580000.0,-17945800000.0,-4216940000.0,-1170670000.0,-10425500000.0,-821339074.8,-9430990000.0,-7520250000.0,-12907500000.0,150530360.1,-1020050000.0,-3420160000.0,-6563370000.0,-10705300000.0,-2496840000.0,-1665480000.0,-7454860000.0,-1187100000.0,-5592620000.0,-3250420000.0,-7021330000.0,36531277.0,-1021950000.0,-2465920000.0,-4199920000.0,-7607200000.0,-1131850000.0,-1100730000.0,-4838730000.0,-308159684.5,-3275850000.0,-2768470000.0,-6167190000.0,3873840000.0,-17100500000.0,-41656600000.0,-35048000000.0,-84496300000.0,-15365300000.0,-14859800000.0,-50736900000.0,-2397570000.0,-35236100000.0,-33759400000.0,-66733400000.0,33496.9,-164738.3,-512129.0,-728244.4,-1328659.2,-248413.5,-147318.3,-911685.7,9361.4,-624283.3,-416973.5,-1089607.1
20.year_inc,2209056.1,-2097471.5,7794023.1,11459405.3,23550900.3,4175544.8,13389544.5,12472574.0,11641394.0,5709736.7,4933682.7,11078326.2,7733961.5,0.00112,-0.00604,-0.0333,-0.13699999999999998,-0.0129,-0.0262,-0.00367,-0.0147,-0.0206,-0.0252,-0.0563,-0.0107,-0.0112,71862.7,-237806.9,-664536.9,-446126.9,-1208295.0,-200209.8,-130403.6,-765260.8,-29673.0,-53930.6,-612325.9,-443034.2,-978412.2,0,-0.0362,-0.0695,-0.109,-0.0161,-0.021,-0.00513,-0.0168,-0.0221,-0.0279,-0.0477,-0.0152,-0.0171,0,-1398337.1,-993701.0,1384610.9,-720739.8,71804.5,192327.5,-426624.4,442244.2,157214.5,-181438.8,-294115.4,-1234788.5,-461.0,-6586.0,-50756.1,-230186.6,-288208.3,-15166.0,-53975.4,-214361.6,-17405.7,-7105.8,-122703.2,-73846.7,-255636.6,-0.0031100000000000004,-0.00216,-0.00639,-0.0503,-0.0157,0.0105,-0.00228,-0.0229,-0.000692,0.00701,-0.0404,-0.00375,-0.0136,53356624.8,-178888703.2,-802185005.5,-579599692.9,8142560000.0,-243757197.8,-48371078.0,-1105540000.0,41226107.8,-130908705.4,-810563561.0,-362031377.9,-1265040000.0,595444599.9,-6178110000.0,-16779300000.0,-14396900000.0,-36260400000.0,-5642980000.0,-3508050000.0,-22810500000.0,-2187970000.0,-18578900000.0,-13449800000.0,-28429400000.0,29291629.1,-3197200000.0,-9700190000.0,-5257590000.0,-18091700000.0,-3694130000.0,-649349628.2,-10899000000.0,-1388280000.0,-10017700000.0,-7192720000.0,-13009300000.0,276958123.0,-1252310000.0,-2748210000.0,-5861860000.0,-9365600000.0,-1526790000.0,-729862705.8,-6904140000.0,-1320830000.0,-6184590000.0,-2461470000.0,-6517980000.0,59837446.4,-1052450000.0,-2611080000.0,-4092670000.0,-7647200000.0,-815580216.8,-1116950000.0,-5069980000.0,-353073886.1,-3442650000.0,-2577230000.0,-6478550000.0,5583800000.0,-18563100000.0,-45901100000.0,-30742000000.0,-83100700000.0,-12165100000.0,-14122700000.0,-50900200000.0,-1387480000.0,-35916700000.0,-32200500000.0,-69548100000.0,48260.6,-128010.5,-716884.0,-583262.9,-1327119.8,-179045.8,-91281.7,-911788.0,-24941.0,-670846.1,-415331.9,-1123133.1
22.year_inc,3524795.3,-1855101.0,7653422.4,12368267.3,25594865.5,4640677.1,14083227.8,13492081.8,13060253.2,6412799.3,5655046.1,12102783.7,7893935.2,0.0012699999999999999,-0.00481,-0.0321,-0.133,-0.0115,-0.0228,-0.00242,-0.0137,-0.0199,-0.027,-0.0545,-0.00899,-0.0102,93658.8,-192206.0,-629489.5,-304368.1,-965386.5,-121003.4,-12841.1,-663709.3,27838.3,-59638.7,-548288.3,-301677.2,-872221.4,0,-0.0363,-0.07,-0.10099999999999999,-0.0147,-0.0242,-0.00375,-0.0143,-0.0188,-0.0218,-0.0473,-0.0153,-0.0159,0,-1400137.4,-1019356.2,1736323.6,-409915.8,51474.5,344242.4,-163186.7,637169.1,297002.7,-101509.9,-246729.1,-1098559.5,-679.0,-5893.1,-46115.5,-146994.1,-199536.6,-3920.4,-1928.2,-152154.1,14975.1,7199.4,-99899.3,-47382.5,-210591.3,-0.0038799999999999998,-0.00339,-0.012,-0.0314,-0.00406,0.0169,0.0213,-0.0072,0.0136,0.0202,-0.0323,0.004370000000000001,9.059999999999999e-05,61827685.4,-147478352.2,-822021576.9,-273981909.3,8998680000.0,-241909454.6,164903121.3,-908223152.5,132793283.4,-26834540.6,-837642655.0,-252180091.2,-1051290000.0,745307884.7,-5238640000.0,-15468200000.0,-6740350000.0,-26215600000.0,-3260490000.0,1507490000.0,-17870000000.0,571439117.1,-16151000000.0,-8345630000.0,-23526500000.0,26265598.4,-2875570000.0,-8964810000.0,-1641970000.0,-13424600000.0,-2436560000.0,1725240000.0,-8888680000.0,-53848280.7,-8907070000.0,-4535970000.0,-10934200000.0,268928462.1,-950880533.0,-2424320000.0,-2589450000.0,-5528300000.0,-884728709.5,1139380000.0,-4974160000.0,611237047.0,-4830800000.0,-554142906.6,-5254810000.0,78570076.5,-845120958.1,-2322730000.0,-2085500000.0,-5125680000.0,-303297834.1,256360332.1,-3613420000.0,301211566.1,-2889960000.0,-1512260000.0,-5123590000.0,7556780000.0,-12787800000.0,-43606500000.0,-24784500000.0,-68027600000.0,-6818970000.0,-5833210000.0,-44403600000.0,1171150000.0,-30883900000.0,-23624000000.0,-62379700000.0,55310.0,-111043.8,-617793.4,-324721.0,-966961.0,-77739.1,92610.2,-698362.1,20087.4,-582203.0,-268598.9,-909309.3
24.year_inc,4660454.9,-1020950.9,7107976.0,13061445.8,27367916.1,4991984.1,14622903.2,14334856.6,14416808.5,7079192.5,6358572.2,13033059.5,7959123.5,0.00151,-0.004520000000000001,-0.0332,-0.13,-0.0109,-0.0231,-0.00187,-0.013,-0.0186,-0.0243,-0.0544,-0.00856,-0.00983,117738.6,-177063.2,-667990.7,-176120.7,-840937.6,-113394.2,42740.7,-587769.0,105778.1,642.4,-516688.1,-253168.6,-833321.5,0,-0.0369,-0.0685,-0.0954,-0.0136,-0.0224,-0.00198,-0.0131,-0.019,-0.0219,-0.0481,-0.0143,-0.0149,0,-1408264.9,-1009336.1,2017127.9,-143048.8,113536.7,524687.2,-14585.5,731073.7,348068.8,-47327.7,-128463.3,-987659.2,2685.7,-4848.5,-54660.1,-90422.3,-147549.9,-9885.4,21245.2,-102280.3,13252.7,3982.3,-88845.1,-45269.6,-150917.2,0.0017100000000000001,-0.0009109999999999999,-0.018,-0.0198,0.0049700000000000005,0.0153,0.034,0.0078,0.01,0.013,-0.0284,0.005529999999999999,0.0225,102733930.6,-148817107.1,-677391955.9,-108432019.5,10007300000.0,-180078074.0,191624894.3,-636774400.7,359227348.5,47686570.7,-710708761.0,-172716794.2,-988640469.5,1010070000.0,-4704080000.0,-16417000000.0,-2678390000.0,-22353300000.0,-3603410000.0,3339660000.0,-15230000000.0,2503490000.0,-15227800000.0,-7123330000.0,-21253400000.0,23918528.1,-2547570000.0,-9340880000.0,-259775776.8,-12105300000.0,-2667180000.0,2005670000.0,-7962740000.0,1028710000.0,-8362820000.0,-4142550000.0,-10466800000.0,283950840.0,-917699605.1,-3150060000.0,-1418610000.0,-4991920000.0,-1326910000.0,873234490.5,-4428780000.0,402237433.3,-4891740000.0,-563141523.2,-4067240000.0,106936399.5,-764456653.4,-2635380000.0,-801349737.6,-4049910000.0,-374628543.6,896750283.9,-2820950000.0,559756941.0,-2727840000.0,-1228960000.0,-4235030000.0,9212020000.0,-13366100000.0,-47684800000.0,-18352500000.0,-65344400000.0,-8342170000.0,-4591960000.0,-43917000000.0,6721320000.0,-29397700000.0,-21427400000.0,-63723600000.0,78977.7,-118961.3,-629474.8,-154644.2,-787263.4,-60642.4,147220.2,-541795.0,142311.9,-582184.9,-245468.4,-868932.9
26.year_inc,5525239.0,37890.0,6517021.2,13484766.8,29019632.9,5343205.2,15105090.0,15060909.0,15751293.7,7726212.1,7010665.8,13958723.9,7925134.0,0.0016899999999999999,-0.00562,-0.0307,-0.125,-0.00992,-0.0216,-0.000571,-0.0115,-0.0168,-0.0222,-0.0554,-0.00817,-0.00938,136514.5,-212729.2,-603560.9,-38512.8,-656454.1,-69470.6,164276.8,-449075.1,200630.1,52577.7,-509883.4,-207379.0,-787613.6,0,-0.0339,-0.0703,-0.0937,-0.013,-0.0232,-0.0021,-0.0136,-0.0158,-0.0225,-0.0408,-0.0123,-0.0151,0,-1281619.6,-1103900.1,2159167.1,47742.1,127719.1,535620.8,-11242.5,930110.5,387365.5,168229.4,58984.6,-1010087.5,1984.9,-8920.0,-44618.5,-27878.7,-79713.9,17313.9,72395.5,-74343.3,44655.1,17343.6,-68737.6,-5370.6,-141682.9,-0.00015900000000000002,-0.0127,-0.0126,-0.005229999999999999,0.016,0.0353,0.0564,0.0131,0.0226,0.0195,-0.0177,0.0233,0.0335,135870252.3,-146858597.7,-861399433.0,434738968.6,10966400000.0,-8357271.6,486488431.7,-263518009.0,435419725.3,103655702.5,-618585907.0,-134775635.0,-825356097.7,1225980000.0,-5886130000.0,-14724300000.0,2856020000.0,-16086100000.0,-1169720000.0,7818190000.0,-10771600000.0,5222180000.0,-14802900000.0,-5314580000.0,-20138600000.0,98519240.7,-3273030000.0,-8506030000.0,1983190000.0,-9668730000.0,-1523200000.0,3997530000.0,-5853640000.0,1841990000.0,-8882670000.0,-3815080000.0,-9987510000.0,385851755.7,-1052340000.0,-2651740000.0,662247262.9,-2528290000.0,469524.3,2742620000.0,-2368410000.0,1359140000.0,-4009260000.0,-159884925.7,-3887900000.0,127255462.5,-959800806.8,-2237510000.0,607291555.1,-2417630000.0,243767769.7,1981250000.0,-1763750000.0,1371160000.0,-2361130000.0,-653879719.3,-4032550000.0,10221100000.0,-15392700000.0,-42610000000.0,-13452300000.0,-56114800000.0,-7705690000.0,1169300000.0,-36513300000.0,12861100000.0,-28341700000.0,-19601500000.0,-61270200000.0,89997.2,-139082.6,-607423.0,171934.6,-440060.2,-12981.7,394980.2,-354810.4,291847.7,-608554.9,-85249.8,-718926.1
ivparm1,6.37e-06,-2.0399999999999998e-05,-1.74e-05,3.75e-05,-1.1900000000000001e-05,3.81e-06,-1.32e-05,1.6100000000000002e-05,1.07e-05,3.43e-05,2.27e-05,-1.4599999999999999e-05,-3e-06,1.38e-14,0.0107,0.0337,0.0998,0.0162,0.0259,0.00975,0.0171,0.0206,0.0233,0.0404,0.0151,0.0141,2.21e-07,404922.3,765134.1,877119.0,2047175.4,352935.5,721787.4,1153191.2,337104.8,198207.0,581599.2,893984.2,1357135.1,0,-0.0107,-0.0337,-0.0998,-0.0162,-0.0259,-0.00975,-0.0171,-0.0206,-0.0233,-0.0404,-0.0151,-0.0141,0,-404922.3,-765134.1,-877119.0,-2047175.4,-352935.5,-721787.4,-1153191.2,-337104.8,-198207.0,-581599.2,-893984.2,-1357135.1,-2.12e-08,6619.6,25005.7,140496.2,172121.5,17733.0,64569.1,117669.4,7329.4,4793.1,36520.2,54452.2,147059.1,1.03e-14,-0.00411,-0.0106,-0.0348,-0.0199,-0.0125,-0.0274,-0.025,-0.0129,-0.0158,-0.0164,-0.0129,-0.029,-0.000157,332351336.1,842467574.9,1218890000.0,0.0741,352328386.6,877265492.7,1359460000.0,475120620.9,276808658.0,727948081.5,1034250000.0,1566260000.0,0.00448,11275600000.0,19028100000.0,25228800000.0,55532500000.0,9930460000.0,19336300000.0,31616400000.0,8375090000.0,15598800000.0,23916100000.0,37226900000.0,-0.0007559999999999999,5776300000.0,11494400000.0,13980300000.0,31251000000.0,5991570000.0,10658600000.0,17524500000.0,4843250000.0,9073820000.0,13726500000.0,20416200000.0,-0.00109,1872730000.0,1877270000.0,4043360000.0,7793360000.0,1664270000.0,1879220000.0,5360010000.0,1514090000.0,3182320000.0,2433350000.0,4615000000.0,0.000151,2124330000.0,3203370000.0,5470030000.0,10797700000.0,1688820000.0,4007110000.0,6420700000.0,1435110000.0,2713210000.0,4377030000.0,7673800000.0,0.0358,33864600000.0,62698200000.0,60019600000.0,156582000000.0,27233500000.0,58155200000.0,83918800000.0,25349000000.0,41338200000.0,72663600000.0,104000000000.0,4.2700000000000005e-07,291194.1,713887.9,1086428.2,2091510.3,312731.1,727750.7,1318987.1,341100.3,624721.2,772523.2,1437678.9
2.year_inc#c.ivparm1,0.0,0.0,0.0,0.0,0.0,0.0,0.0,0.0,0.0,0.0,0.0,0.0,0.0,0.0,0.0,0.0,0.0,0.0,0.0,0.0,0.0,0.0,0.0,0.0,0.0,0.0,0.0,0.0,0.0,0.0,0.0,0.0,0.0,0.0,0.0,0.0,0.0,0.0,0.0,0,0.0,0.0,0.0,0.0,0.0,0.0,0.0,0.0,0.0,0.0,0.0,0.0,0,0.0,0.0,0.0,0.0,0.0,0.0,0.0,0.0,0.0,0.0,0.0,0.0,0.0,0.0,0.0,0.0,0.0,0.0,0.0,0.0,0.0,0.0,0.0,0.0,0.0,0.0,0.0,0.0,0.0,0.0,0.0,0.0,0.0,0.0,0.0,0.0,0.0,0.0,0.0,0.0,0.0,0.0,0.0,0.0,0.0,0.0,0.0,0.0,0.0,0.0,0.0,0.0,0.0,0.0,0.0,0.0,0.0,0.0,0.0,0.0,0.0,0.0,0.0,0.0,0.0,0.0,0.0,0.0,0.0,0.0,0.0,0.0,0.0,0.0,0.0,0.0,0.0,0.0,0.0,0.0,0.0,0.0,0.0,0.0,0.0,0.0,0.0,0.0,0.0,0.0,0.0,0.0,0.0,0.0,0.0,0.0,0.0,0.0,0.0,0.0,0.0,0.0,0.0,0.0,0.0,0.0,0.0,0.0,0.0,0.0,0.0,0.0,0.0,0.0,0.0,0.0,0.0,0.0,0.0,0.0,0.0,0.0,0.0
4.year_inc#c.ivparm1,-8.56e-06,-1.014,-1.319,-0.067,-2.4,-0.451,-0.33899999999999997,-1.8969999999999998,-1.42,-1.393,-1.423,-0.503,-0.529,-1.38e-14,-0.00292,-0.00613,0.00373,-0.000942,-0.0003,-0.0009279999999999999,-0.000745,3.07e-05,-3.8299999999999996e-05,0.00125,-0.00117,-0.00128,-1.59e-07,-105349.3,-93403.6,110036.0,-88716.9,3348.4,-54708.1,-32174.9,24294.5,13444.2,26418.2,-56542.0,-116359.8,0,0.00502,0.0123,0.00782,0.0036,0.0046700000000000005,0.0026100000000000003,0.0035299999999999997,0.00317,0.0036,0.00425,0.0036799999999999997,0.00359,0,186286.8,243235.9,141.8,429664.5,57484.4,182178.2,222533.8,31795.2,18980.3,53908.4,207130.7,340385.0,2.14e-08,-3926.7,12135.2,68546.7,76755.2,9178.7,30888.7,48591.9,9121.1,6227.1,14786.1,28163.4,58455.4,-1.2e-14,-0.00728,0.008579999999999999,0.0009310000000000001,0.00707,0.0017399999999999998,0.0132,0.00718,0.00316,0.00325,-0.000153,0.00609,0.007659999999999999,0.00023799999999999998,-69591223.5,40151592.7,285537305.6,443363318.6,87853379.4,40971704.1,157943403.0,165028044.6,128595366.9,155382286.2,98154271.8,3216250.9,27233.1,-3134070000.0,-2010730000.0,4082840000.0,-1061940000.0,32553630.8,-690512744.3,-51048283.0,755828557.5,757241850.0,-1010890000.0,-1850320000.0,0.000576,-1382580000.0,-1623270000.0,1473500000.0,-1532350000.0,98414057.1,-917875544.1,-799083390.1,426758718.9,490994783.4,-733266912.2,-2057520000.0,0.00117,-316683504.8,457188288.7,2283570000.0,2424070000.0,301489100.6,714224906.3,1670390000.0,625924855.0,930114177.5,753681778.7,1496660000.0,-14013.1,-757412889.6,-414518923.5,1005280000.0,-166669116.0,-92718337.8,-20994395.1,87542999.5,64235789.5,-12736086.7,-254212115.5,-138186567.7,-0.0362,-10343800000.0,-11806200000.0,2749240000.0,-19400700000.0,-2443850000.0,-8489120000.0,-9233820000.0,-438679307.0,-1852590000.0,-10166900000.0,-16518200000.0,-4.45e-07,-43868.0,-53727.3,200577.1,102981.8,30500.4,24270.1,63029.2,41240.1,18237.3,39952.5,31241.3
6.year_inc#c.ivparm1,-0.000152,-8788.5,-30247.0,-56409.7,-95445.3,-17042.9,-35204.7,-49685.3,-19417.5,-8461.4,-27719.2,-45760.0,-58984.9,-3.32e-12,-0.00698,-0.0121,-0.0125,-0.0039299999999999995,-0.0039,-0.00285,-0.00358,-0.003,-0.0032600000000000003,-0.00543,-0.00433,-0.00425,-0.000132,-260924.1,-194744.0,13455.2,-442212.9,-38951.8,-188206.8,-207821.2,-8178.4,-4415.3,-61387.1,-234391.7,-395082.7,0,0.008870000000000001,0.0199,0.0296,0.0072900000000000005,0.00898,0.0049700000000000005,0.007259999999999999,0.007540000000000001,0.008440000000000001,0.014,0.00733,0.00715,0,334716.9,397654.6,144493.9,876865.4,109644.0,351408.5,461642.8,91302.5,53944.2,184883.0,415222.6,675918.9,2.0499999999999998e-08,-397.0,5910.2,82064.0,87577.2,14277.6,30496.6,57817.6,15972.7,9879.0,26526.7,29759.6,57326.9,-9.32e-15,0.00558,0.0036299999999999995,0.015,0.0181,0.00995,0.0239,0.0177,0.00905,0.006659999999999999,0.0112,0.0168,0.022,2.14e-05,-215022845.2,-168860245.9,228410483.9,1121710000.0,107262339.7,-124850783.5,-39248591.0,65613530.5,78851598.7,-12065689.1,-116224016.2,-328348477.4,5015.0,-7323370000.0,-4421900000.0,2169900000.0,-9575370000.0,-793351542.0,-3747850000.0,-4122550000.0,-39805382.3,-1173160000.0,-5452820000.0,-8742220000.0,0.000762,-3603120000.0,-2665530000.0,-393245.8,-6269040000.0,-202361740.7,-2715180000.0,-3105760000.0,190224786.9,-528146120.3,-3163280000.0,-6256910000.0,0.00106,-925046092.6,175294490.6,2199040000.0,1449290000.0,318397846.7,498462562.8,1522730000.0,382301000.2,608966789.2,-73440819.6,748590445.3,-5704.4,-1500860000.0,-905560856.7,781332542.0,-1625100000.0,-275055114.9,-525157258.7,-583908753.8,-122889421.2,-344972668.7,-1041190000.0,-1227150000.0,321436.5,-22925400000.0,-21474100000.0,-7021970000.0,-51421200000.0,-6700050000.0,-20443400000.0,-24869300000.0,-3521060000.0,-9612650000.0,-26551900000.0,-41200100000.0,-223.3,-194997.4,-177084.0,146494.4,-225810.2,11743.9,-54568.6,-146977.4,2687.5,-68063.5,-78832.8,-240241.6
8.year_inc#c.ivparm1,-0.0015400000000000001,-9305.7,-49705.4,-117408.6,-176419.7,-35418.4,-61308.7,-95113.7,-35200.7,-19531.5,-54471.1,-81306.0,-105800.6,-8.900000000000001e-12,-0.008029999999999999,-0.0167,-0.0268,-0.00554,-0.00584,-0.00386,-0.00527,-0.0054600000000000004,-0.0064,-0.00878,-0.00586,-0.00572,-0.000362,-302627.8,-287141.0,-28632.5,-618401.3,-57743.6,-253801.1,-305167.7,-34310.1,-24160.1,-96202.7,-313233.5,-526347.6,0,0.00878,0.0237,0.0431,0.00848,0.0108,0.00565,0.00886,0.00893,0.0109,0.0164,0.00806,0.00828,0,331503.9,482076.7,192014.9,1005595.4,126797.0,394618.9,557453.6,100898.7,68935.9,206524.0,448141.8,777899.7,2e-08,-6132.4,1820.7,94286.1,89974.3,21264.7,33845.9,57934.3,17810.4,13426.8,30832.0,32040.1,50899.3,1.54e-11,0.000642,0.00603,0.0277,0.0258,0.0149,0.0393,0.0259,0.0119,0.0116,0.0168,0.0234,0.033,0.000124,-276627449.2,-247900736.0,306872946.8,1739530000.0,52944983.2,-96645428.7,90732152.2,102425665.1,93623466.9,-25057885.9,-308387390.5,-373025886.6,-12645.5,-8662480000.0,-6584650000.0,2574440000.0,-12672700000.0,-1109580000.0,-4817280000.0,-5418570000.0,-582675156.1,-1849900000.0,-7254140000.0,-10980500000.0,0.000984,-4305830000.0,-3861970000.0,-90771298.3,-8258570000.0,-512027091.0,-3313750000.0,-3752950000.0,-416613139.9,-1034930000.0,-4505620000.0,-7329930000.0,0.000781,-1485330000.0,-72316175.1,2975050000.0,1417410000.0,471581285.7,465821169.2,1391510000.0,269725268.7,443755447.1,25898661.0,676100625.3,-37384.2,-1698170000.0,-1300670000.0,955998640.9,-2042880000.0,-226124163.0,-752831129.9,-837181517.0,-80574036.7,-326003787.9,-1205700000.0,-1736180000.0,507483.9,-25807400000.0,-30514100000.0,-11204500000.0,-67525400000.0,-9279670000.0,-26670300000.0,-34888300000.0,-6788610000.0,-12639600000.0,-32637100000.0,-51457100000.0,-128.9,-227733.0,-205187.8,120934.3,-312115.5,-8983.0,-142606.3,-155031.0,55699.8,-62917.6,-157084.4,-358832.3
10.year_inc#c.ivparm1,-0.00231,-1442.0,-60676.3,-170010.1,-232128.4,-41171.0,-80767.8,-137889.8,-39025.9,-20867.7,-61700.4,-94238.6,-151931.5,-1.4199999999999998e-11,-0.00921,-0.0189,-0.0348,-0.00625,-0.0065,-0.00394,-0.00642,-0.0070799999999999995,-0.00674,-0.014,-0.00606,-0.00632,-0.0005780000000000001,-349053.2,-326724.5,-3266.6,-679044.4,-58018.3,-247732.1,-367969.2,-47858.5,-16556.6,-161620.1,-311075.2,-573167.6,0,0.0099,0.0243,0.0493,0.00885,0.011,0.00547,0.0093,0.0111,0.011,0.0216,0.008329999999999999,0.00835,0,375703.5,484811.1,169639.3,1030153.9,123586.6,372419.6,574944.1,131043.5,62815.8,276108.6,455209.8,775523.7,2.16e-08,-3099.9,8310.8,103419.3,108630.2,17805.9,46289.0,70698.4,22205.9,12161.8,25887.7,37931.8,68618.5,5.16e-12,0.00728,0.0164,0.0314,0.0324,0.0183,0.0409,0.0356,0.0168,0.009940000000000001,0.0208,0.0263,0.0412,0.000125,-274301074.1,-117527320.4,269463222.6,2309230000.0,52662574.8,-96216901.9,-81669689.9,203715660.6,79907636.0,-69673730.1,-40695482.0,-378743407.3,-398.4,-9416220000.0,-7163990000.0,3272580000.0,-13307600000.0,-1101840000.0,-4254820000.0,-6613420000.0,-589432968.7,-3595480000.0,-6694210000.0,-11616400000.0,0.000817,-4622860000.0,-4465370000.0,165959717.8,-8922280000.0,-513588128.7,-3205490000.0,-4663770000.0,-167864301.2,-2253260000.0,-4258510000.0,-8240820000.0,0.00108,-1457360000.0,257295431.2,3011100000.0,1811040000.0,171920856.2,1036290000.0,1433040000.0,513350021.5,190910914.6,378001789.9,1125770000.0,-18333.7,-1876770000.0,-1303810000.0,1199240000.0,-1981360000.0,-243568987.9,-490558990.2,-947640424.1,-154901323.0,-623028006.2,-1033720000.0,-1582890000.0,508027.1,-30327600000.0,-32020300000.0,-10042500000.0,-72389900000.0,-8702320000.0,-27137500000.0,-38766500000.0,-8056750000.0,-16914400000.0,-33623400000.0,-55630900000.0,316.4,-231520.5,-207119.4,159703.7,-278619.9,11115.9,-80706.4,-157794.2,80651.7,-54340.7,-120825.7,-370387.4
12.year_inc#c.ivparm1,-0.0025800000000000003,-1530.2,-58583.8,-190587.8,-250701.7,-57650.7,-79759.1,-144625.4,-48490.6,-30017.1,-77279.4,-106076.3,-144560.5,7.190000000000002e-13,-0.009940000000000001,-0.0196,-0.038,-0.0061600000000000005,-0.00607,-0.0039700000000000004,-0.00601,-0.0077,-0.00878,-0.0157,-0.00634,-0.00618,-1.8100000000000002e-07,-377139.8,-324911.5,70025.3,-632026.1,-42520.5,-237587.5,-317364.3,-43576.5,-29131.3,-171953.9,-314661.8,-545929.1,0,0.0104,0.0258,0.0501,0.00886,0.0104,0.00584,0.00872,0.011,0.0122,0.0215,0.009,0.00852,0,394235.6,520380.2,93475.4,1008091.2,105480.2,394660.6,519495.8,116162.8,67944.0,261451.7,488595.4,786448.3,2.44e-08,-6226.2,5004.3,104919.9,103698.0,19533.2,47419.7,68648.7,25234.7,15344.3,21403.4,35049.3,58930.1,-1.1e-14,0.00155,0.0142,0.0291,0.0313,0.0179,0.0343,0.036,0.017,0.0145,0.0241,0.023,0.0383,0.000156,-303027492.6,-415047933.8,388853589.8,2854580000.0,-14467713.7,-44565964.0,-197790213.7,68156048.8,11415512.5,-144801363.4,-131431622.9,-382910171.8,-0.00456,-10007500000.0,-7541580000.0,5433750000.0,-12115300000.0,-783769471.0,-3648740000.0,-5867340000.0,-383131932.1,-4034340000.0,-6248000000.0,-10948400000.0,0.000785,-4851290000.0,-4607420000.0,2080490000.0,-7378220000.0,-318142859.5,-2181810000.0,-4158930000.0,-162443641.2,-2329750000.0,-3219290000.0,-6897630000.0,0.0016300000000000002,-1752280000.0,508489128.7,3258700000.0,2014910000.0,239312664.8,1111050000.0,1721860000.0,685030540.0,-343319148.9,293047883.5,1090570000.0,-0.00015900000000000002,-1964400000.0,-1443680000.0,1363070000.0,-2045010000.0,-162122708.9,-630982247.9,-768493650.0,-42975760.8,-710309971.3,-1276520000.0,-1839910000.0,-0.04,-32535000000.0,-32170800000.0,-5483010000.0,-70188900000.0,-8295500000.0,-26876000000.0,-33817200000.0,-7207080000.0,-17365800000.0,-36371700000.0,-54686300000.0,-4.43e-07,-265334.5,-229598.1,238159.3,-256773.2,36828.4,-69693.8,-180814.8,76270.5,-81506.3,-75958.4,-369872.1
14.year_inc#c.ivparm1,-203.8,-1937.5,-50247.3,-217041.4,-269430.0,-59847.0,-85204.3,-150023.3,-63674.2,-35021.5,-77381.1,-119406.8,-145908.9,5.8200000000000005e-08,-0.00845,-0.0214,-0.0426,-0.0059299999999999995,-0.00514,-0.00346,-0.0063,-0.00586,-0.00662,-0.0128,-0.005520000000000001,-0.006509999999999999,0.00198,-322625.3,-365193.4,121180.1,-566638.6,-17101.0,-183569.9,-319340.1,17532.1,6593.0,-107780.8,-247298.5,-567069.6,0,0.00853,0.0279,0.0547,0.008790000000000001,0.00963,0.00528,0.00938,0.00942,0.0111,0.0186,0.00812,0.00897,0,325923.6,577954.2,73654.5,977532.2,86677.9,342272.1,555932.2,64511.4,46278.3,199836.7,421600.0,826343.0,2.2400000000000002e-08,-3200.6,4481.4,115763.0,117043.8,25711.2,60458.6,64566.6,29802.9,16060.8,26190.3,52477.2,61529.7,-4.8200000000000005e-11,0.00337,0.0168,0.0306,0.0313,0.0175,0.0383,0.0339,0.02,0.0169,0.0223,0.0261,0.0389,0.861,-251339231.2,-226826859.4,310220042.4,3644600000.0,109602587.4,-106130120.0,-185125490.5,325047280.0,174363211.6,98940653.9,17179443.3,-602595914.7,-10167.5,-8919310000.0,-7588180000.0,6208110000.0,-10299400000.0,652575017.5,-2450960000.0,-5798090000.0,1451850000.0,-1681510000.0,-4501300000.0,-12403800000.0,1.251,-4408490000.0,-4523070000.0,2168630000.0,-6762930000.0,542655717.3,-2027490000.0,-3784940000.0,876296976.2,-855750133.7,-2977990000.0,-8181880000.0,2362017.4,-1511950000.0,200216881.7,3049100000.0,1739720000.0,787942589.3,1119530000.0,1459930000.0,725351849.4,182869866.3,279791321.7,226428468.7,5248.2,-1736730000.0,-1428580000.0,1586170000.0,-1579130000.0,100644629.7,-202370171.8,-965875917.3,304814730.4,-346319913.9,-613257716.5,-1984590000.0,172.2,-26861900000.0,-38202300000.0,-334018338.3,-65398200000.0,-6614020000.0,-22717200000.0,-36709200000.0,-4061850000.0,-14214200000.0,-28689000000.0,-54722300000.0,-4.44e-07,-241975.6,-287941.9,240944.8,-288972.7,47199.0,-96421.8,-228071.6,131070.0,-62220.1,-60901.1,-467241.6
16.year_inc#c.ivparm1,-0.00063,-1667.9,-42967.4,-242813.7,-287449.0,-58061.8,-75874.2,-152882.1,-75462.3,-39251.2,-93672.5,-134566.9,-153924.9,5.51e-12,-0.008490000000000001,-0.0188,-0.0379,-0.0042899999999999995,-0.0035,-0.00175,-0.00428,-0.00229,-0.004070000000000001,-0.0113,-0.0043100000000000005,-0.00542,0.00021899999999999998,-325948.2,-278514.8,307368.6,-297094.4,22607.7,-27178.8,-145904.0,125564.2,49758.5,-62711.3,-151190.4,-445266.3,0,0.00872,0.0244,0.0493,0.00703,0.00777,0.0036899999999999997,0.007209999999999999,0.00583,0.008620000000000001,0.0173,0.00683,0.00774,0,334492.9,466196.9,-99287.9,701401.9,46944.1,201988.8,378154.5,-40392.7,6805.4,159732.3,323247.4,694850.5,1.74e-08,-4576.0,6276.4,133048.5,134748.9,35088.8,58289.3,84305.5,34667.5,20072.2,31390.0,50443.4,64992.6,-1.39e-11,0.00456,0.0121,0.0247,0.0272,0.0217,0.0251,0.0302,0.0192,0.0171,0.0246,0.0206,0.0317,62785.6,-220647886.9,-235738226.5,636680208.4,4311770000.0,246088039.0,77919821.4,110742723.6,409389415.3,201848921.2,121995106.1,69614157.0,-475120573.8,-62710.3,-9129340000.0,-5387940000.0,11958600000.0,-2558770000.0,1839520000.0,1264780000.0,-1016580000.0,4655670000.0,-211299820.4,-1542190000.0,-9053960000.0,-175205.4,-4685070000.0,-3242880000.0,5710630000.0,-2217490000.0,1254210000.0,335143257.3,-982480854.9,2839640000.0,-30527194.9,-1235010000.0,-6311350000.0,-208471.1,-1301500000.0,-99651462.1,5232930000.0,3831560000.0,1274520000.0,1869110000.0,2300170000.0,1104410000.0,472691119.2,1531390000.0,1452630000.0,33573.9,-1770480000.0,-987009855.8,2654550000.0,-102906711.2,324115943.4,483842603.7,710757.1,812734951.2,-104672151.2,-103617468.2,-1239760000.0,-347020.5,-27500300000.0,-30569600000.0,9502300000.0,-48567900000.0,-5788640000.0,-11994700000.0,-25826400000.0,3367590000.0,-10552500000.0,-22741500000.0,-46146800000.0,0.000436,-245768.1,-181643.4,613522.9,186111.5,113862.2,216302.6,73603.1,296927.3,42990.6,112508.4,-224678.0
18.year_inc#c.ivparm1,-0.000974,1769.0,-57245.1,-266188.2,-321664.3,-66720.5,-92109.5,-180144.8,-92827.5,-51877.0,-109406.1,-141519.5,-162116.4,1.92e-11,-0.00867,-0.02,-0.0408,-0.00446,-0.00295,-0.00146,-0.00484,-0.00395,-0.007209999999999999,-0.0146,-0.00403,-0.0054600000000000004,0.0008029999999999999,-332694.9,-315276.1,368817.6,-279153.4,47107.9,14209.3,-166185.3,109213.4,21238.5,-99998.9,-112968.1,-435474.7,0,0.00907,0.0264,0.0535,0.007670000000000001,0.007659999999999999,0.00399,0.0077599999999999995,0.00857,0.0124,0.0206,0.007559999999999999,0.00808,0,347730.6,527924.6,-115964.0,759691.2,31091.4,215610.3,400529.1,8555.5,46273.9,201460.1,359162.2,720044.3,2.75e-08,-4738.3,19708.1,193490.9,208460.7,45271.0,116144.4,119119.1,55880.0,26313.6,40141.0,89341.7,107309.7,-4.1799999999999994e-11,0.00168,0.0226,0.0382,0.0364,0.027,0.0417,0.036,0.0257,0.0193,0.027,0.0357,0.0429,155155.8,-269050060.7,-209195090.1,1074100000.0,5041050000.0,308952342.4,322603532.0,396355712.7,502975776.0,310529083.2,181698211.6,199655248.1,-215917157.6,-62745.3,-9111840000.0,-5942600000.0,15198200000.0,143674688.0,2670110000.0,4635250000.0,-861856731.0,4475920000.0,-1561180000.0,1005530000.0,-7002350000.0,-175425.7,-4477710000.0,-3794380000.0,6328340000.0,-1943920000.0,1426870000.0,1669320000.0,-1575090000.0,2119530000.0,-1393050000.0,-368825680.2,-5490320000.0,0.00128,-1618250000.0,1023870000.0,6040760000.0,5446380000.0,1627520000.0,3239420000.0,2656130000.0,1908870000.0,647029171.2,2790250000.0,1909990000.0,33619.0,-1807750000.0,-1158740000.0,3908910000.0,942455676.6,623353476.1,1408480000.0,429670792.6,984027304.5,-115661419.3,512784884.0,-664925104.1,-752305.0,-28609700000.0,-32541500000.0,10977400000.0,-50174500000.0,-4249020000.0,-14142400000.0,-29327500000.0,1701650000.0,-12535800000.0,-20847000000.0,-47627100000.0,-238.9,-237456.6,-306944.1,802133.3,257493.7,180465.2,337289.5,100500.9,221233.0,-75634.8,156992.8,-144204.5
20.year_inc#c.ivparm1,-0.00146,-3111.8,-39533.1,-303986.1,-346631.0,-70903.1,-121382.5,-191201.1,-90340.4,-45243.9,-116719.4,-155430.0,-185387.6,3.65e-13,-0.00859,-0.0162,-0.0306,-0.00206,-0.00203,0.00114,-0.0021,-0.00128,-0.00329,-0.0124,-0.00202,-0.00299,-1.68e-07,-329706.0,-206031.9,646602.4,110864.6,76978.0,250255.4,68316.2,208713.9,88806.0,-38193.3,42548.4,-174827.3,0,0.00881,0.0214,0.0431,0.0049700000000000005,0.00605,0.0006580000000000001,0.00502,0.0064,0.00805,0.0188,0.0049,0.00513,0,337749.0,383144.8,-387682.0,333211.7,-7870.7,-82281.7,171347.4,-69084.9,-22150.0,149566.2,161864.3,410167.4,2.2000000000000002e-08,-4903.1,22099.3,272736.4,289932.6,36884.7,176506.3,191978.4,75187.5,39315.5,52923.2,97954.1,177860.4,-1.31e-14,-0.000586,0.017,0.0455,0.0396,0.0177,0.0487,0.0458,0.0291,0.0238,0.0326,0.0311,0.0496,0.000192,-297932556.9,-31045242.6,1502460000.0,5886250000.0,262219095.0,638743395.4,854988570.5,740192982.9,455030334.0,354814478.0,318492325.3,171068817.9,-0.00426,-9342940000.0,-2808880000.0,24783100000.0,12631300000.0,3109410000.0,11995900000.0,7752580000.0,8140740000.0,1041580000.0,4878740000.0,1381160000.0,0.000872,-4845450000.0,-1727450000.0,11204900000.0,4631980000.0,1898240000.0,4989830000.0,2565850000.0,4528750000.0,246198968.6,2066130000.0,-1795010000.0,0.0012699999999999999,-1551680000.0,934740774.3,7989370000.0,7372430000.0,1082770000.0,4290580000.0,4815540000.0,2890560000.0,1760990000.0,2556890000.0,3399100000.0,-9.58e-05,-1764260000.0,-666514033.3,6080290000.0,3649510000.0,624468955.8,3249200000.0,2475230000.0,1565190000.0,314640739.7,1174280000.0,1459850000.0,-0.0354,-27501800000.0,-24551300000.0,25078400000.0,-26974700000.0,-3030950000.0,3286210000.0,-14904800000.0,6232000000.0,-10578600000.0,-12069900000.0,-30175700000.0,-4.16e-07,-257475.1,-86391.0,1064411.5,720545.4,217236.4,586461.8,427699.6,373816.0,51803.5,292845.8,129493.0
22.year_inc#c.ivparm1,-0.00123,-1421.0,-43880.0,-316883.3,-362184.3,-73860.8,-134114.8,-207550.8,-106935.2,-58004.3,-108813.4,-154633.5,-181388.3,2.97e-13,-0.008870000000000001,-0.0168,-0.0292,-0.0017399999999999998,-0.00386,0.0007160000000000001,-0.00137,0.000974,0.000728,-0.00978,-0.00217,-0.00295,-1.7e-07,-339673.1,-227053.0,758103.3,191377.2,55571.6,223318.1,145020.7,302536.8,162059.1,35361.5,46356.6,-166731.2,0,0.009640000000000001,0.0217,0.0423,0.00483,0.008620000000000001,0.00179,0.0045899999999999995,0.00279,0.00302,0.0158,0.00511,0.00558,0,367694.0,392754.2,-474102.2,286346.0,28626.3,8081.4,120752.3,-196262.0,-108624.3,76968.8,165593.7,453981.7,2.16e-08,-6715.7,4249.2,269867.9,267401.5,45661.9,161292.4,157522.4,51575.3,23990.4,40293.8,109879.1,170164.3,-1.28e-14,-0.00139,0.0135,0.0324,0.0313,0.0211,0.0355,0.0309,0.0116,0.00468,0.0211,0.0293,0.0427,0.000233,-261936253.1,44308245.7,1645260000.0,7053640000.0,385842021.0,698796362.2,933572563.5,761192481.9,403728388.8,488136335.0,494058026.7,280596087.2,-0.0054,-9435760000.0,-4512520000.0,27474400000.0,13526200000.0,2818050000.0,11254300000.0,8461850000.0,8922660000.0,1894050000.0,5064310000.0,1785440000.0,0.000872,-4623090000.0,-2635960000.0,12953300000.0,5694230000.0,1570570000.0,4303360000.0,3667970000.0,5170780000.0,1184630000.0,2026260000.0,-1047120000.0,0.0015,-1421240000.0,289381252.2,7055960000.0,5924100000.0,1581490000.0,3244480000.0,4208490000.0,1844180000.0,1164490000.0,1715600000.0,2498420000.0,-0.000102,-1873510000.0,-1083830000.0,6438450000.0,3481110000.0,603567086.2,3107800000.0,2238230000.0,1543550000.0,259760455.5,1242880000.0,1333990000.0,-0.0354,-28551700000.0,-26086800000.0,28265700000.0,-26372800000.0,-5282100000.0,-5243350000.0,-12011300000.0,15842900000.0,-3672660000.0,-14361500000.0,-36933600000.0,-4.3e-07,-262739.3,-109485.5,1294770.2,922545.5,186145.0,651793.3,510225.7,515189.9,110307.4,412319.7,221210.6
24.year_inc#c.ivparm1,-0.00146,-3597.6,-42488.0,-365188.1,-411273.6,-78321.4,-163452.5,-251688.1,-99384.7,-55644.4,-118233.5,-159585.5,-233567.6,3.65e-13,-0.00941,-0.0127,-0.0266,-0.0005480000000000001,-0.00105,0.0023,-0.000202,0.00135,-0.000439,-0.008329999999999999,-0.0009369999999999999,-0.0019199999999999998,-3.05e-07,-357931.6,-116036.6,873506.7,399538.4,114893.9,368588.2,252424.4,344641.8,161636.3,85587.3,147114.0,-59997.3,0,0.00966,0.0184,0.0408,0.00375,0.00565,6.659999999999999e-05,0.0034,0.00346,0.00634,0.0151,0.00415,0.00442,0,367596.0,300062.1,-571569.7,96088.4,-32449.8,-151236.8,8990.7,-199093.8,-71698.1,45333.6,87097.7,327632.0,3.8900000000000004e-08,-7527.7,5223.4,315919.1,313614.8,66505.5,211302.0,178229.9,69947.0,37795.6,31632.4,135384.9,177162.3,-1.73e-14,-0.00345,0.0139,0.031,0.0296,0.027,0.036,0.026,0.0194,0.0153,0.016,0.0325,0.0321,0.000227,-325347372.9,65912513.4,1860090000.0,8269020000.0,452615202.7,1090420000.0,1056820000.0,859124479.2,473289436.8,382447735.6,543842443.8,288918285.9,-36416.7,-10028800000.0,-1728830000.0,32066300000.0,20308700000.0,5579400000.0,16399700000.0,12445300000.0,10172800000.0,3154260000.0,7863360000.0,4556450000.0,0.000858,-5154370000.0,-923655975.8,15505600000.0,9427560000.0,3102080000.0,7595370000.0,5754080000.0,5555560000.0,1869570000.0,3673480000.0,769918162.4,1482619.5,-1550160000.0,964929585.4,8736370000.0,8152620000.0,2278480000.0,5456780000.0,5506920000.0,2993170000.0,1365100000.0,2645700000.0,2880960000.0,18738.6,-1903010000.0,-582103988.4,7279740000.0,4794650000.0,1127520000.0,4072350000.0,3047120000.0,1920080000.0,405512705.6,1747520000.0,1747040000.0,-0.027,-28577400000.0,-19129000000.0,33610500000.0,-14095900000.0,-465134144.3,3310430000.0,-6346250000.0,14898900000.0,-1340300000.0,-7749640000.0,-28529700000.0,-4.25e-07,-270019.6,-4344.4,1564384.7,1290020.7,263407.8,953813.0,690295.3,602404.1,211172.9,599725.4,424208.7
26.year_inc#c.ivparm1,-0.0008550000000000001,1204.8,-23207.7,-352522.7,-374525.6,-80579.1,-168970.4,-218013.9,-93302.4,-41750.4,-102959.6,-156511.7,-200644.1,2.12e-13,-0.00845,-0.0146,-0.0244,-0.000335,-0.000921,0.00223,-0.000285,0.0021,0.0007059999999999999,-0.0059299999999999995,-0.00038700000000000003,-0.00196,-1.3900000000000001e-07,-320296.7,-182750.7,965620.2,462572.7,126395.7,368224.1,261636.7,399238.2,196508.9,159827.0,200936.0,-63061.2,0,0.0085,0.0206,0.0388,0.0036200000000000004,0.00521,8.57e-06,0.0037600000000000003,0.00257,0.00532,0.0123,0.00346,0.0046700000000000005,0,322734.8,377681.0,-643290.2,57125.7,-48399.7,-161413.3,29942.9,-249857.7,-97951.8,-28288.9,27182.8,355383.1,1.8999999999999998e-08,-3103.0,214.2,357551.9,354663.1,56760.7,245712.6,204516.1,50150.2,32464.1,22166.1,150147.0,247752.3,-7.89e-15,0.006540000000000001,0.00985,0.0279,0.0283,0.015,0.0339,0.0294,0.00601,0.00902,0.00473,0.026,0.0406,0.000301,-325004077.1,282894838.6,1953400000.0,9672980000.0,477054773.1,1078410000.0,1053190000.0,1112530000.0,654899459.5,615581513.7,858092164.6,321702851.3,-20670.9,-8809700000.0,-3036690000.0,35954400000.0,24108000000.0,5238540000.0,18090600000.0,13346200000.0,11857600000.0,5337830000.0,10761800000.0,7011830000.0,0.0009539999999999999,-4400000000.0,-1632960000.0,17263000000.0,11230000000.0,3046060000.0,7777500000.0,6225890000.0,7352720000.0,3880930000.0,5004120000.0,831229168.3,0.00139,-1574440000.0,615107559.9,8839050000.0,7879730000.0,1595150000.0,5334390000.0,4807660000.0,2383870000.0,1065420000.0,3072060000.0,3900710000.0,10636.5,-1722480000.0,-930993679.7,8409180000.0,5755720000.0,1002190000.0,4846400000.0,3301870000.0,1830630000.0,462080381.8,2453850000.0,2922900000.0,-0.0299,-27157100000.0,-24702500000.0,38542200000.0,-13317400000.0,1741830000.0,2544040000.0,-6475080000.0,15236700000.0,1006850000.0,-6842370000.0,-30296000000.0,-3.79e-07,-247925.3,-8732.0,1576925.4,1320268.1,305804.9,916191.6,714794.4,642898.2,307975.1,605473.7,371565.0
ivparm2,6.78e-06,-2.05e-05,-1.59e-05,3.91e-05,-8.45e-06,4.46e-06,-1.1e-05,1.8100000000000003e-05,1.25e-05,3.5100000000000006e-05,2.34e-05,-1.29e-05,-1.77e-06,1.4e-14,0.005,0.0119,0.0234,0.00526,0.006790000000000001,0.00387,0.00534,0.00625,0.00683,0.009179999999999999,0.00517,0.00488,2.2699999999999998e-07,189848.1,269575.0,205251.5,664674.6,92600.8,286086.3,359236.4,102285.2,58235.3,132346.7,305438.2,469788.6,0,0.0655,0.11800000000000001,0.13,0.05,0.0516,0.0452,0.0513,0.0426,0.0448,0.0542,0.0484,0.051,0,2487429.8,2680645.8,1143438.5,6311514.1,702459.3,3347215.3,3449862.0,696751.2,381811.3,780953.0,2861652.1,4912303.6,-2.13e-08,170.4,2845.8,14082.2,17098.5,1820.0,8783.5,11517.9,500.9,353.9,1797.6,5580.6,14777.6,9.820000000000001e-15,-0.0069,-0.0091,-0.0199,-0.0163,-0.00716,-0.0251,-0.0193,-0.00698,-0.00822,-0.00895,-0.0117,-0.0253,-0.000146,158950397.5,258151502.7,223389265.0,0.0742,72191265.9,269800287.2,329822114.3,149667326.7,86139857.0,140663719.1,310669051.0,418632572.6,0.004520000000000001,4849360000.0,6254830000.0,5290490000.0,16394700000.0,2445460000.0,7037200000.0,8760920000.0,2374380000.0,3251560000.0,7633760000.0,11574800000.0,-0.0007559999999999999,2131810000.0,3696510000.0,3115760000.0,8944090000.0,1417070000.0,3684040000.0,4788710000.0,1243350000.0,1865670000.0,4155380000.0,6283670000.0,-0.00105,582421606.4,399515956.0,498416729.5,1480350000.0,310637618.9,442054242.6,954932790.3,449080123.2,590020833.9,525421501.5,720636549.7,0.000161,1048340000.0,1088490000.0,1069460000.0,3206280000.0,430417894.4,1466050000.0,1770620000.0,444193858.2,566890174.6,1435660000.0,2331670000.0,0.0366,17686300000.0,24802200000.0,15752000000.0,58240500000.0,7953430000.0,26211700000.0,30426900000.0,8756740000.0,10631200000.0,27813700000.0,41530400000.0,4.3299999999999997e-07,113545.0,225734.7,245764.6,585044.3,68396.1,250216.8,361715.0,91938.6,120777.1,223329.4,424709.6
2.year_inc#c.ivparm2,0.0,0.0,0.0,0.0,0.0,0.0,0.0,0.0,0.0,0.0,0.0,0.0,0.0,0.0,0.0,0.0,0.0,0.0,0.0,0.0,0.0,0.0,0.0,0.0,0.0,0.0,0.0,0.0,0.0,0.0,0.0,0.0,0.0,0.0,0.0,0.0,0.0,0.0,0.0,0,0.0,0.0,0.0,0.0,0.0,0.0,0.0,0.0,0.0,0.0,0.0,0.0,0,0.0,0.0,0.0,0.0,0.0,0.0,0.0,0.0,0.0,0.0,0.0,0.0,0.0,0.0,0.0,0.0,0.0,0.0,0.0,0.0,0.0,0.0,0.0,0.0,0.0,0.0,0.0,0.0,0.0,0.0,0.0,0.0,0.0,0.0,0.0,0.0,0.0,0.0,0.0,0.0,0.0,0.0,0.0,0.0,0.0,0.0,0.0,0.0,0.0,0.0,0.0,0.0,0.0,0.0,0.0,0.0,0.0,0.0,0.0,0.0,0.0,0.0,0.0,0.0,0.0,0.0,0.0,0.0,0.0,0.0,0.0,0.0,0.0,0.0,0.0,0.0,0.0,0.0,0.0,0.0,0.0,0.0,0.0,0.0,0.0,0.0,0.0,0.0,0.0,0.0,0.0,0.0,0.0,0.0,0.0,0.0,0.0,0.0,0.0,0.0,0.0,0.0,0.0,0.0,0.0,0.0,0.0,0.0,0.0,0.0,0.0,0.0,0.0,0.0,0.0,0.0,0.0,0.0,0.0,0.0,0.0,0.0,0.0
4.year_inc#c.ivparm2,-8.96e-06,-5.69,-3.0810000000000004,-0.10300000000000001,-8.873,-1.315,-3.3280000000000003,-6.08,-2.951,-2.875,-2.363,-2.793,-4.607,-1.4e-14,0.00236,0.00487,0.0145,0.00295,0.00358,0.00236,0.0031899999999999997,0.00324,0.0033399999999999997,0.00469,0.00267,0.00279,-1.65e-07,95199.4,138258.1,155496.2,388953.6,51763.7,184719.9,223835.3,63930.1,34425.4,70693.0,165118.3,273259.9,0,0.0257,0.0496,0.083,0.0252,0.032,0.0214,0.0248,0.0259,0.0274,0.0346,0.0257,0.0242,0,1043856.5,1404150.8,889318.5,3337325.9,459625.1,1686670.9,1753059.8,502775.3,275681.0,516862.6,1584266.1,2374925.5,2.15e-08,981.9,11016.4,19734.6,31732.9,1611.5,13198.9,16148.8,3161.1,2281.0,4118.1,15584.1,26960.3,-1.15e-14,-0.00663,0.000733,-0.0228,-0.0119,-0.00755,-0.0164,-0.0159,-0.0036899999999999997,-0.00417,-0.00784,-0.00671,-0.0214,0.00022799999999999999,86496309.6,177512979.9,244089680.9,49627492.4,79861489.1,277075269.3,268481435.1,87719961.7,35447530.2,117002395.5,239617535.3,340517519.6,-0.00364,2475640000.0,3557400000.0,4058040000.0,10091100000.0,1354170000.0,4721500000.0,5834580000.0,1641120000.0,1889140000.0,4256500000.0,7095800000.0,0.000576,986023838.1,1727530000.0,2247210000.0,4960760000.0,717831896.0,2420140000.0,3018680000.0,758617201.0,800555361.6,1942070000.0,3484310000.0,0.0011300000000000001,449950153.2,493924227.2,530109645.0,1473980000.0,156467967.0,169021377.9,828511637.3,483253575.8,599578432.4,645472388.1,834262482.6,-0.00017900000000000001,535117015.8,671465238.1,834166587.2,2040750000.0,230248032.0,981016579.6,1161280000.0,326611844.1,376185063.3,879472628.1,1483890000.0,-0.0371,8131590000.0,11014900000.0,11821000000.0,30967500000.0,3393900000.0,14769000000.0,17402700000.0,4763840000.0,5476560000.0,13564800000.0,22809800000.0,-4.5e-07,73172.8,124866.4,203267.5,401306.8,44726.2,198391.1,237511.9,66428.7,67596.8,163794.8,290151.9
6.year_inc#c.ivparm2,-0.000595,-29262.9,-124859.0,-135038.4,-289160.3,-32199.0,-144821.9,-148524.7,-21813.1,-9840.3,-34077.3,-140635.7,-235148.3,1.47e-13,0.0027300000000000002,0.00823,0.0243,0.00471,0.00775,0.0036799999999999997,0.00496,0.00564,0.0055899999999999995,0.008579999999999999,0.00443,0.00406,-3.07e-07,111480.5,256056.0,264188.0,631724.5,113796.1,294102.1,354307.7,119657.1,62057.3,130720.2,277416.8,398271.2,0,0.0354,0.0761,0.139,0.0399,0.0471,0.0351,0.0398,0.0407,0.0435,0.051,0.04,0.0388,0,1452431.0,2405546.1,1535301.2,5393278.3,703107.1,2835034.8,2876035.9,858275.5,474337.6,785540.3,2517242.5,3831895.7,2.08e-08,1913.8,26694.6,68057.0,96665.4,9791.0,44917.9,59270.2,4603.1,2771.3,16233.4,37395.2,82271.3,-8.6e-15,-0.00103,0.00282,-0.0159,-0.00526,-0.00515,-0.00403,-0.0107,-0.006940000000000001,-0.00946,-0.0064,0.00133,-0.0111,1.31e-05,45353781.7,290491723.5,480036500.0,202793227.1,185394068.0,451702886.0,417338043.6,96750287.3,65792559.0,176328987.4,398543961.6,533737649.9,-14692.2,2878580000.0,6819840000.0,8075450000.0,17773900000.0,3427670000.0,8355490000.0,10088900000.0,2905560000.0,3659570000.0,7684900000.0,11440600000.0,0.000763,1477590000.0,3666780000.0,3752460000.0,8896840000.0,2129270000.0,4057600000.0,4972620000.0,1687390000.0,1982790000.0,3924220000.0,5080180000.0,0.00103,470319305.8,906189383.6,1852330000.0,3228840000.0,579878051.0,1154110000.0,2423830000.0,581306975.0,1043720000.0,805008320.6,2067660000.0,7560.0,489273666.7,1219360000.0,1988610000.0,3697250000.0,514354966.2,1878350000.0,2167700000.0,448257900.3,607841079.4,1529550000.0,2734630000.0,-0.044,10048900000.0,19189300000.0,16660800000.0,45899100000.0,7522140000.0,21777200000.0,24977900000.0,9967270000.0,10700000000.0,20921100000.0,28409700000.0,-5.55e-07,67928.8,217909.0,338613.1,624450.9,118545.4,337925.9,377146.2,108142.4,109801.6,247304.7,397763.2
8.year_inc#c.ivparm2,-0.00256,-64365.0,-249571.8,-368615.1,-682551.9,-72592.6,-348528.2,-346922.1,-66381.9,-30339.6,-89732.6,-335629.8,-543577.4,6.95e-13,0.0030600000000000002,0.00895,0.0336,0.00605,0.0102,0.00481,0.00609,0.00583,0.006370000000000001,0.0109,0.00599,0.00541,-2.93e-07,120818.0,302226.0,405389.6,828433.6,155116.0,394114.5,446039.0,137279.1,77444.7,173310.1,382394.6,536038.5,0,0.0438,0.088,0.156,0.0479,0.0598,0.042,0.0491,0.0531,0.0566,0.0652,0.0465,0.0452,0,1725509.0,2980525.4,1937400.0,6643434.5,925971.8,3498663.5,3641968.8,1207601.5,662576.2,1041496.5,3001465.7,4509861.1,2.0699999999999997e-08,-69.75,10270.5,89017.8,99218.5,7672.2,42355.8,59138.9,11513.9,7538.4,16024.4,40079.6,80032.4,-9.28e-15,-0.00176,-0.00671,-0.0171,-0.00589,-0.0124,-0.00168,-0.0117,-0.00216,-0.00747,-0.0101,0.0012,-0.0127,0.00011899999999999999,103377839.2,273772123.7,622800018.1,444717171.6,208523010.8,564598833.5,650716048.9,146665036.9,120675521.8,132785550.3,349233932.1,644761933.4,-0.00549,3384790000.0,7492880000.0,12133400000.0,23011000000.0,4506680000.0,10834300000.0,12363800000.0,3374100000.0,4634010000.0,10647300000.0,15130200000.0,0.000975,1869460000.0,4465380000.0,6195690000.0,12530500000.0,2940750000.0,5875270000.0,6455420000.0,1655780000.0,2628430000.0,6075120000.0,7934000000.0,0.0008300000000000001,518376127.2,761917737.3,2558410000.0,3838700000.0,727191285.5,1072000000.0,2812390000.0,872538208.9,1205190000.0,1026310000.0,2238970000.0,-0.000124,550619218.5,1208420000.0,2672300000.0,4431340000.0,650208680.1,2171680000.0,2538300000.0,664793398.6,775378508.2,1893040000.0,3116340000.0,-0.0378,11011300000.0,23376100000.0,25356900000.0,59744300000.0,10945800000.0,29468300000.0,30276700000.0,10129300000.0,12682900000.0,29467600000.0,38669200000.0,-5.22e-07,93188.4,298962.8,525581.6,917732.8,154494.9,437026.3,521782.2,175372.7,181069.5,395950.6,587865.2
10.year_inc#c.ivparm2,-0.00468,-78860.2,-404188.6,-661671.1,-1144719.9,-129870.2,-583750.0,-581298.5,-123480.3,-55630.5,-156297.9,-563421.5,-891369.4,1.2500000000000001e-12,0.0039,0.0107,0.0388,0.007520000000000001,0.0135,0.00585,0.00792,0.00851,0.00914,0.0141,0.00707,0.00633,-2.51e-07,147088.4,373936.1,526851.7,1047876.2,208432.0,487121.7,589118.8,207801.5,115201.2,230087.3,458757.4,631642.7,0,0.0461,0.0956,0.166,0.0526,0.0666,0.0478,0.0535,0.0571,0.0594,0.0698,0.0516,0.0499,0,1739693.1,3405351.6,2339919.8,7484964.5,1060640.2,4073103.2,4070889.8,1405374.3,751349.5,1159887.8,3414074.6,5018950.0,2.23e-08,877.8,26803.2,135588.5,163269.5,10433.6,70361.5,112524.2,17420.4,9200.6,24909.9,50745.3,135415.5,-1.25e-14,0.0005070000000000001,0.0069099999999999995,-0.006529999999999999,0.00358,-0.006529999999999999,0.00527,0.0019199999999999998,0.00015800000000000002,-0.00748,-0.00539,0.0041600000000000005,0.000648,0.000169,76328889.2,607377826.1,797228951.2,749154479.2,261266653.6,673971738.1,825787489.3,416133347.3,186927335.1,294181860.1,655148177.3,803535665.6,53913.5,4230460000.0,9550840000.0,16605900000.0,30387300000.0,5841180000.0,13545600000.0,17816300000.0,5548690000.0,6412860000.0,12571000000.0,18997400000.0,0.0009109999999999999,2358620000.0,5475330000.0,7883790000.0,15717700000.0,3671450000.0,7015820000.0,9134420000.0,3060880000.0,3394680000.0,6583330000.0,8985410000.0,0.00114,860835052.8,1695430000.0,3481540000.0,6037810000.0,672782934.8,1676200000.0,4615210000.0,1738060000.0,2008740000.0,1422600000.0,3626960000.0,-27741.8,646776804.5,1592980000.0,3948880000.0,6188600000.0,888070505.4,2899520000.0,3736440000.0,944799345.4,1097970000.0,2452160000.0,4355730000.0,-0.0428,12032400000.0,29850100000.0,33572100000.0,75454500000.0,15453900000.0,36983400000.0,39463700000.0,15278400000.0,16842400000.0,35990900000.0,44722200000.0,-4.56e-07,129003.1,366009.2,687012.5,1182024.9,206352.5,535302.6,745766.2,238011.8,272794.0,436258.7,737660.6
12.year_inc#c.ivparm2,-0.00565,-85808.5,-541320.9,-937459.4,-1564588.8,-186849.7,-813318.8,-817270.7,-186252.6,-90863.7,-222884.3,-747318.1,-1191486.5,-1.4199999999999998e-11,0.00405,0.0133,0.043,0.00897,0.0156,0.00634,0.00896,0.0106,0.009909999999999999,0.0174,0.00898,0.00748,-0.000618,149448.4,473239.5,645919.0,1268606.9,246856.7,537522.1,678077.1,271541.7,132797.2,294681.0,590529.9,750208.5,0,0.0443,0.0992,0.172,0.0552,0.0704,0.0516,0.057,0.0598,0.0635,0.0675,0.0531,0.0521,0,1633958.8,3707604.0,2670243.4,8011806.2,1154696.4,4478291.6,4423351.9,1579704.8,856095.2,1173257.8,3588454.3,5277405.1,2.45e-08,501.5,19371.2,163946.7,183819.4,22481.9,88978.5,126380.8,18247.8,9879.1,23040.5,57438.6,143089.7,1.4699999999999998e-11,-0.00305,0.0022199999999999998,-0.00175,0.00479,8.62e-05,0.00645,0.00702,-0.0027,-0.00902,-0.004,0.00156,0.0010400000000000001,-30116.1,113707370.8,659611175.8,1154040000.0,1083080000.0,323781345.3,1046210000.0,1008040000.0,378028141.5,136364229.4,296718523.4,919292381.4,1225520000.0,105876.8,4061190000.0,11611400000.0,20710700000.0,36383400000.0,7078300000.0,15810800000.0,19997500000.0,6830050000.0,7637130000.0,16385900000.0,22475000000.0,0.0011099999999999999,2048740000.0,6783240000.0,10566000000.0,19398000000.0,4353580000.0,8445970000.0,9922130000.0,3546610000.0,4156330000.0,9475830000.0,11497800000.0,-1215558.6,951259757.7,1849460000.0,4966090000.0,7765590000.0,1354040000.0,2824960000.0,5192360000.0,1865770000.0,1948330000.0,2573230000.0,4545780000.0,-61152.4,664454689.0,1824070000.0,4653130000.0,7141590000.0,1155530000.0,3324860000.0,4348380000.0,1198810000.0,1251740000.0,2793220000.0,4787250000.0,-229880.3,13402500000.0,35036100000.0,39669000000.0,88107400000.0,16727200000.0,39293400000.0,46201400000.0,20134000000.0,20771800000.0,41905900000.0,51246200000.0,-56.81,110415.7,525014.1,850020.0,1485393.0,265721.3,650655.5,873305.4,373507.3,349694.1,612087.6,846164.3
14.year_inc#c.ivparm2,-0.00346,-73421.7,-643906.9,-1239373.1,-1956701.8,-240705.4,-1026126.5,-1018519.5,-249105.8,-120092.8,-264701.1,-938182.2,-1466890.6,-1.2199999999999999e-11,0.0057799999999999995,0.0152,0.0464,0.0106,0.017,0.008029999999999999,0.0107,0.0134,0.0134,0.0231,0.0104,0.00877,-0.000526,206301.1,541807.3,766841.9,1514950.3,276393.5,684723.7,823960.6,356864.2,184193.4,403695.1,690989.7,881692.5,0,0.0438,0.0997,0.16899999999999998,0.0557,0.0742,0.0543,0.058,0.0582,0.0626,0.0605,0.0532,0.0527,0,1526977.7,3816028.9,2929334.4,8272340.9,1253185.1,4780974.2,4594733.7,1656413.8,904671.2,1112109.2,3677607.2,5362741.9,2.2599999999999997e-08,2480.5,32884.5,183934.9,219300.0,26673.4,96125.7,135222.1,22355.4,9685.7,39467.0,84077.9,170271.2,5.4600000000000004e-11,-0.0017100000000000001,0.00877,-0.0010400000000000001,0.00564,-0.00122,0.00484,0.00345,0.000286,-0.006840000000000001,-0.00133,0.0071400000000000005,0.00249,-64358.0,167817207.6,863067415.6,1334680000.0,1779680000.0,447509905.8,1121150000.0,1151900000.0,692790757.0,375097533.3,642988831.0,1213600000.0,1225200000.0,23458.8,5540020000.0,13824900000.0,23807100000.0,43172000000.0,8414420000.0,19142800000.0,23844000000.0,8981790000.0,11299500000.0,19328000000.0,25775800000.0,108734.3,2950750000.0,7810140000.0,11607200000.0,22368300000.0,4996630000.0,9787930000.0,12081300000.0,5013650000.0,6253150000.0,10286900000.0,12358000000.0,1085851.9,838192881.6,2094270000.0,5302090000.0,8235650000.0,1864860000.0,2610950000.0,5563420000.0,2065130000.0,2881030000.0,2672220000.0,4305650000.0,-24303.2,925922650.8,2329660000.0,5557490000.0,8813050000.0,1431610000.0,4161530000.0,5076760000.0,1550680000.0,1932890000.0,3736290000.0,5830760000.0,582459.6,18657600000.0,39387600000.0,49659500000.0,107705000000.0,18839800000.0,49725800000.0,55132400000.0,25650300000.0,28439400000.0,52573000000.0,63215300000.0,477.3,160079.7,574538.6,920147.5,1655243.1,296817.3,754332.9,970453.4,420360.2,395672.4,684789.7,938065.6
16.year_inc#c.ivparm2,-0.00214,-76354.0,-722197.6,-1533230.8,-2331782.4,-299382.1,-1206717.2,-1225460.9,-306355.8,-152364.5,-317274.3,-1106321.5,-1726044.5,5.76e-14,0.00566,0.0168,0.05,0.0115,0.0186,0.00927,0.0124,0.0164,0.0167,0.0235,0.0105,0.00907,-1.9600000000000002e-05,193095.5,595425.7,889972.0,1678493.3,310535.6,799887.3,964451.9,451619.6,236623.9,427465.6,714041.4,916338.1,0,0.0479,0.10099999999999999,0.17,0.0572,0.0707,0.0567,0.0586,0.0613,0.0635,0.0655,0.0556,0.0546,0,1586708.2,3885044.5,3201834.1,8673586.8,1245472.1,5079556.9,4747703.0,1846216.6,974146.9,1260863.5,3925883.8,5581898.1,1.79e-08,1816.0,33496.5,247075.3,282387.8,36126.2,126532.7,193382.8,33143.3,23458.3,51541.7,89005.1,213118.3,-9.15e-12,0.0017699999999999999,0.00406,0.0122,0.0111,0.0033,0.00657,0.0123,0.00512,0.00596,0.006679999999999999,0.00707,0.0105,54050.2,230605592.3,757944216.1,1386160000.0,2337570000.0,456421708.8,1101840000.0,1512170000.0,798033372.0,518777994.0,602032089.6,862602964.2,1120310000.0,-28257.6,5134800000.0,15842500000.0,28861700000.0,49839000000.0,9395120000.0,23045000000.0,29218300000.0,12076500000.0,12418500000.0,20620700000.0,28367400000.0,-126792.8,2499120000.0,9051220000.0,13825000000.0,25375200000.0,5569710000.0,11667400000.0,14479300000.0,6728530000.0,6642180000.0,10895900000.0,13077000000.0,521177.9,942405569.7,2397390000.0,8143480000.0,11483800000.0,2266460000.0,4310430000.0,8181670000.0,2523330000.0,3267200000.0,3302130000.0,6694010000.0,15685.9,884666422.5,2633670000.0,6890110000.0,10408500000.0,1608680000.0,5097820000.0,6481630000.0,2093570000.0,2179410000.0,3926830000.0,6706210000.0,-109048.3,16399100000.0,41490400000.0,55353900000.0,113243000000.0,19183200000.0,56335100000.0,60289700000.0,29900300000.0,27551900000.0,52953600000.0,64159900000.0,0.000376,130927.7,679925.6,1203856.6,2014709.8,346874.2,1005978.3,1272573.6,553941.5,494027.6,742136.3,1113894.2
18.year_inc#c.ivparm2,-0.0027,-72416.2,-776527.6,-1875127.5,-2724071.3,-371009.2,-1441084.5,-1454839.8,-372604.8,-189699.2,-384615.7,-1269231.6,-1980457.4,1.1499999999999999e-11,0.0057799999999999995,0.015,0.0486,0.011,0.0181,0.009729999999999999,0.0117,0.0137,0.0139,0.0176,0.0102,0.00899,0.000459,194661.8,528345.6,913390.3,1636397.7,313406.8,850368.8,927316.1,410799.7,213269.1,340466.2,709081.6,912191.3,0,0.0499,0.10800000000000001,0.175,0.0587,0.0661,0.0574,0.0593,0.0697,0.0724,0.0712,0.058,0.0552,0,1628412.9,4017373.1,3470269.1,9116055.0,1226181.6,5232233.0,4914643.7,2199749.4,1160616.5,1437954.5,4201411.4,5690124.0,2.81e-08,1719.7,38794.3,271353.5,311867.5,44150.6,159380.7,201876.1,47664.1,26576.7,54269.9,109991.4,220052.8,-4.4399999999999997e-11,-0.00212,0.0113,0.0184,0.016,0.00952,0.0156,0.0127,0.00857,0.00309,0.00873,0.0181,0.0144,111408.7,224743853.7,710923382.7,1719660000.0,2968610000.0,505138017.0,1466100000.0,1771990000.0,828091618.7,528775808.0,526444806.7,883446484.3,1322210000.0,-23989.2,5420020000.0,14267400000.0,29777200000.0,49464600000.0,9678150000.0,25413900000.0,27863200000.0,11298700000.0,9744650000.0,21601400000.0,28487800000.0,-193653.2,3074410000.0,8115810000.0,13995200000.0,25185200000.0,5449750000.0,12911800000.0,13739200000.0,5985480000.0,4999950000.0,11446000000.0,13750000000.0,0.00144,824775569.2,2563610000.0,8359760000.0,11748100000.0,2705800000.0,5100890000.0,7352970000.0,3067140000.0,3237810000.0,4395180000.0,5975210000.0,13775.3,811519455.0,2315230000.0,7269480000.0,10396200000.0,1773050000.0,5648460000.0,6213380000.0,2099320000.0,1770410000.0,4182850000.0,6523860000.0,-728256.3,16169900000.0,37544800000.0,55612400000.0,109326000000.0,19437200000.0,57167200000.0,60138400000.0,28842600000.0,23422200000.0,49188000000.0,61046700000.0,-369.3,182646.2,484045.6,1288235.5,1954558.0,370310.8,1113702.4,1226533.1,441087.4,307983.7,728024.9,1143159.7
20.year_inc#c.ivparm2,-0.0036200000000000004,-84121.4,-773926.7,-2166558.9,-3024607.0,-416461.6,-1635312.4,-1643860.9,-441929.0,-219396.3,-442569.0,-1380746.1,-2166216.4,-1.98e-11,0.00496,0.019,0.0539,0.0122,0.0176,0.0107,0.0127,0.0161,0.0159,0.0199,0.0117,0.0101,-0.000901,165955.8,634010.5,1045382.8,1845349.1,314873.3,941014.8,1017976.8,501995.5,254796.9,398950.2,827372.3,1028480.3,0,0.0522,0.106,0.16899999999999998,0.0571,0.0641,0.0557,0.0582,0.0703,0.0747,0.0702,0.0558,0.053,0,1720179.0,3842504.4,3525962.9,9088646.3,1247183.1,5167202.1,4925964.0,2357779.9,1262867.3,1496376.4,4162682.3,5483683.3,2.2000000000000002e-08,3410.9,37757.4,319997.9,361166.3,33815.1,200562.0,234173.6,64738.1,31883.1,59879.4,126992.6,262613.1,1.24e-11,-0.00185,0.0037700000000000003,0.0268,0.0186,0.00187,0.024,0.019,0.0125,0.00316,0.0111,0.0181,0.02,-5501.1,150029057.1,1015380000.0,1919330000.0,3673070000.0,521089236.5,1544610000.0,1820510000.0,930861780.7,519831775.2,724628109.3,1264220000.0,1632790000.0,120695.7,4275390000.0,16624200000.0,35537900000.0,56437600000.0,9468880000.0,29049200000.0,31702800000.0,14115300000.0,11785200000.0,24734800000.0,32853400000.0,-4.059,2174580000.0,9401090000.0,16727700000.0,28303300000.0,5359730000.0,14180700000.0,15385100000.0,7524790000.0,6171600000.0,12918300000.0,15418800000.0,577267.9,1120600000.0,2547720000.0,8557380000.0,12226300000.0,1991630000.0,4997470000.0,7681240000.0,4107650000.0,4145040000.0,4545030000.0,6127000000.0,-54198.4,710534505.5,2736840000.0,8660330000.0,12107700000.0,1718770000.0,6709900000.0,7259090000.0,2604520000.0,2108260000.0,4848570000.0,7784370000.0,-1155652.6,14694700000.0,45097600000.0,60157400000.0,119948000000.0,18481600000.0,63351200000.0,64542300000.0,34144900000.0,26713200000.0,55406200000.0,67321900000.0,184.5,104387.1,734549.2,1452957.1,2292077.9,365393.0,1229799.1,1356462.9,604937.1,407920.9,935615.0,1321747.7
22.year_inc#c.ivparm2,-0.00352,-76918.0,-754571.1,-2432376.6,-3263865.7,-440569.2,-1746202.8,-1790980.9,-535209.9,-271971.3,-483863.6,-1472884.8,-2288086.7,-1.51e-11,0.00532,0.0169,0.0537,0.0119,0.0161,0.00979,0.0125,0.0173,0.0187,0.0215,0.0111,0.00943,-0.000719,180989.6,570584.5,1065072.2,1816646.2,298353.1,869408.1,1016080.9,562534.3,307857.8,447005.7,800565.3,955758.8,0,0.0485,0.107,0.166,0.0556,0.0629,0.0554,0.0566,0.0673,0.0689,0.0644,0.0544,0.0517,0,1616514.4,3853531.5,3560136.3,9030182.3,1275492.5,5186533.6,4875268.9,2408805.4,1248360.8,1463024.7,4154913.4,5345884.4,2.2000000000000002e-08,4358.8,25857.2,302435.2,332651.3,37598.3,207404.6,204867.7,37852.6,21606.0,37487.9,127783.6,257200.5,2.59e-11,0.000866,0.0045899999999999995,0.016,0.0121,0.0016300000000000002,0.0189,0.00886,-0.00442,-0.00958,-0.00246,0.0143,0.0177,0.00023999999999999998,131650691.0,887355724.6,1939430000.0,4602540000.0,586362523.4,1432560000.0,1780350000.0,890547635.4,424077812.2,826752887.9,1178080000.0,1481520000.0,90945.2,5240490000.0,14893200000.0,34020600000.0,54154400000.0,9260810000.0,27650900000.0,30229900000.0,14475200000.0,11893700000.0,23924400000.0,30418400000.0,0.000893,2785080000.0,8875820000.0,16135100000.0,27796000000.0,5517470000.0,13128700000.0,15314400000.0,7933860000.0,6643800000.0,12481600000.0,14344700000.0,1705114.2,1157050000.0,2040230000.0,6570160000.0,9769140000.0,1847350000.0,4337630000.0,6549040000.0,2532990000.0,2790190000.0,3220100000.0,5388800000.0,-64035.4,843441141.2,2190900000.0,8072990000.0,11107300000.0,1546640000.0,6423700000.0,6480590000.0,2477050000.0,1910600000.0,4626670000.0,7083570000.0,845776.6,14517400000.0,40898800000.0,60880200000.0,116297000000.0,17286500000.0,53455200000.0,62599800000.0,39449100000.0,29888700000.0,53697500000.0,59561700000.0,292.2,144312.7,607676.7,1503179.1,2255460.8,320667.5,1259880.3,1339586.9,660271.4,405036.3,915873.9,1274521.9
24.year_inc#c.ivparm2,-0.00339,-71405.7,-759637.8,-2614877.9,-3445921.4,-470807.2,-1855042.2,-1908164.6,-592789.9,-309740.3,-519650.0,-1537756.7,-2382324.3,-2.0299999999999996e-12,0.00457,0.0195,0.0539,0.0121,0.0167,0.0103,0.0128,0.0172,0.0171,0.0205,0.0113,0.00965,-0.000133,162351.0,627770.7,1085415.4,1875537.2,314202.4,919470.4,1048941.4,586538.4,298126.4,445845.1,826595.8,974796.4,0,0.048,0.109,0.16399999999999998,0.0548,0.0607,0.0534,0.0569,0.0679,0.0716,0.0676,0.0525,0.0508,0,1693565.1,3779058.9,3595733.8,9068357.8,1268258.3,5046077.5,4962479.8,2562359.3,1355719.9,1600614.9,4105878.0,5237740.3,3.94e-08,4931.5,34366.6,305181.0,344479.1,57548.2,237207.0,197350.6,51632.3,36685.3,26369.7,147128.6,235298.7,1.94e-12,0.000667,0.00942,0.0109,0.00926,0.0106,0.019,0.000925,0.00224,0.004,-0.00743,0.0185,0.00439,-0.106,157205028.9,753086040.1,1917470000.0,5564520000.0,508049032.4,1522320000.0,1627880000.0,936054987.6,522855806.1,708498138.4,1199880000.0,1383660000.0,76127.9,4489860000.0,16405000000.0,35383500000.0,56278500000.0,10580500000.0,30265800000.0,31622800000.0,14970600000.0,11666400000.0,24655700000.0,30727400000.0,14262.0,2108070000.0,9437790000.0,17252000000.0,28797900000.0,5993900000.0,14522700000.0,16309200000.0,8017770000.0,6496210000.0,12488600000.0,14786200000.0,-464356.0,1234030000.0,3036920000.0,7983010000.0,12253500000.0,2898120000.0,6509390000.0,7851180000.0,3820790000.0,3404490000.0,4402310000.0,5534590000.0,-38364.4,774327680.5,2625240000.0,8153750000.0,11553300000.0,1920850000.0,7042430000.0,6699030000.0,2661200000.0,1805020000.0,4854250000.0,6971220000.0,241932.1,15249700000.0,44812500000.0,61441600000.0,121504000000.0,19413300000.0,57815700000.0,64721100000.0,39030600000.0,29498900000.0,56783000000.0,63060200000.0,-4.32e-07,141531.3,645118.0,1592826.2,2379475.5,354456.4,1302666.2,1372096.8,728684.8,501108.8,1007378.7,1296334.2
26.year_inc#c.ivparm2,-0.0028899999999999998,-70477.5,-709701.3,-2745019.7,-3525198.5,-497379.3,-1921922.5,-1951493.2,-629823.9,-326943.4,-524983.3,-1573705.4,-2397995.4,-1.2900000000000002e-11,0.00626,0.0182,0.0513,0.0118,0.0163,0.009859999999999999,0.0119,0.0175,0.0159,0.024,0.0117,0.009040000000000001,-0.000637,236718.0,576372.0,1038185.5,1851275.6,313581.6,881267.9,987131.6,625130.8,293818.1,539152.2,864144.0,912563.2,0,0.0459,0.115,0.168,0.0551,0.0596,0.053,0.0587,0.0675,0.0748,0.0605,0.0511,0.0514,0,1732113.6,3838961.8,3693578.0,9264653.4,1280564.2,5045590.0,5176717.6,2685426.4,1476784.5,1528889.8,4087935.8,5298662.8,1.91e-08,2017.1,27812.0,308713.4,338542.5,47227.1,247785.4,207172.0,26603.9,20519.7,10308.0,131370.6,264711.6,7.860000000000001e-12,0.00161,0.0054,0.00915,0.00469,-0.000215,0.0134,0.00419,-0.0117,-0.007690000000000001,-0.0209,0.00487,0.00688,-1795429.8,163284050.4,1129130000.0,1679030000.0,6610670000.0,490766026.1,1525440000.0,1594510000.0,1230140000.0,649739282.7,898752555.5,1375140000.0,1248750000.0,-123393.6,6480350000.0,15576700000.0,34392200000.0,56449100000.0,9884510000.0,29376100000.0,30016800000.0,15992900000.0,14080600000.0,26432300000.0,30571800000.0,112522.1,3341800000.0,9150700000.0,16433900000.0,28926600000.0,5526200000.0,13641000000.0,14956800000.0,9493630000.0,8866990000.0,13969800000.0,13906700000.0,971045.7,1198740000.0,2239540000.0,8240490000.0,11679700000.0,2049600000.0,6285990000.0,6900620000.0,3101220000.0,2598940000.0,4779130000.0,6528910000.0,-62465.2,1083320000.0,2340430000.0,8133290000.0,11557000000.0,1754490000.0,7108840000.0,6549080000.0,2438760000.0,1829900000.0,5007900000.0,7363730000.0,1160484.5,20060000000.0,38961100000.0,60257800000.0,119280000000.0,21924300000.0,55769300000.0,62087800000.0,39864800000.0,34452600000.0,57192300000.0,57491000000.0,446.5,192907.7,709825.2,1425021.0,2328200.4,368761.4,1257640.7,1344159.4,761409.9,658490.6,984041.1,1198029.2
c.ivparm1#c.ivparm2,-8.65e-06,2.6300000000000002e-05,2.1899999999999997e-05,-4.96e-05,1.1599999999999999e-05,-5.23e-06,1.4999999999999999e-05,-2.2800000000000002e-05,-1.3500000000000001e-05,-4.45e-05,-2.99e-05,1.7899999999999998e-05,2.94e-06,-1.77e-14,1.35e-13,3.01e-13,8.89e-13,1.24e-13,2.01e-13,4.24e-14,1.7199999999999997e-13,8.67e-14,1.7100000000000003e-13,3.7799999999999995e-13,1.49e-13,8.89e-14,-2.8e-07,5.21e-06,5.08e-06,-1.75e-06,9.88e-06,1.73e-06,6.55e-06,7e-06,-1.3800000000000002e-07,7.67e-07,5.45e-06,5.18e-06,1.15e-05,0,3.96e-14,5.9e-14,1.28e-14,1.93e-13,3.63e-13,1.5699999999999999e-13,2.81e-13,2.81e-13,3.18e-13,2.5400000000000003e-13,1.45e-13,2.2e-13,0,7.37e-06,1.04e-05,1.31e-05,1.75e-05,2.62e-06,2.01e-06,1.55e-05,1.03e-06,3.09e-06,4.96e-06,1.39e-05,1.87e-05,2.81e-08,7.36e-08,2.87e-07,-2.54e-06,8.709999999999999e-07,-1.44e-07,-1.09e-06,1.71e-07,-6.16e-07,-5.97e-09,-2.9899999999999996e-07,5.9299999999999995e-08,-1.8800000000000002e-07,-1.3e-14,0.0029,0.00396,0.0074,0.00601,0.0023899999999999998,0.0105,0.00718,0.00252,0.00305,0.00305,0.0043,0.00998,0.0002,0.0044,0.00318,-0.007909999999999999,-0.096,7.390000000000001e-05,0.0036299999999999995,-0.00187,0.00224,-0.0015,0.00446,0.00648,0.0029100000000000003,-0.00579,0.115,0.14800000000000002,-0.248,0.276,0.0403,0.0699,0.149,0.0157,0.106,0.191,0.374,0.000964,0.0606,0.13699999999999998,0.0233,0.28600000000000003,0.0299,0.005529999999999999,0.0841,-0.0345,0.0623,0.0572,0.203,0.00139,0.022,0.0134,-0.00302,0.0936,-0.00314,0.00895,0.0556,-0.0193,0.0276,-0.00837,0.0393,-0.000193,0.0257,0.0277,0.005220000000000001,0.0459,-0.00040599999999999995,0.0103,0.0417,0.00695,0.008190000000000001,0.0116,0.0311,-0.0475,0.363,0.655,0.39399999999999996,1.192,0.092,0.585,0.589,0.26899999999999996,0.237,0.745,1.337,-5.49e-07,3e-06,8.16e-06,1.96e-06,1.63e-05,3.83e-06,-1.6e-06,5.26e-06,2.07e-06,5.06e-06,3.56e-06,4.46e-06
2.year_inc#c.ivparm1#c.ivparm2,0.0,0.0,0.0,0.0,0.0,0.0,0.0,0.0,0.0,0.0,0.0,0.0,0.0,0.0,0.0,0.0,0.0,0.0,0.0,0.0,0.0,0.0,0.0,0.0,0.0,0.0,0.0,0.0,0.0,0.0,0.0,0.0,0.0,0.0,0.0,0.0,0.0,0.0,0.0,0,0.0,0.0,0.0,0.0,0.0,0.0,0.0,0.0,0.0,0.0,0.0,0.0,0,0.0,0.0,0.0,0.0,0.0,0.0,0.0,0.0,0.0,0.0,0.0,0.0,0.0,0.0,0.0,0.0,0.0,0.0,0.0,0.0,0.0,0.0,0.0,0.0,0.0,0.0,0.0,0.0,0.0,0.0,0.0,0.0,0.0,0.0,0.0,0.0,0.0,0.0,0.0,0.0,0.0,0.0,0.0,0.0,0.0,0.0,0.0,0.0,0.0,0.0,0.0,0.0,0.0,0.0,0.0,0.0,0.0,0.0,0.0,0.0,0.0,0.0,0.0,0.0,0.0,0.0,0.0,0.0,0.0,0.0,0.0,0.0,0.0,0.0,0.0,0.0,0.0,0.0,0.0,0.0,0.0,0.0,0.0,0.0,0.0,0.0,0.0,0.0,0.0,0.0,0.0,0.0,0.0,0.0,0.0,0.0,0.0,0.0,0.0,0.0,0.0,0.0,0.0,0.0,0.0,0.0,0.0,0.0,0.0,0.0,0.0,0.0,0.0,0.0,0.0,0.0,0.0,0.0,0.0,0.0,0.0,0.0,0.0
4.year_inc#c.ivparm1#c.ivparm2,1.15e-05,-2.9100000000000003e-05,-2.6300000000000002e-05,4.88e-05,-8.58e-06,6.5e-06,-2.35e-05,2.18e-05,1.12e-05,5.12e-05,3.12e-05,-2.08e-05,-4.2e-06,1.77e-14,0.0046700000000000005,0.0175,0.0439,0.00799,0.0103,0.00572,0.00821,0.00778,0.00881,0.0142,0.00774,0.007690000000000001,1.99e-07,180508.1,425390.0,418923.7,1024821.8,143890.9,432109.7,560683.2,136317.1,80301.4,206595.4,464138.6,744613.9,0,-0.0046700000000000005,-0.0175,-0.0439,-0.00799,-0.0103,-0.00572,-0.00821,-0.00778,-0.00881,-0.0142,-0.00774,-0.007690000000000001,0,-180508.1,-425390.0,-418923.7,-1024821.8,-143890.9,-432109.7,-560683.2,-136317.1,-80301.4,-206595.4,-464138.6,-744613.9,-2.84e-08,241.5,6836.1,48521.9,55599.5,3476.7,24857.3,45740.5,2352.1,1082.4,6966.8,9859.0,49770.8,1.53e-14,0.0023,-0.00527,-0.0012,-0.0033,-0.00231,-0.00365,-0.00109,-0.0016300000000000002,-0.00237,-0.0021,-0.00554,-0.00282,-0.000307,119339761.3,440445738.3,597306353.9,0.0932,147630943.7,495432018.9,666594808.8,156457353.2,90849540.3,246139969.9,490497044.8,853003556.7,0.00463,4875930000.0,10454900000.0,11430600000.0,26761400000.0,3994730000.0,11063500000.0,14908300000.0,3246950000.0,5312380000.0,11853100000.0,19519700000.0,-0.000726,2665220000.0,6420910000.0,6504940000.0,15591100000.0,2573220000.0,6207210000.0,8372820000.0,1961100000.0,3305030000.0,7218260000.0,11056800000.0,-0.00148,567792685.0,820613631.2,1521920000.0,2910320000.0,665762836.3,1076870000.0,2134440000.0,443363071.3,933764549.5,775884422.8,1801200000.0,0.00021400000000000002,880012216.9,1734490000.0,2375810000.0,4990310000.0,625082110.2,2213380000.0,2984350000.0,526113409.8,846830394.8,2005960000.0,3839120000.0,0.048,16375700000.0,34994500000.0,30363400000.0,81733600000.0,11821600000.0,36378400000.0,42786800000.0,11275100000.0,15031300000.0,38946800000.0,58636900000.0,5.72e-07,96297.3,370159.3,547099.8,1013556.5,113856.6,436110.6,623350.1,143423.5,214802.6,390206.4,756276.4
6.year_inc#c.ivparm1#c.ivparm2,1.11e-05,-0.33399999999999996,-0.431,-0.0499,-0.8140000000000001,-0.0882,-0.188,-0.657,-0.462,-0.46,-0.312,-0.157,-0.264,2.05e-14,0.00898,0.0288,0.0791,0.0145,0.0199,0.0105,0.0146,0.0158,0.0176,0.0265,0.0142,0.0134,3.89e-07,350396.7,752443.3,775563.6,1878403.6,281902.4,805688.0,1013815.4,294155.4,170586.9,393258.4,864588.2,1302345.7,0,-0.0084,-0.027,-0.0758,-0.0138,-0.0189,-0.00969,-0.014,-0.0157,-0.0174,-0.0267,-0.0135,-0.0127,0,-328718.4,-712695.4,-762243.6,-1803657.4,-269694.4,-748353.3,-978109.4,-294108.6,-169031.8,-400350.6,-825547.9,-1239854.3,-2.73e-08,12.43,13586.7,102649.1,116248.2,8438.3,57936.5,74895.3,6591.8,5042.3,11454.0,41352.8,101218.0,1.17e-14,-0.00576,-0.00601,-0.00937,-0.0112,-0.00713,-0.0126,-0.0109,-0.00367,-0.0028399999999999996,-0.00924,-0.0103,-0.0144,-2.4e-05,349212935.4,936689972.4,1001690000.0,211671158.4,265559139.3,1028840000.0,1301000000.0,503349829.5,264397405.4,514884789.6,986595651.9,1518680000.0,51938.9,9504450000.0,18082000000.0,21140500000.0,48727000000.0,7548050000.0,20792100000.0,26222800000.0,6990750000.0,9830470000.0,22504200000.0,34188200000.0,-0.0009699999999999999,5283730000.0,10731100000.0,11806100000.0,27820900000.0,4649680000.0,11486600000.0,14766000000.0,3916370000.0,5762390000.0,13054900000.0,19254900000.0,-0.0013599999999999999,1227510000.0,1604380000.0,2952890000.0,5784790000.0,1178400000.0,1978470000.0,3584820000.0,1167320000.0,1768440000.0,2199970000.0,3439070000.0,-26725.8,1633550000.0,3000020000.0,4410420000.0,9043960000.0,1218470000.0,4156330000.0,5111800000.0,1214310000.0,1617950000.0,3932160000.0,6611180000.0,0.0576,30156800000.0,60089600000.0,55690200000.0,145937000000.0,21762400000.0,65253900000.0,74656100000.0,22180900000.0,27324300000.0,71280500000.0,101993000000.0,7.11e-07,281152.2,706792.8,955050.0,1942995.0,228239.7,807316.6,1194689.5,326599.4,414190.1,748305.5,1388155.8
8.year_inc#c.ivparm1#c.ivparm2,-2.47e-05,-135.1,-15961.6,-31863.7,-47960.4,-5359.2,-20612.9,-24990.7,-1330.4,-512.6,-4452.6,-22969.6,-41270.8,2.88e-14,0.0109,0.0367,0.1,0.0186,0.0265,0.014,0.0191,0.0216,0.024,0.0327,0.018,0.0168,3.95e-07,417960.0,999830.7,1035021.6,2452812.3,385154.6,1095045.3,1344376.7,428736.4,246462.8,495300.7,1108435.7,1638921.4,0,-0.00932,-0.0324,-0.0924,-0.0171,-0.0255,-0.0126,-0.0181,-0.0207,-0.0234,-0.0323,-0.016,-0.0152,0,-360038.3,-902968.1,-1025412.7,-2288419.2,-376437.5,-997760.0,-1290400.9,-414441.3,-242404.1,-498364.8,-998018.3,-1497540.3,-2.65e-08,7161.9,42673.1,176290.3,226125.3,18650.7,121798.7,148850.3,9203.3,3649.2,22569.1,77275.1,198271.4,1.35e-14,0.00117,0.00227,-0.007359999999999999,-0.00898,-0.00565,-0.0115,-0.00727,-0.00772,-0.0095,-0.00777,-0.009890000000000001,-0.0103,-0.000151,390907680.1,1301520000.0,1478580000.0,619324252.8,449231241.3,1407570000.0,1638830000.0,705272133.2,399225894.8,730527712.7,1532180000.0,2016510000.0,0.007359999999999999,11479600000.0,25018900000.0,29534200000.0,66032700000.0,10492100000.0,29542900000.0,36090000000.0,10656000000.0,12860900000.0,29942600000.0,44884600000.0,-0.00123,6311270000.0,14312300000.0,15749600000.0,36373200000.0,6340000000.0,15635700000.0,19598200000.0,6361000000.0,7497530000.0,16774900000.0,23672200000.0,-0.0009570000000000001,1792430000.0,2885790000.0,4727680000.0,9405890000.0,1674260000.0,3626390000.0,5969050000.0,2066570000.0,2867430000.0,3436840000.0,5665060000.0,0.000177,1912890000.0,4273170000.0,6496960000.0,12683000000.0,1691380000.0,6228110000.0,7289760000.0,1634870000.0,2003120000.0,5393260000.0,9356760000.0,0.0515,36463500000.0,77137300000.0,70910100000.0,184511000000.0,29149500000.0,85212500000.0,97829400000.0,32684700000.0,34846700000.0,86681500000.0,122677000000.0,6.92e-07,291668.8,908865.8,1310904.0,2511438.6,333718.6,1182664.2,1494621.0,407628.8,489253.6,1016817.6,1770091.2
10.year_inc#c.ivparm1#c.ivparm2,-1.86e-05,-2937.5,-41307.7,-66682.2,-110927.5,-16980.9,-46363.2,-62524.2,-18837.4,-14024.2,-25840.4,-48403.3,-75109.2,2.92e-14,0.0121,0.0409,0.106,0.0209,0.0303,0.0155,0.0219,0.0251,0.0262,0.0376,0.0198,0.0186,3.84e-07,459212.6,1150877.0,1176278.6,2786368.2,446378.0,1227814.4,1555214.1,524775.3,282287.6,580181.6,1231154.2,1815214.9,0,-0.0104,-0.0335,-0.0945,-0.0186,-0.0287,-0.0133,-0.0199,-0.0227,-0.0243,-0.0366,-0.0171,-0.0162,0,-394855.7,-975385.2,-1165757.1,-2535998.1,-434280.5,-1071216.8,-1448395.2,-485102.6,-267345.4,-583391.6,-1087602.9,-1616615.0,-2.8599999999999998e-08,6809.7,42971.8,199263.2,249044.7,33979.2,130998.5,158959.0,11584.0,8677.6,25036.3,90085.7,203481.6,1.54e-14,-0.00303,-0.00892,-0.0127,-0.0157,-0.00275,-0.0181,-0.0184,-0.0103,-0.00545,-0.0109,-0.0116,-0.0217,-0.000139,384026149.2,1116370000.0,1785680000.0,1274590000.0,548705654.2,1590190000.0,1918570000.0,628835476.1,440229193.4,746274729.7,1367500000.0,2108540000.0,42996.0,12347500000.0,28744700000.0,33553700000.0,74645900000.0,12717600000.0,33279500000.0,41478300000.0,12579700000.0,15015700000.0,33167600000.0,49348600000.0,-0.00103,6563800000.0,16693500000.0,17929400000.0,41186700000.0,7598230000.0,17729100000.0,22220200000.0,7123420000.0,8894510000.0,18966400000.0,26465000000.0,-0.0013,1995010000.0,3250250000.0,5702680000.0,10947900000.0,2610610000.0,3956140000.0,6822360000.0,2170490000.0,3241820000.0,4125580000.0,6166850000.0,-22124.1,2170850000.0,4767900000.0,7270390000.0,14209100000.0,2095120000.0,6877570000.0,8451760000.0,2082670000.0,2319030000.0,5757350000.0,10031300000.0,0.0617,40921800000.0,87388900000.0,78786400000.0,207097000000.0,32269900000.0,94596600000.0,111508000000.0,39172300000.0,39868700000.0,95589300000.0,135655000000.0,6.34e-07,295504.0,1002560.4,1480357.8,2778422.2,397754.5,1328854.4,1669758.6,485738.9,476215.5,1108663.5,1894928.8
12.year_inc#c.ivparm1#c.ivparm2,-4.0600000000000004e-05,-1059.5,-69709.3,-144491.7,-215260.5,-26322.2,-91200.1,-119332.9,-29853.8,-18116.7,-37985.7,-95927.6,-159084.4,3.67e-14,0.0131,0.0434,0.11199999999999999,0.0227,0.0327,0.0189,0.0234,0.0277,0.0307,0.0373,0.0218,0.02,3.09e-07,491567.1,1260005.1,1305781.1,3057353.2,488880.9,1515367.6,1683517.1,609942.1,346387.7,586259.7,1373836.2,1958530.3,0,-0.0109,-0.036,-0.10099999999999999,-0.0206,-0.0307,-0.0171,-0.0212,-0.0247,-0.0278,-0.0339,-0.02,-0.0182,0,-409637.3,-1090438.2,-1362696.4,-2862771.9,-477179.6,-1400533.7,-1571666.9,-557118.9,-322523.6,-557814.3,-1291104.9,-1828473.4,-3.23e-08,8139.6,48381.3,245080.5,301601.3,37051.2,149753.2,194080.1,15971.4,11189.3,35995.7,107521.2,248578.6,1.26e-14,0.000244,-0.00513,-0.00843,-0.0135,-0.00542,-0.0189,-0.0164,-0.009309999999999999,-0.00817,-0.0069099999999999995,-0.00913,-0.0163,-0.00016299999999999998,442582355.8,1792600000.0,1939490000.0,2097510000.0,708899220.3,2064950000.0,2498780000.0,1045770000.0,706653301.6,991631744.0,1675890000.0,2420010000.0,0.00671,13202000000.0,31656700000.0,37361800000.0,82220600000.0,14208200000.0,40107500000.0,45655700000.0,14727200000.0,15598500000.0,36564800000.0,53285200000.0,-0.000997,7199430000.0,18358000000.0,18778400000.0,44335800000.0,8574850000.0,20928900000.0,24364100000.0,8507840000.0,8966410000.0,19971700000.0,27253100000.0,-0.00168,2217170000.0,3276380000.0,6531690000.0,12025200000.0,2792430000.0,4132980000.0,7950650000.0,2678090000.0,4158290000.0,4074590000.0,6554720000.0,0.000308,2226730000.0,5312710000.0,8590970000.0,16130400000.0,2271820000.0,8475730000.0,9369480000.0,2392580000.0,2498780000.0,6760930000.0,11466000000.0,0.0602,42865200000.0,97149300000.0,87637600000.0,227652000000.0,36187600000.0,116125000000.0,117943000000.0,44295100000.0,41010000000.0,109709000000.0,147169000000.0,6.429999999999999e-07,354700.1,1165691.4,1682182.6,3202574.1,425181.0,1646154.2,1939594.7,585565.2,520074.0,1262979.4,2191827.8
14.year_inc#c.ivparm1#c.ivparm2,-6.29e-05,-4622.1,-99978.3,-208746.7,-313347.0,-52084.7,-129459.9,-177888.4,-44497.7,-24255.2,-61786.2,-135458.6,-216764.6,3.92e-14,0.012,0.0464,0.114,0.0237,0.0323,0.0199,0.0252,0.0277,0.0297,0.0353,0.022,0.0214,3.07e-07,440485.2,1364088.1,1415146.7,3219720.0,488357.5,1609676.4,1824608.9,638008.8,350527.9,566080.0,1395111.1,2093353.7,0,-0.00937,-0.0397,-0.102,-0.0219,-0.031,-0.0175,-0.0234,-0.0254,-0.0279,-0.0342,-0.0201,-0.0196,0,-344963.2,-1225565.2,-1514469.4,-3084997.8,-495394.2,-1455852.1,-1760761.8,-604920.5,-340859.1,-581776.9,-1324236.0,-1984683.0,-2.97e-08,3058.1,56462.6,262599.0,322119.7,36151.7,185129.5,218030.6,19756.1,15539.4,20602.7,104089.1,266211.8,1.46e-14,-0.00283,-0.008579999999999999,-0.00912,-0.014,-0.00548,-0.0159,-0.0141,-0.0087,-0.0044399999999999995,-0.0113,-0.0137,-0.0187,-0.00023500000000000002,410258913.6,1624030000.0,2154040000.0,2780410000.0,608890044.9,2318490000.0,2596680000.0,916844608.9,536073102.5,698390370.2,1591650000.0,2662590000.0,23419.6,12004400000.0,34170800000.0,41559500000.0,87734600000.0,13526700000.0,44803200000.0,49841600000.0,15643200000.0,13801200000.0,37893000000.0,58564700000.0,-0.00106,6419160000.0,19679500000.0,21452100000.0,47550800000.0,8109860000.0,23663900000.0,26286100000.0,8738190000.0,7815070000.0,21264700000.0,30702700000.0,-2859258.1,2228070000.0,3839840000.0,7242330000.0,13307400000.0,2196330000.0,5482720000.0,8657330000.0,3358850000.0,3542300000.0,4650060000.0,7752210000.0,-12050.8,2035970000.0,5694810000.0,9340080000.0,17070800000.0,2199640000.0,9427010000.0,10400600000.0,2538780000.0,2114110000.0,6670250000.0,12332400000.0,0.0557,37269000000.0,105079000000.0,91209200000.0,233557000000.0,35091100000.0,119785000000.0,127173000000.0,46276000000.0,40178300000.0,106385000000.0,152190000000.0,5.86e-07,328112.3,1333289.5,1936650.5,3598052.3,457158.8,1932431.2,2235568.3,657700.8,580909.1,1362484.0,2483192.7
16.year_inc#c.ivparm1#c.ivparm2,-0.000683,-2167.2,-107237.1,-265347.0,-374751.3,-66729.9,-193286.2,-225032.0,-45131.1,-28217.7,-56720.7,-149719.3,-262890.2,-8.15e-12,0.0123,0.0464,0.111,0.0236,0.0328,0.02,0.0247,0.025,0.0272,0.0343,0.0224,0.0218,-0.000343,442698.2,1369576.8,1433956.9,3246231.9,506071.9,1632930.8,1806397.9,601624.2,334208.2,566022.4,1439833.9,2138535.8,0,-0.0101,-0.0383,-0.0995,-0.0219,-0.0312,-0.0178,-0.0231,-0.0224,-0.0251,-0.0345,-0.0204,-0.0202,0,-363686.6,-1187315.6,-1581238.4,-3132240.6,-513687.5,-1498727.8,-1769630.6,-560273.2,-321591.4,-607163.6,-1362610.0,-2058279.9,-2.33e-08,6382.4,60846.7,271835.3,339064.5,36151.1,229177.9,224281.1,22645.7,12798.3,7369.5,114783.4,280267.6,2.17e-11,-0.0016,-0.00302,-0.0107,-0.0137,-0.00911,-0.007,-0.0151,-0.00921,-0.0101,-0.0177,-0.01,-0.018,-98273.1,401328559.7,1737510000.0,2333420000.0,3708180000.0,595542944.8,2458500000.0,2490150000.0,891019358.6,483518775.9,748636934.4,1982020000.0,2985610000.0,136416.0,12037300000.0,34284000000.0,42019500000.0,88341000000.0,14222200000.0,46961400000.0,49790700000.0,13704700000.0,12922400000.0,38550300000.0,60414100000.0,318555.3,6617970000.0,19706300000.0,21195500000.0,47520100000.0,8412440000.0,24182300000.0,25775700000.0,7408870000.0,7492890000.0,21744300000.0,31698800000.0,-833884.7,1928390000.0,4411560000.0,5725160000.0,12064300000.0,2079160000.0,5528490000.0,8329610000.0,3421720000.0,3133490000.0,3734670000.0,6563390000.0,-72538.4,2029210000.0,5618010000.0,9546670000.0,17193800000.0,2311670000.0,10083100000.0,10435400000.0,2244840000.0,1820700000.0,6758420000.0,12637300000.0,543162.5,38245700000.0,105525000000.0,90297800000.0,234069000000.0,38264100000.0,118181000000.0,126508000000.0,44500700000.0,41405800000.0,107561000000.0,151304000000.0,-0.000683,362754.4,1300673.8,1822813.2,3486241.4,468265.8,1880756.2,2129665.5,577453.8,481801.6,1356575.9,2440521.9
18.year_inc#c.ivparm1#c.ivparm2,-0.0016699999999999998,-5866.2,-100428.7,-316010.1,-422305.1,-66541.5,-224993.9,-243445.7,-52650.5,-30249.5,-56373.5,-178859.4,-303113.1,-3.5700000000000003e-11,0.0128,0.0518,0.12,0.0257,0.035,0.0219,0.027,0.0299,0.0335,0.04,0.0242,0.0231,-0.0015300000000000001,457768.3,1510422.7,1621124.6,3589315.5,556994.7,1803353.3,2005833.2,758823.5,433331.6,688459.4,1583482.3,2273497.3,0,-0.0104,-0.0445,-0.109,-0.0244,-0.034,-0.0204,-0.0254,-0.0285,-0.0321,-0.039,-0.0232,-0.0217,0,-370528.6,-1361006.2,-1819553.2,-3551088.0,-574897.3,-1742012.9,-1973670.4,-751877.1,-431172.2,-710665.5,-1577417.6,-2224313.7,-3.5699999999999995e-08,4785.0,63500.1,278130.8,346416.0,40959.5,237838.1,225452.3,4693.7,7362.9,-3591.1,120963.7,300762.8,7.890000000000001e-11,-0.00122,-0.0113,-0.0224,-0.0218,-0.0139,-0.0223,-0.0217,-0.021,-0.0176,-0.0246,-0.021,-0.0246,-264148.4,403979444.6,1979020000.0,2357030000.0,4687930000.0,692894231.8,2674940000.0,2487150000.0,1061900000.0,526316385.5,807718088.9,2252600000.0,2984960000.0,136517.8,12226300000.0,37999200000.0,47153000000.0,97378600000.0,15802500000.0,50841200000.0,55387000000.0,17679800000.0,16718500000.0,41991600000.0,63896200000.0,318955.9,6562520000.0,22081400000.0,24088800000.0,52733100000.0,9678550000.0,25885400000.0,29140500000.0,10500100000.0,10339600000.0,23592500000.0,32554400000.0,-0.00155,2428330000.0,4505500000.0,7446660000.0,14380500000.0,2421740000.0,6453960000.0,10121400000.0,3413290000.0,3776330000.0,4259110000.0,8545470000.0,-72634.7,2105250000.0,6348140000.0,10571800000.0,19025100000.0,2482700000.0,11074900000.0,11455600000.0,2704470000.0,2260960000.0,7569510000.0,13837900000.0,1631532.4,39660400000.0,117400000000.0,102900000000.0,259962000000.0,41476000000.0,132870000000.0,139984000000.0,55628400000.0,50071700000.0,119979000000.0,162858000000.0,374.0,323720.1,1563792.0,2058459.1,3946345.2,519275.8,2068289.9,2415037.7,824110.9,726428.2,1531307.4,2602958.6
20.year_inc#c.ivparm1#c.ivparm2,2.9100000000000003e-05,115.1,-123669.0,-330937.1,-454491.0,-77934.1,-239493.2,-278486.4,-72316.9,-45590.2,-58260.8,-176004.5,-304240.1,1.23e-14,0.0141,0.0486,0.113,0.0243,0.0327,0.0205,0.0249,0.0293,0.032,0.0393,0.0235,0.0215,2.28e-07,502181.5,1386043.3,1526566.1,3414790.9,533336.0,1696127.8,1856877.9,776799.4,429354.0,700041.0,1557913.0,2104655.4,0,-0.0121,-0.0387,-0.10099999999999999,-0.0227,-0.031,-0.0183,-0.0233,-0.0291,-0.0306,-0.0393,-0.022,-0.0195,0,-433466.7,-1169885.9,-1750630.4,-3353983.1,-541670.7,-1580942.1,-1832821.3,-805895.4,-432095.4,-742739.6,-1521161.7,-2006416.9,-2.92e-08,4645.0,70779.5,278895.0,354319.6,62956.2,237734.1,196708.8,-1101.7,-221.6,-1525.7,157610.9,292465.1,1.64e-14,-0.000614,-0.0060799999999999995,-0.023,-0.0221,-0.000675,-0.0263,-0.0278,-0.0247,-0.0219,-0.0267,-0.015,-0.0268,-0.000236,484772566.3,1838550000.0,2214490000.0,5617100000.0,802895431.4,2675470000.0,2254280000.0,1059090000.0,521506245.3,747293474.8,2283530000.0,2675830000.0,0.00564,13671800000.0,35257400000.0,44873800000.0,93803000000.0,16053900000.0,49054800000.0,50498400000.0,17644000000.0,16407600000.0,43304600000.0,60105100000.0,-0.0011099999999999999,7518550000.0,20324000000.0,22815400000.0,50658000000.0,9416060000.0,25408600000.0,26938900000.0,10012400000.0,9763560000.0,23719100000.0,31229600000.0,-0.00157,2422800000.0,4715690000.0,7748620000.0,14887100000.0,3493560000.0,6766730000.0,9476690000.0,3008250000.0,3126260000.0,5410420000.0,8385300000.0,0.00014,2254430000.0,5823600000.0,10127300000.0,18205300000.0,2692690000.0,10540700000.0,10223500000.0,2752200000.0,2285640000.0,7981810000.0,12760400000.0,0.0483,44107700000.0,107909000000.0,98898000000.0,250914000000.0,40509600000.0,121082000000.0,130705000000.0,59132800000.0,54260400000.0,120209000000.0,151272000000.0,5.45e-07,381560.4,1347839.6,1977952.0,3707352.0,490107.3,2009461.3,2213099.7,787966.2,657137.2,1494252.3,2429278.4
22.year_inc#c.ivparm1#c.ivparm2,-0.000145,-3956.9,-115887.6,-382642.4,-502486.9,-89898.8,-275403.8,-304708.4,-76392.0,-42928.1,-76805.5,-197778.5,-336196.0,5.61e-14,0.013,0.0508,0.115,0.0245,0.0334,0.0221,0.0256,0.028,0.0296,0.0353,0.0233,0.022,2.3399999999999998e-07,469289.4,1447187.7,1566631.7,3483108.8,557069.4,1841812.4,1923776.2,769849.1,413235.9,643474.9,1559332.6,2156190.3,0,-0.0113,-0.0408,-0.10300000000000001,-0.0232,-0.0332,-0.0211,-0.0244,-0.0256,-0.0272,-0.0334,-0.0217,-0.0207,0,-407627.3,-1223043.0,-1834876.7,-3465547.0,-594452.7,-1836574.4,-1943271.9,-743174.3,-400796.5,-654051.0,-1522275.1,-2127920.0,-2.8700000000000002e-08,6753.7,83072.2,328260.7,418086.6,54105.5,281066.7,276358.6,28381.9,25474.3,15836.6,141728.1,335599.2,1.51e-14,0.00028199999999999997,-0.0018100000000000002,-0.0114,-0.0144,-0.0068200000000000005,-0.0199,-0.012,-0.00551,0.00143,-0.0115,-0.0159,-0.0216,-0.00029,434050656.9,1863910000.0,2402090000.0,6440550000.0,657352136.2,2966180000.0,2419460000.0,1256400000.0,743847267.7,576600080.1,2280590000.0,2786300000.0,0.00716,12428100000.0,37327200000.0,47835600000.0,97591000000.0,16490300000.0,53495500000.0,54984800000.0,18872500000.0,16200400000.0,42606200000.0,62228100000.0,-0.0011099999999999999,6479330000.0,21265000000.0,23402900000.0,51147300000.0,9748230000.0,27756800000.0,27674000000.0,10594800000.0,9119860000.0,23473300000.0,30804200000.0,-0.0018399999999999998,2227670000.0,5123520000.0,10442000000.0,17793200000.0,3121910000.0,8819120000.0,11322400000.0,4827870000.0,4142040000.0,6470810000.0,9843390000.0,0.000151,2144590000.0,6375430000.0,11301600000.0,19821600000.0,2796340000.0,11659800000.0,11976400000.0,3086270000.0,2424330000.0,7845190000.0,13939000000.0,0.049,40717100000.0,111967000000.0,103381000000.0,256064000000.0,42362200000.0,135025000000.0,135675000000.0,54435800000.0,47838200000.0,120389000000.0,159266000000.0,5.69e-07,352963.5,1396622.7,2015730.4,3765316.7,528824.2,2096134.5,2296688.9,772466.7,620281.6,1468627.8,2464025.8
24.year_inc#c.ivparm1#c.ivparm2,7.54e-05,-2347.6,-108818.4,-383435.2,-494601.1,-94515.5,-260728.2,-281146.2,-109513.7,-56428.2,-88316.1,-213455.0,-290571.9,2.51e-15,0.0131,0.0479,0.12,0.0243,0.0309,0.0216,0.0258,0.0277,0.0318,0.0347,0.0226,0.0222,4.2e-07,482683.6,1332556.4,1665831.8,3481071.8,520038.9,1797924.6,1953187.8,792053.8,460855.4,650883.3,1527884.0,2168979.1,0,-0.0109,-0.0387,-0.10800000000000001,-0.0231,-0.0315,-0.0204,-0.0247,-0.0266,-0.0319,-0.0344,-0.0213,-0.0206,0,-402025.8,-1136992.5,-1947881.2,-3486899.5,-574205.4,-1775641.4,-1973343.6,-807601.8,-489609.5,-699693.3,-1513555.9,-2105092.3,-5.11e-08,7513.4,79776.7,335614.5,422904.5,27964.3,265488.4,288688.5,19221.0,8314.7,38557.6,134216.0,375719.2,2.12e-14,0.00175,-0.00186,-0.0126,-0.0138,-0.0188,-0.0239,-0.00863,-0.0131,-0.0155,-0.00279,-0.0198,-0.0122,-0.00027400000000000005,479284341.5,1898630000.0,2772930000.0,7188690000.0,657651760.6,2711010000.0,2804900000.0,1435330000.0,869902122.1,1003950000.0,2345950000.0,3057860000.0,66212.2,13118000000.0,33900900000.0,50708400000.0,97727300000.0,14213400000.0,51880800000.0,55713000000.0,19500600000.0,16536700000.0,42014300000.0,64013300000.0,-0.00109,7185060000.0,19074700000.0,24534600000.0,50794300000.0,8594440000.0,25931300000.0,27839700000.0,11249600000.0,9423240000.0,22954600000.0,30950300000.0,-2695671.8,2252090000.0,4759360000.0,9515170000.0,16523900000.0,2037590000.0,7018120000.0,11129900000.0,3717350000.0,4081590000.0,5394060000.0,10769000000.0,-34070.3,2183650000.0,5745760000.0,12164000000.0,20093400000.0,2298330000.0,11665600000.0,12249100000.0,3087400000.0,2588750000.0,7844290000.0,14707700000.0,0.0387,39171500000.0,104613000000.0,108650000000.0,252434000000.0,38596300000.0,130294000000.0,136549000000.0,58034200000.0,48161100000.0,115885000000.0,155804000000.0,5.7e-07,387180.7,1346474.3,2063519.2,3797174.3,461323.5,2022398.5,2394110.0,843068.2,626660.3,1403064.3,2492782.6
26.year_inc#c.ivparm1#c.ivparm2,-0.000184,-5777.7,-130913.9,-415737.5,-552429.0,-99421.8,-261149.9,-325873.3,-130875.0,-74975.2,-117467.7,-226555.8,-322132.3,6.68e-14,0.0118,0.0517,0.12300000000000001,0.0248,0.0306,0.0216,0.0265,0.0276,0.0317,0.0329,0.0229,0.0229,1.93e-07,446767.7,1415643.8,1716553.5,3578965.0,521605.9,1805169.7,2018985.1,819989.4,475989.5,628138.8,1559979.9,2237369.8,0,-0.00945,-0.0434,-0.11,-0.0238,-0.0312,-0.0203,-0.0256,-0.0265,-0.0312,-0.0322,-0.0217,-0.0216,0,-358420.0,-1256021.9,-2013897.5,-3628339.4,-577209.0,-1777456.3,-2071805.3,-840480.9,-499362.2,-677321.8,-1556534.2,-2210649.6,-2.5299999999999998e-08,5002.0,80689.9,356858.4,442550.3,45823.4,255610.8,310912.7,50715.5,23821.2,52240.3,131637.6,346011.4,9.1e-15,-0.00252,0.000217,-0.0115,-0.0128,-0.007640000000000001,-0.0257,-0.0115,0.00266,-0.0034,0.00971,-0.0146,-0.0235,-0.000356,513464168.6,1488980000.0,2888650000.0,7891960000.0,619000966.2,2580610000.0,2756550000.0,1193990000.0,718420721.1,713775749.0,2134550000.0,3078100000.0,49610.3,12065000000.0,35682100000.0,52321400000.0,100069000000.0,15161700000.0,51704300000.0,58110400000.0,20151300000.0,15710900000.0,41958200000.0,64755500000.0,-0.00121,6471820000.0,20346000000.0,25518800000.0,52336700000.0,9019490000.0,26583800000.0,28896300000.0,10700600000.0,7909410000.0,23440300000.0,32616600000.0,-0.00172,2427250000.0,5522780000.0,11382100000.0,19332200000.0,3274660000.0,7695580000.0,13288500000.0,5353680000.0,5332280000.0,6043640000.0,10703800000.0,-25527.5,2037820000.0,6048080000.0,12371600000.0,20457400000.0,2560430000.0,11248200000.0,12857100000.0,3604150000.0,2872600000.0,7600340000.0,14292800000.0,0.0416,38129700000.0,112417000000.0,109270000000.0,259818000000.0,35885600000.0,129229000000.0,139137000000.0,63452500000.0,49626900000.0,120680000000.0,160480000000.0,4.99e-07,348087.2,1243595.7,2359668.0,3951350.8,474521.5,2106943.7,2468558.0,863809.7,513959.9,1482792.8,2613019.7
_cons,41282607.6,37968576.4,22722925.5,8785428.8,126331323.0,13618617.1,73995817.9,67254210.4,16353762.5,8518843.5,14413442.7,59077112.6,96358943.4,0.0104,0.0103,0.0437,0.195,0.0294,0.0624,0.0134,0.0317,0.0465,0.053,0.0951,0.0269,0.0219,428989.6,390044.8,994063.3,1716619.3,3718528.9,849584.1,988532.3,2129846.9,759971.0,451640.9,1370486.4,1588682.0,2108973.8,0,0.0503,0.133,0.28300000000000003,0.0644,0.10099999999999999,0.0413,0.0659,0.0889,0.0947,0.145,0.0628,0.0551,0,1907729.0,3015783.3,2490177.1,8139249.7,1373625.9,3055867.3,4431231.4,1454679.3,806509.3,2085919.3,3708018.4,5310944.6,6238.2,12046.3,67723.5,500018.8,586548.9,87498.7,181380.9,414245.0,56542.5,39917.0,179511.2,172303.9,442507.6,0.0146,0.0273,0.0625,0.281,0.151,0.0998,0.16899999999999998,0.18600000000000003,0.0708,0.0845,0.127,0.10400000000000001,0.198,297613894.1,382775042.6,1339860000.0,2917260000.0,20582800000.0,1047250000.0,1353840000.0,3022630000.0,1262220000.0,848442995.5,2037570000.0,2002870000.0,2716030000.0,4338120000.0,10689900000.0,25305400000.0,53794300000.0,95525600000.0,20998100000.0,25537700000.0,57270800000.0,16383000000.0,34662300000.0,38254800000.0,58144600000.0,563242548.1,5268790000.0,14751100000.0,26514300000.0,47199400000.0,11510400000.0,11654700000.0,27681400000.0,8391630000.0,18588300000.0,19518000000.0,27297400000.0,1303070000.0,2292190000.0,4300090000.0,14524300000.0,22827700000.0,5673300000.0,4604950000.0,16286800000.0,4784050000.0,10332200000.0,6540900000.0,12370400000.0,474557378.6,1873050000.0,3972230000.0,12515000000.0,18986500000.0,3371510000.0,5836650000.0,12171100000.0,2723350000.0,6070450000.0,6815400000.0,12891700000.0,36430800000.0,29001400000.0,69736900000.0,98656700000.0,252473000000.0,58803300000.0,74661700000.0,134790000000.0,49281500000.0,86030500000.0,117683000000.0,144388000000.0,285404.9,289368.3,1009517.9,2468879.2,4148612.2,791377.6,1133366.2,2642390.0,869900.7,1509424.5,1506222.2,2487333.9
